 THIS SOFTWARE AND ANY ACCOMPANYING DOCUMENTATION
 IS RELEASED "AS IS".  THE U.S. GOVERNMENT MAKES NO
 WARRANTY OF ANY KIND, EXPRESS OR IMPLIED, CONCERNING
 THIS SOFTWARE AND ANY ACCOMPANYING DOCUMENTATION,
 INCLUDING, WITHOUT LIMITATION, ANY WARRANTIES OF
 MERCHANTABILITY OR FITNESS FOR A PARTICULAR PURPOSE.
 IN NO EVENT WILL THE U.S. GOVERNMENT BE LIABLE FOR ANY
 DAMAGES, INCLUDING LOST PROFITS, LOST SAVINGS OR OTHER
 INCIDENTAL OR CONSEQUENTIAL DAMAGES ARISING OUT OF THE 
 USE, OR INABILITY TO USE, THIS SOFTWARE OR ANY
 ACCOMPANYING DOCUMENTATION, EVEN IF INFORMED IN ADVANCE
 OF THE POSSIBILITY OF SUCH DAMAGES.
  ****************************************************
  *    USAF STABILITY AND CONTROL  DIGITAL DATCOM    *
  *    PROGRAM REV. JAN 96   DIRECT INQUIRIES TO:    *
  *    WRIGHT LABORATORY  (WL/FIGC)  ATTN: W. BLAKE  *
  *      WRIGHT PATTERSON AFB, OHIO  45433           *
  *    PHONE (513) 255-6764,   FAX (513) 258-4054    *
  ****************************************************
 Preparing to start the big loop
 At 1000
1                         CONERR - INPUT ERROR CHECKING
0 ERROR CODES - N* DENOTES THE NUMBER OF OCCURENCES OF EACH ERROR
0 A - UNKNOWN VARIABLE NAME
0 B - MISSING EQUAL SIGN FOLLOWING VARIABLE NAME
0 C - NON-ARRAY VARIABLE HAS AN ARRAY ELEMENT DESIGNATION - (N)
0 D - NON-ARRAY VARIABLE HAS MULTIPLE VALUES ASSIGNED
0 E - ASSIGNED VALUES EXCEED ARRAY DIMENSION
0 F - SYNTAX ERROR

0******************************  INPUT DATA CARDS  ******************************

 CASEID Cessna 172 - Full Aircraft M0.22                                         
 DIM M                                                                           
 DERIV RAD                                                                       
  $FLTCON                                                                        
   LOOP=3.0,                                                                     
   NMACH=1.0,                                                                    
   MACH(1)=0.22,                                                                 
   NALT=8.0,                                                                     
   ALT(1)=0.0,500.0,1000.0,1500.0,                                               
   ALT(5)=2000.0,2500.0,3000.0,3658.0,                                           
   NALPHA=15.0,                                                                  
   ALSCHD(1)=-8.0,-6.0,-4.0,-2.0,0.0,                                            
   ALSCHD(6)=2.0,4.0,6.0,8.0,10.0,                                               
   ALSCHD(11)=12.0,14.0,16.0,18.0,20.0$                                          
  $OPTINS                                                                        
   SREF=16.17,                                                                   
   CBARR=1.50,                                                                   
   BLREF=10.98$                                                                  
  $SYNTHS                                                                        
   XCG=2.11,                                                                     
   ZCG=1.26,                                                                     
   XW=1.68,                                                                      
   ZW=2.04,                                                                      
   ALIW=1.5,                                                                     
   XH=6.16,                                                                      
   ZH=1.68,                                                                      
   ALIH=0.0,                                                                     
   XV=5.88,                                                                      
   ZV=1.55,                                                                      
   SCALE=1.0,                                                                    
   VERTUP=.TRUE.$                                                                
  $BODY                                                                          
   NX=8.0,                                                                       
   ITYPE=2.0,                                                                    
   METHOD=2.0,                                                                   
   X(1)=0.10,0.30,0.77,1.22,1.68,3.40,3.91,7.41,                                 
   R(1)=0.14,0.32,0.49,0.52,0.72,0.59,0.44,0.10,                                 
   ZU(1)=1.42,1.49,1.59,1.65,2.04,1.98,1.77,1.75,                                
   ZL(1)=1.14,0.85,0.61,0.61,0.61,0.80,0.90,1.55$                                
 NACA-W-4-2412                                                                   
  $WGPLNF                                                                        
   CHRDR=1.626,                                                                  
   CHRDBP=1.626,                                                                 
   CHRDTP=1.13,                                                                  
   SSPN=5.49,                                                                    
   SSPNE=4.75,                                                                   
   SSPNOP=2.941,                                                                 
   SAVSI=0.0,                                                                    
   SAVSO=3.0,                                                                    
   CHSTAT=0.0,                                                                   
   TWISTA=-3.0,                                                                  
   DHDADI=1.7333,                                                                
   DHDADO=1.7333,                                                                
   TYPE=1.0$                                                                     
 NACA-V-4-0009                                                                   
  $VTPLNF                                                                        
   CHRDR=1.53,                                                                   
   CHRDTP=0.70,                                                                  
   SSPN=1.62,                                                                    
   SSPNE=1.42,                                                                   
   SAVSI=33.0,                                                                   
   CHSTAT=0.25,                                                                  
   TYPE=1.0$                                                                     
 NACA-H-4-0012                                                                   
  $HTPLNF                                                                        
   CHRDR=1.24,                                                                   
   CHRDTP=0.77,                                                                  
   SSPN=1.73,                                                                    
   SSPNE=1.50,                                                                   
   SAVSI=9.0,                                                                    
   CHSTAT=0.0,                                                                   
   TWISTA=0.0,                                                                   
   DHDADI=0.0,                                                                   
   TYPE=1.0$                                                                     
  $SYMFLP                                                                        
   FTYPE=1.0,                                                                    
   SPANFI=0.231,                                                                 
   SPANFO=1.727,                                                                 
   CHRDFI=0.56,                                                                  
   CHRDFO=0.27,                                                                  
   NTYPE=1.0,                                                                    
   NDELTA=9.0,                                                                   
   DELTA(1)=-26.0,-20.0,-10.0,-5.0,0.0,                                          
   DELTA(6)=7.5,15.0,22.5,28.0$                                                  
 DAMP                                                                            
 NEXT CASE                                                                       
1          THE FOLLOWING IS A LIST OF ALL INPUT CARDS FOR THIS CASE.
0
 CASEID Cessna 172 - Full Aircraft M0.22                                         
 DIM M                                                                           
 DERIV RAD                                                                       
  $FLTCON                                                                        
   LOOP=3.0,                                                                     
   NMACH=1.0,                                                                    
   MACH(1)=0.22,                                                                 
   NALT=8.0,                                                                     
   ALT(1)=0.0,500.0,1000.0,1500.0,                                               
   ALT(5)=2000.0,2500.0,3000.0,3658.0,                                           
   NALPHA=15.0,                                                                  
   ALSCHD(1)=-8.0,-6.0,-4.0,-2.0,0.0,                                            
   ALSCHD(6)=2.0,4.0,6.0,8.0,10.0,                                               
   ALSCHD(11)=12.0,14.0,16.0,18.0,20.0$                                          
  $OPTINS                                                                        
   SREF=16.17,                                                                   
   CBARR=1.50,                                                                   
   BLREF=10.98$                                                                  
  $SYNTHS                                                                        
   XCG=2.11,                                                                     
   ZCG=1.26,                                                                     
   XW=1.68,                                                                      
   ZW=2.04,                                                                      
   ALIW=1.5,                                                                     
   XH=6.16,                                                                      
   ZH=1.68,                                                                      
   ALIH=0.0,                                                                     
   XV=5.88,                                                                      
   ZV=1.55,                                                                      
   SCALE=1.0,                                                                    
   VERTUP=.TRUE.$                                                                
  $BODY                                                                          
   NX=8.0,                                                                       
   ITYPE=2.0,                                                                    
   METHOD=2.0,                                                                   
   X(1)=0.10,0.30,0.77,1.22,1.68,3.40,3.91,7.41,                                 
   R(1)=0.14,0.32,0.49,0.52,0.72,0.59,0.44,0.10,                                 
   ZU(1)=1.42,1.49,1.59,1.65,2.04,1.98,1.77,1.75,                                
   ZL(1)=1.14,0.85,0.61,0.61,0.61,0.80,0.90,1.55$                                
 NACA-W-4-2412                                                                   
  $WGPLNF                                                                        
   CHRDR=1.626,                                                                  
   CHRDBP=1.626,                                                                 
   CHRDTP=1.13,                                                                  
   SSPN=5.49,                                                                    
   SSPNE=4.75,                                                                   
   SSPNOP=2.941,                                                                 
   SAVSI=0.0,                                                                    
   SAVSO=3.0,                                                                    
   CHSTAT=0.0,                                                                   
   TWISTA=-3.0,                                                                  
   DHDADI=1.7333,                                                                
   DHDADO=1.7333,                                                                
   TYPE=1.0$                                                                     
 NACA-V-4-0009                                                                   
  $VTPLNF                                                                        
   CHRDR=1.53,                                                                   
   CHRDTP=0.70,                                                                  
   SSPN=1.62,                                                                    
   SSPNE=1.42,                                                                   
   SAVSI=33.0,                                                                   
   CHSTAT=0.25,                                                                  
   TYPE=1.0$                                                                     
 NACA-H-4-0012                                                                   
  $HTPLNF                                                                        
   CHRDR=1.24,                                                                   
   CHRDTP=0.77,                                                                  
   SSPN=1.73,                                                                    
   SSPNE=1.50,                                                                   
   SAVSI=9.0,                                                                    
   CHSTAT=0.0,                                                                   
   TWISTA=0.0,                                                                   
   DHDADI=0.0,                                                                   
   TYPE=1.0$                                                                     
  $SYMFLP                                                                        
   FTYPE=1.0,                                                                    
   SPANFI=0.231,                                                                 
   SPANFO=1.727,                                                                 
   CHRDFI=0.56,                                                                  
   CHRDFO=0.27,                                                                  
   NTYPE=1.0,                                                                    
   NDELTA=9.0,                                                                   
   DELTA(1)=-26.0,-20.0,-10.0,-5.0,0.0,                                          
   DELTA(6)=7.5,15.0,22.5,28.0$                                                  
 DAMP                                                                            
 NEXT CASE                                                                       
0 INPUT DIMENSIONS ARE IN M , SCALE FACTOR IS 1.0000

 Return to main program from M01O01
1                             AUTOMATED STABILITY AND CONTROL METHODS PER APRIL 1976 VERSION OF DATCOM   
                                                        WING SECTION DEFINITION
0                                 IDEAL ANGLE OF ATTACK =   0.25757 DEG.

                              ZERO LIFT ANGLE OF ATTACK =  -1.87967 DEG.

                                 IDEAL LIFT COEFFICIENT =   0.25602

                  ZERO LIFT PITCHING MOMENT COEFFICIENT =  -0.05087

                             MACH ZERO LIFT-CURVE-SLOPE =   0.09617 /DEG.

                                    LEADING EDGE RADIUS =   0.01587 FRACTION CHORD

                              MAXIMUM AIRFOIL THICKNESS =   0.12000 FRACTION CHORD

                                                DELTA-Y =   3.16898 PERCENT CHORD


0                         MACH= 0.2200 LIFT-CURVE-SLOPE =   0.09809 /DEG.      XAC =   0.25861
1                             AUTOMATED STABILITY AND CONTROL METHODS PER APRIL 1976 VERSION OF DATCOM   
                                                   HORIZONTAL TAIL SECTION DEFINITION
0                                 IDEAL ANGLE OF ATTACK =   0.00000 DEG.

                              ZERO LIFT ANGLE OF ATTACK =   0.00000 DEG.

                                 IDEAL LIFT COEFFICIENT =   0.00000

                  ZERO LIFT PITCHING MOMENT COEFFICIENT =   0.00000

                             MACH ZERO LIFT-CURVE-SLOPE =   0.09596 /DEG.

                                    LEADING EDGE RADIUS =   0.01587 FRACTION CHORD

                              MAXIMUM AIRFOIL THICKNESS =   0.12000 FRACTION CHORD

                                                DELTA-Y =   3.16898 PERCENT CHORD


0                         MACH= 0.2200 LIFT-CURVE-SLOPE =   0.09797 /DEG.      XAC =   0.25889
1                             AUTOMATED STABILITY AND CONTROL METHODS PER APRIL 1976 VERSION OF DATCOM   
                                                    VERTICAL TAIL SECTION DEFINITION
0                                 IDEAL ANGLE OF ATTACK =   0.00000 DEG.

                              ZERO LIFT ANGLE OF ATTACK =   0.00000 DEG.

                                 IDEAL LIFT COEFFICIENT =   0.00000

                  ZERO LIFT PITCHING MOMENT COEFFICIENT =   0.00000

                             MACH ZERO LIFT-CURVE-SLOPE =   0.09830 /DEG.

                                    LEADING EDGE RADIUS =   0.00893 FRACTION CHORD

                              MAXIMUM AIRFOIL THICKNESS =   0.09000 FRACTION CHORD

                                                DELTA-Y =   2.37673 PERCENT CHORD


0                         MACH= 0.2200 LIFT-CURVE-SLOPE =   0.10046 /DEG.      XAC =   0.25679
 Return to main program from M50O62
 Return to main program from M02O02
 Return to main program from M51O63
1                               AUTOMATED STABILITY AND CONTROL METHODS PER APRIL 1976 VERSION OF DATCOM
                                         CHARACTERISTICS AT ANGLE OF ATTACK AND IN SIDESLIP
                                        WING-BODY-VERTICAL TAIL-HORIZONTAL TAIL CONFIGURATION
                                                 Cessna 172 - Full Aircraft M0.22
 
 -----------------------  FLIGHT CONDITIONS  ------------------------           --------------  REFERENCE DIMENSIONS  ------------
  MACH    ALTITUDE   VELOCITY    PRESSURE    TEMPERATURE     REYNOLDS             REF.      REFERENCE LENGTH   MOMENT REF. CENTER
 NUMBER                                                       NUMBER              AREA       LONG.     LAT.     HORIZ      VERT
              M        M/SEC      N/ M**2       DEG K         1/ M                M**2         M         M         M         M
0 0.220       0.00      74.86   1.0133E+05     288.150     5.1017E+06            16.170      1.500    10.980     2.110     1.260
0                                                               -------------------DERIVATIVE (PER RADIAN)-------------------
0 ALPHA     CD       CL       CM       CN       CA       XCP        CLA          CMA          CYB          CNB          CLB
0
   -8.0    0.034   -0.625    0.1108  -0.624   -0.054   -0.178    5.999E+00   -7.933E-02   -2.953E-01    2.201E-02   -1.855E-01
   -6.0    0.024   -0.422    0.0952  -0.422   -0.020   -0.225    5.704E+00   -4.588E-01                             -1.918E-01
   -4.0    0.019   -0.227    0.0787  -0.228    0.003   -0.346    5.505E+00   -6.854E-01                             -1.979E-01
   -2.0    0.016   -0.038    0.0473  -0.038    0.015   -1.240    5.407E+00   -9.169E-01                             -2.035E-01
    0.0    0.017    0.151    0.0147   0.151    0.017    0.098    5.511E+00   -9.787E-01                             -2.090E-01
    2.0    0.021    0.347   -0.0210   0.348    0.009   -0.060    5.749E+00   -1.076E+00                             -2.147E-01
    4.0    0.030    0.552   -0.0604   0.553   -0.009   -0.109    5.967E+00   -1.194E+00                             -2.209E-01
    6.0    0.042    0.764   -0.1044   0.764   -0.038   -0.137    6.157E+00   -1.381E+00                             -2.274E-01
    8.0    0.059    0.982   -0.1568   0.980   -0.078   -0.160    6.305E+00   -1.608E+00                             -2.341E-01
   10.0    0.080    1.204   -0.2166   1.199   -0.130   -0.181    6.143E+00   -1.877E+00                             -2.409E-01
   12.0    0.104    1.411   -0.2879   1.401   -0.192   -0.205    5.391E+00   -2.225E+00                             -2.471E-01
   14.0    0.125    1.580   -0.3720   1.564   -0.261   -0.238    4.422E+00   -2.581E+00                             -2.518E-01
   16.0    0.145    1.719   -0.4681   1.693   -0.334   -0.277    3.479E+00   -2.927E+00                             -2.551E-01
   18.0    0.163    1.823     NA      1.784   -0.409    NA       1.699E+00      NA                                  -2.568E-01
   20.0    0.167    1.838     NA      1.784   -0.471    NA      -8.494E-01      NA                                  -2.549E-01
0                                    ALPHA     Q/QINF    EPSLON  D(EPSLON)/D(ALPHA)
0
                                     -8.0      0.917     -3.087        0.541
                                     -6.0      0.945     -2.005        0.537
                                     -4.0      0.999     -0.940        0.517
                                     -2.0      1.000      0.064        0.498
                                      0.0      1.000      1.052        0.496
                                      2.0      1.000      2.046        0.500
                                      4.0      1.000      3.053        0.502
                                      6.0      1.000      4.055        0.494
                                      8.0      1.000      5.031        0.475
                                     10.0      1.000      5.953        0.437
                                     12.0      1.000      6.780        0.370
                                     14.0      1.000      7.432        0.281
                                     16.0      1.000      7.904        0.195
                                     18.0      1.000      8.210        0.084
                                     20.0      1.000      8.241        0.015
0*** NA PRINTED WHEN METHOD NOT APPLICABLE
1                               AUTOMATED STABILITY AND CONTROL METHODS PER APRIL 1976 VERSION OF DATCOM
                                                         DYNAMIC DERIVATIVES
                                        WING-BODY-VERTICAL TAIL-HORIZONTAL TAIL CONFIGURATION
                                                 Cessna 172 - Full Aircraft M0.22
 
 -----------------------  FLIGHT CONDITIONS  ------------------------           --------------  REFERENCE DIMENSIONS  ------------
  MACH    ALTITUDE   VELOCITY    PRESSURE    TEMPERATURE     REYNOLDS             REF.      REFERENCE LENGTH   MOMENT REF. CENTER
 NUMBER                                                       NUMBER              AREA       LONG.     LAT.     HORIZ      VERT
              M        M/SEC      N/ M**2       DEG K         1/ M                M**2         M         M         M         M
0 0.220       0.00      74.86   1.0133E+05     288.150     5.1017E+06            16.170      1.500    10.980     2.110     1.260
                                                    DYNAMIC DERIVATIVES (PER RADIAN)
0           -------PITCHING-------    -----ACCELERATION------    --------------ROLLING--------------    --------YAWING--------
0   ALPHA       CLQ          CMQ           CLAD         CMAD         CLP          CYP          CNP          CNR          CLR
0
    -8.00    7.585E+00   -1.535E+01     2.802E+00   -8.317E+00   -5.273E-01   -3.881E-02    3.553E-02   -4.831E-02   -1.009E-01
    -6.00                               2.863E+00   -8.500E+00   -5.055E-01   -4.127E-02    2.377E-02   -4.718E-02   -6.454E-02
    -4.00                               2.917E+00   -8.659E+00   -4.818E-01   -4.346E-02    1.219E-02   -4.692E-02   -2.978E-02
    -2.00                               2.812E+00   -8.348E+00   -4.705E-01   -4.536E-02    7.120E-04   -4.742E-02    3.081E-03
     0.00                               2.798E+00   -8.305E+00   -4.845E-01   -4.728E-02   -1.087E-02   -4.859E-02    3.616E-02
     2.00                               2.825E+00   -8.385E+00   -5.075E-01   -4.941E-02   -2.262E-02   -5.054E-02    7.106E-02
     4.00                               2.836E+00   -8.419E+00   -5.265E-01   -5.171E-02   -3.451E-02   -5.336E-02    1.074E-01
     6.00                               2.792E+00   -8.288E+00   -5.410E-01   -5.417E-02   -4.659E-02   -5.714E-02    1.450E-01
     8.00                               2.679E+00   -7.954E+00   -5.509E-01   -5.676E-02   -5.895E-02   -6.192E-02    1.834E-01
    10.00                               2.469E+00   -7.330E+00   -5.273E-01   -5.970E-02   -7.377E-02   -6.771E-02    2.222E-01
    12.00                               2.087E+00   -6.194E+00   -4.422E-01   -6.270E-02   -9.265E-02   -7.373E-02    2.569E-01
    14.00                               1.586E+00   -4.708E+00   -3.402E-01   -6.480E-02   -1.113E-01   -7.881E-02    2.829E-01
    16.00                               1.099E+00   -3.262E+00   -2.437E-01   -6.610E-02   -1.281E-01   -8.289E-02    3.024E-01
    18.00                               4.752E-01   -1.411E+00   -5.550E-02   -6.827E-02   -1.484E-01   -8.544E-02    3.141E-01
    20.00                               8.558E-02   -2.540E-01    2.165E-01   -6.695E-02   -1.519E-01   -8.359E-02    3.057E-01
1                            AUTOMATED STABILITY AND CONTROL METHODS PER APRIL 1976 VERSION OF DATCOM
                                         CHARACTERISTICS OF HIGH LIFT AND CONTROL DEVICES
                                            TAIL PLAIN TRAILING-EDGE FLAP CONFIGURATION
                                                 Cessna 172 - Full Aircraft M0.22
 -----------------------  FLIGHT CONDITIONS  ------------------------           --------------  REFERENCE DIMENSIONS  ------------
  MACH    ALTITUDE   VELOCITY    PRESSURE    TEMPERATURE     REYNOLDS             REF.      REFERENCE LENGTH   MOMENT REF. CENTER
 NUMBER                                                       NUMBER              AREA       LONG.     LAT.     HORIZ      VERT
              M        M/SEC      N/ M**2       DEG K         1/ M                M**2         M         M         M         M
0 0.220       0.00      74.86   4.4198E+01     933.606     4.7397E+05            16.170      1.500    10.980     2.110     1.260
0            ---------INCREMENTS DUE TO DEFLECTION---------              ---DERIVATIVES (PER DEGREE)---
0     DELTA     D(CL)     D(CM)    D(CL MAX)    D(CD MIN)                (CLA)D     (CH)A       (CH)D


      -26.0    -0.152     0.3537     0.123      0.01735                  NDM      -6.523E-03  -1.421E-02
      -20.0    -0.141     0.3271     0.102      0.01074                  NDM                  -1.339E-02
      -10.0    -0.096     0.2194     0.059      0.00388                  NDM                  -1.170E-02
       -5.0    -0.048     0.1097     0.030      0.00189                  NDM                  -1.170E-02
        0.0     0.000    -0.0002     0.000      0.00000                  NDM                  -1.170E-02
        7.5     0.072    -0.1646     0.045      0.00287                  NDM                  -1.170E-02
       15.0     0.135    -0.3090     0.082      0.00701                  NDM                  -1.210E-02
       22.5     0.143    -0.3330     0.111      0.01334                  NDM                  -1.386E-02
       28.0     0.157    -0.3688     0.130      0.02010                  NDM                  -1.435E-02
0  *** NOTE * HINGE MOMENT DERIVATIVES ARE BASED ON TWICE THE AREA-MOMENT OF THE CONTROL ABOUT ITS HINGE LINE

0            --------- INDUCED DRAG COEFFICIENT INCREMENT , D(CDI) , DUE TO DEFLECTION ---------
0       DELTA = -26.0     -20.0     -10.0      -5.0       0.0       7.5      15.0      22.5      28.0
   ALPHA
0
    -8.0        1.36E-02  1.21E-02  6.73E-03  2.58E-03 -3.60E-06 -9.37E-04  1.14E-03  1.62E-03  2.58E-03
    -6.0        1.24E-02  1.10E-02  5.96E-03  2.20E-03 -2.83E-06 -3.59E-04  2.22E-03  2.77E-03  3.85E-03
    -4.0        1.12E-02  9.82E-03  5.18E-03  1.80E-03 -2.04E-06  2.31E-04  3.33E-03  3.95E-03  5.15E-03
    -2.0        9.83E-03  8.59E-03  4.34E-03  1.39E-03 -1.20E-06  8.59E-04  4.51E-03  5.20E-03  6.53E-03
     0.0        8.47E-03  7.33E-03  3.49E-03  9.61E-04 -3.52E-07  1.50E-03  5.71E-03  6.47E-03  7.93E-03
     2.0        7.13E-03  6.09E-03  2.64E-03  5.38E-04  4.94E-07  2.13E-03  6.90E-03  7.74E-03  9.33E-03
     4.0        5.81E-03  4.86E-03  1.81E-03  1.21E-04  1.33E-06  2.76E-03  8.07E-03  8.98E-03  1.07E-02
     6.0        4.47E-03  3.62E-03  9.71E-04 -2.98E-04  2.17E-06  3.39E-03  9.25E-03  1.02E-02  1.21E-02
     8.0        3.11E-03  2.35E-03  1.10E-04 -7.29E-04  3.03E-06  4.03E-03  1.05E-02  1.15E-02  1.35E-02
    10.0        1.67E-03  1.02E-03 -7.96E-04 -1.18E-03  3.93E-06  4.71E-03  1.17E-02  1.29E-02  1.50E-02
    12.0        1.00E-04 -4.37E-04 -1.78E-03 -1.67E-03  4.92E-06  5.45E-03  1.31E-02  1.44E-02  1.66E-02
    14.0       -1.70E-03 -2.11E-03 -2.92E-03 -2.24E-03  6.05E-06  6.30E-03  1.47E-02  1.60E-02  1.85E-02
    16.0       -3.74E-03 -4.00E-03 -4.20E-03 -2.88E-03  7.34E-06  7.26E-03  1.65E-02  1.80E-02  2.06E-02
    18.0       -6.00E-03 -6.10E-03 -5.62E-03 -3.60E-03  8.76E-06  8.33E-03  1.85E-02  2.01E-02  2.30E-02
    20.0       -8.63E-03 -8.54E-03 -7.28E-03 -4.42E-03  1.04E-05  9.57E-03  2.09E-02  2.26E-02  2.57E-02
0***NDM PRINTED WHEN NO DATCOM METHODS EXIST
1                               AUTOMATED STABILITY AND CONTROL METHODS PER APRIL 1976 VERSION OF DATCOM
                                         CHARACTERISTICS AT ANGLE OF ATTACK AND IN SIDESLIP
                                        WING-BODY-VERTICAL TAIL-HORIZONTAL TAIL CONFIGURATION
                                                 Cessna 172 - Full Aircraft M0.22
 
 -----------------------  FLIGHT CONDITIONS  ------------------------           --------------  REFERENCE DIMENSIONS  ------------
  MACH    ALTITUDE   VELOCITY    PRESSURE    TEMPERATURE     REYNOLDS             REF.      REFERENCE LENGTH   MOMENT REF. CENTER
 NUMBER                                                       NUMBER              AREA       LONG.     LAT.     HORIZ      VERT
              M        M/SEC      N/ M**2       DEG K         1/ M                M**2         M         M         M         M
0 0.220     500.00      74.43   9.5461E+04     284.900     4.8766E+06            16.170      1.500    10.980     2.110     1.260
0                                                               -------------------DERIVATIVE (PER RADIAN)-------------------
0 ALPHA     CD       CL       CM       CN       CA       XCP        CLA          CMA          CYB          CNB          CLB
0
   -8.0    0.034   -0.625    0.1107  -0.624   -0.054   -0.178    5.999E+00   -7.889E-02   -2.953E-01    2.219E-02   -1.855E-01
   -6.0    0.024   -0.422    0.0951  -0.422   -0.020   -0.225    5.704E+00   -4.580E-01                             -1.918E-01
   -4.0    0.019   -0.227    0.0788  -0.228    0.003   -0.346    5.504E+00   -6.845E-01                             -1.979E-01
   -2.0    0.016   -0.038    0.0473  -0.038    0.015   -1.240    5.407E+00   -9.167E-01                             -2.035E-01
    0.0    0.017    0.151    0.0148   0.151    0.017    0.098    5.511E+00   -9.788E-01                             -2.090E-01
    2.0    0.022    0.347   -0.0210   0.348    0.010   -0.060    5.749E+00   -1.076E+00                             -2.147E-01
    4.0    0.030    0.552   -0.0604   0.553   -0.009   -0.109    5.967E+00   -1.194E+00                             -2.209E-01
    6.0    0.042    0.764   -0.1043   0.764   -0.038   -0.137    6.157E+00   -1.382E+00                             -2.274E-01
    8.0    0.059    0.982   -0.1568   0.980   -0.078   -0.160    6.305E+00   -1.608E+00                             -2.341E-01
   10.0    0.080    1.204   -0.2166   1.199   -0.130   -0.181    6.143E+00   -1.877E+00                             -2.409E-01
   12.0    0.104    1.411   -0.2879   1.401   -0.192   -0.205    5.391E+00   -2.225E+00                             -2.471E-01
   14.0    0.126    1.580   -0.3719   1.564   -0.260   -0.238    4.422E+00   -2.581E+00                             -2.518E-01
   16.0    0.146    1.719   -0.4681   1.693   -0.334   -0.276    3.479E+00   -2.927E+00                             -2.551E-01
   18.0    0.163    1.823     NA      1.784   -0.409    NA       1.699E+00      NA                                  -2.568E-01
   20.0    0.168    1.838     NA      1.784   -0.471    NA      -8.494E-01      NA                                  -2.549E-01
0                                    ALPHA     Q/QINF    EPSLON  D(EPSLON)/D(ALPHA)
0
                                     -8.0      0.916     -3.087        0.541
                                     -6.0      0.945     -2.005        0.537
                                     -4.0      0.999     -0.940        0.517
                                     -2.0      1.000      0.064        0.498
                                      0.0      1.000      1.052        0.496
                                      2.0      1.000      2.046        0.500
                                      4.0      1.000      3.053        0.502
                                      6.0      1.000      4.055        0.494
                                      8.0      1.000      5.031        0.475
                                     10.0      1.000      5.953        0.437
                                     12.0      1.000      6.780        0.370
                                     14.0      1.000      7.432        0.281
                                     16.0      1.000      7.904        0.195
                                     18.0      1.000      8.210        0.084
                                     20.0      1.000      8.241        0.015
0*** NA PRINTED WHEN METHOD NOT APPLICABLE
1                               AUTOMATED STABILITY AND CONTROL METHODS PER APRIL 1976 VERSION OF DATCOM
                                                         DYNAMIC DERIVATIVES
                                        WING-BODY-VERTICAL TAIL-HORIZONTAL TAIL CONFIGURATION
                                                 Cessna 172 - Full Aircraft M0.22
 
 -----------------------  FLIGHT CONDITIONS  ------------------------           --------------  REFERENCE DIMENSIONS  ------------
  MACH    ALTITUDE   VELOCITY    PRESSURE    TEMPERATURE     REYNOLDS             REF.      REFERENCE LENGTH   MOMENT REF. CENTER
 NUMBER                                                       NUMBER              AREA       LONG.     LAT.     HORIZ      VERT
              M        M/SEC      N/ M**2       DEG K         1/ M                M**2         M         M         M         M
0 0.220     500.00      74.43   9.5461E+04     284.900     4.8766E+06            16.170      1.500    10.980     2.110     1.260
                                                    DYNAMIC DERIVATIVES (PER RADIAN)
0           -------PITCHING-------    -----ACCELERATION------    --------------ROLLING--------------    --------YAWING--------
0   ALPHA       CLQ          CMQ           CLAD         CMAD         CLP          CYP          CNP          CNR          CLR
0
    -8.00    7.583E+00   -1.535E+01     2.801E+00   -8.314E+00   -5.273E-01   -3.881E-02    3.553E-02   -4.832E-02   -1.009E-01
    -6.00                               2.862E+00   -8.497E+00   -5.055E-01   -4.127E-02    2.377E-02   -4.719E-02   -6.454E-02
    -4.00                               2.917E+00   -8.659E+00   -4.818E-01   -4.346E-02    1.219E-02   -4.693E-02   -2.978E-02
    -2.00                               2.812E+00   -8.348E+00   -4.705E-01   -4.536E-02    7.120E-04   -4.743E-02    3.081E-03
     0.00                               2.798E+00   -8.305E+00   -4.845E-01   -4.728E-02   -1.087E-02   -4.861E-02    3.616E-02
     2.00                               2.825E+00   -8.385E+00   -5.075E-01   -4.941E-02   -2.262E-02   -5.056E-02    7.106E-02
     4.00                               2.836E+00   -8.419E+00   -5.265E-01   -5.171E-02   -3.451E-02   -5.338E-02    1.074E-01
     6.00                               2.792E+00   -8.288E+00   -5.410E-01   -5.417E-02   -4.659E-02   -5.715E-02    1.450E-01
     8.00                               2.679E+00   -7.954E+00   -5.509E-01   -5.676E-02   -5.895E-02   -6.193E-02    1.834E-01
    10.00                               2.469E+00   -7.330E+00   -5.273E-01   -5.970E-02   -7.377E-02   -6.772E-02    2.222E-01
    12.00                               2.087E+00   -6.194E+00   -4.422E-01   -6.270E-02   -9.265E-02   -7.375E-02    2.569E-01
    14.00                               1.586E+00   -4.708E+00   -3.402E-01   -6.480E-02   -1.113E-01   -7.882E-02    2.829E-01
    16.00                               1.099E+00   -3.262E+00   -2.437E-01   -6.610E-02   -1.281E-01   -8.290E-02    3.024E-01
    18.00                               4.752E-01   -1.411E+00   -5.551E-02   -6.827E-02   -1.484E-01   -8.545E-02    3.141E-01
    20.00                               8.558E-02   -2.540E-01    2.165E-01   -6.695E-02   -1.519E-01   -8.361E-02    3.057E-01
1                            AUTOMATED STABILITY AND CONTROL METHODS PER APRIL 1976 VERSION OF DATCOM
                                         CHARACTERISTICS OF HIGH LIFT AND CONTROL DEVICES
                                            TAIL PLAIN TRAILING-EDGE FLAP CONFIGURATION
                                                 Cessna 172 - Full Aircraft M0.22
 -----------------------  FLIGHT CONDITIONS  ------------------------           --------------  REFERENCE DIMENSIONS  ------------
  MACH    ALTITUDE   VELOCITY    PRESSURE    TEMPERATURE     REYNOLDS             REF.      REFERENCE LENGTH   MOMENT REF. CENTER
 NUMBER                                                       NUMBER              AREA       LONG.     LAT.     HORIZ      VERT
              M        M/SEC      N/ M**2       DEG K         1/ M                M**2         M         M         M         M
0 0.220     500.00      74.43   4.1640E+01     923.077     4.5306E+05            16.170      1.500    10.980     2.110     1.260
0            ---------INCREMENTS DUE TO DEFLECTION---------              ---DERIVATIVES (PER DEGREE)---
0     DELTA     D(CL)     D(CM)    D(CL MAX)    D(CD MIN)                (CLA)D     (CH)A       (CH)D


      -26.0    -0.152     0.3528     0.123      0.01735                  NDM      -6.522E-03  -1.422E-02
      -20.0    -0.140     0.3263     0.102      0.01074                  NDM                  -1.341E-02
      -10.0    -0.096     0.2189     0.059      0.00388                  NDM                  -1.172E-02
       -5.0    -0.048     0.1094     0.030      0.00189                  NDM                  -1.172E-02
        0.0     0.000    -0.0002     0.000      0.00000                  NDM                  -1.172E-02
        7.5     0.072    -0.1642     0.045      0.00287                  NDM                  -1.172E-02
       15.0     0.135    -0.3083     0.082      0.00701                  NDM                  -1.212E-02
       22.5     0.143    -0.3322     0.111      0.01334                  NDM                  -1.388E-02
       28.0     0.157    -0.3678     0.130      0.02010                  NDM                  -1.437E-02
0  *** NOTE * HINGE MOMENT DERIVATIVES ARE BASED ON TWICE THE AREA-MOMENT OF THE CONTROL ABOUT ITS HINGE LINE

0            --------- INDUCED DRAG COEFFICIENT INCREMENT , D(CDI) , DUE TO DEFLECTION ---------
0       DELTA = -26.0     -20.0     -10.0      -5.0       0.0       7.5      15.0      22.5      28.0
   ALPHA
0
    -8.0        1.36E-02  1.21E-02  6.72E-03  2.58E-03 -3.59E-06 -9.38E-04  1.13E-03  1.61E-03  2.57E-03
    -6.0        1.24E-02  1.10E-02  5.95E-03  2.19E-03 -2.82E-06 -3.61E-04  2.21E-03  2.76E-03  3.84E-03
    -4.0        1.11E-02  9.80E-03  5.17E-03  1.80E-03 -2.04E-06  2.28E-04  3.32E-03  3.94E-03  5.13E-03
    -2.0        9.80E-03  8.56E-03  4.33E-03  1.38E-03 -1.20E-06  8.55E-04  4.49E-03  5.18E-03  6.51E-03
     0.0        8.45E-03  7.31E-03  3.48E-03  9.59E-04 -3.51E-07  1.49E-03  5.69E-03  6.45E-03  7.91E-03
     2.0        7.11E-03  6.07E-03  2.64E-03  5.36E-04  4.93E-07  2.13E-03  6.88E-03  7.72E-03  9.30E-03
     4.0        5.79E-03  4.84E-03  1.80E-03  1.20E-04  1.33E-06  2.75E-03  8.05E-03  8.96E-03  1.07E-02
     6.0        4.46E-03  3.61E-03  9.65E-04 -2.99E-04  2.16E-06  3.38E-03  9.23E-03  1.02E-02  1.21E-02
     8.0        3.09E-03  2.34E-03  1.05E-04 -7.29E-04  3.02E-06  4.02E-03  1.04E-02  1.15E-02  1.35E-02
    10.0        1.65E-03  1.01E-03 -7.99E-04 -1.18E-03  3.93E-06  4.70E-03  1.17E-02  1.29E-02  1.50E-02
    12.0        8.91E-05 -4.46E-04 -1.78E-03 -1.67E-03  4.91E-06  5.44E-03  1.31E-02  1.43E-02  1.66E-02
    14.0       -1.71E-03 -2.11E-03 -2.92E-03 -2.24E-03  6.05E-06  6.29E-03  1.47E-02  1.60E-02  1.85E-02
    16.0       -3.75E-03 -4.00E-03 -4.20E-03 -2.88E-03  7.33E-06  7.25E-03  1.65E-02  1.79E-02  2.06E-02
    18.0       -6.00E-03 -6.10E-03 -5.62E-03 -3.59E-03  8.75E-06  8.32E-03  1.85E-02  2.01E-02  2.29E-02
    20.0       -8.63E-03 -8.54E-03 -7.27E-03 -4.42E-03  1.04E-05  9.56E-03  2.08E-02  2.25E-02  2.56E-02
0***NDM PRINTED WHEN NO DATCOM METHODS EXIST
1                               AUTOMATED STABILITY AND CONTROL METHODS PER APRIL 1976 VERSION OF DATCOM
                                         CHARACTERISTICS AT ANGLE OF ATTACK AND IN SIDESLIP
                                        WING-BODY-VERTICAL TAIL-HORIZONTAL TAIL CONFIGURATION
                                                 Cessna 172 - Full Aircraft M0.22
 
 -----------------------  FLIGHT CONDITIONS  ------------------------           --------------  REFERENCE DIMENSIONS  ------------
  MACH    ALTITUDE   VELOCITY    PRESSURE    TEMPERATURE     REYNOLDS             REF.      REFERENCE LENGTH   MOMENT REF. CENTER
 NUMBER                                                       NUMBER              AREA       LONG.     LAT.     HORIZ      VERT
              M        M/SEC      N/ M**2       DEG K         1/ M                M**2         M         M         M         M
0 0.220    1000.00      74.01   8.9876E+04     281.651     4.6593E+06            16.170      1.500    10.980     2.110     1.260
0                                                               -------------------DERIVATIVE (PER RADIAN)-------------------
0 ALPHA     CD       CL       CM       CN       CA       XCP        CLA          CMA          CYB          CNB          CLB
0
   -8.0    0.034   -0.625    0.1107  -0.624   -0.053   -0.177    5.999E+00   -7.846E-02   -2.953E-01    2.237E-02   -1.855E-01
   -6.0    0.024   -0.422    0.0951  -0.422   -0.020   -0.225    5.704E+00   -4.572E-01                             -1.918E-01
   -4.0    0.019   -0.227    0.0788  -0.228    0.003   -0.346    5.504E+00   -6.835E-01                             -1.979E-01
   -2.0    0.017   -0.038    0.0474  -0.038    0.015   -1.241    5.407E+00   -9.166E-01                             -2.035E-01
    0.0    0.018    0.151    0.0148   0.151    0.018    0.098    5.511E+00   -9.788E-01                             -2.090E-01
    2.0    0.022    0.347   -0.0210   0.348    0.010   -0.060    5.749E+00   -1.076E+00                             -2.147E-01
    4.0    0.030    0.552   -0.0603   0.553   -0.008   -0.109    5.967E+00   -1.194E+00                             -2.209E-01
    6.0    0.042    0.764   -0.1043   0.764   -0.038   -0.137    6.156E+00   -1.382E+00                             -2.274E-01
    8.0    0.059    0.982   -0.1568   0.980   -0.078   -0.160    6.305E+00   -1.608E+00                             -2.341E-01
   10.0    0.080    1.204   -0.2166   1.200   -0.130   -0.181    6.143E+00   -1.877E+00                             -2.409E-01
   12.0    0.104    1.411   -0.2879   1.401   -0.192   -0.205    5.391E+00   -2.225E+00                             -2.471E-01
   14.0    0.126    1.580   -0.3719   1.564   -0.260   -0.238    4.422E+00   -2.581E+00                             -2.518E-01
   16.0    0.146    1.719   -0.4680   1.693   -0.334   -0.276    3.479E+00   -2.927E+00                             -2.551E-01
   18.0    0.163    1.823     NA      1.784   -0.408    NA       1.699E+00      NA                                  -2.568E-01
   20.0    0.168    1.838     NA      1.785   -0.471    NA      -8.494E-01      NA                                  -2.549E-01
0                                    ALPHA     Q/QINF    EPSLON  D(EPSLON)/D(ALPHA)
0
                                     -8.0      0.916     -3.087        0.541
                                     -6.0      0.944     -2.005        0.537
                                     -4.0      0.999     -0.940        0.517
                                     -2.0      1.000      0.064        0.498
                                      0.0      1.000      1.052        0.496
                                      2.0      1.000      2.046        0.500
                                      4.0      1.000      3.053        0.502
                                      6.0      1.000      4.055        0.494
                                      8.0      1.000      5.031        0.475
                                     10.0      1.000      5.953        0.437
                                     12.0      1.000      6.780        0.370
                                     14.0      1.000      7.432        0.281
                                     16.0      1.000      7.904        0.195
                                     18.0      1.000      8.210        0.084
                                     20.0      1.000      8.241        0.015
0*** NA PRINTED WHEN METHOD NOT APPLICABLE
1                               AUTOMATED STABILITY AND CONTROL METHODS PER APRIL 1976 VERSION OF DATCOM
                                                         DYNAMIC DERIVATIVES
                                        WING-BODY-VERTICAL TAIL-HORIZONTAL TAIL CONFIGURATION
                                                 Cessna 172 - Full Aircraft M0.22
 
 -----------------------  FLIGHT CONDITIONS  ------------------------           --------------  REFERENCE DIMENSIONS  ------------
  MACH    ALTITUDE   VELOCITY    PRESSURE    TEMPERATURE     REYNOLDS             REF.      REFERENCE LENGTH   MOMENT REF. CENTER
 NUMBER                                                       NUMBER              AREA       LONG.     LAT.     HORIZ      VERT
              M        M/SEC      N/ M**2       DEG K         1/ M                M**2         M         M         M         M
0 0.220    1000.00      74.01   8.9876E+04     281.651     4.6593E+06            16.170      1.500    10.980     2.110     1.260
                                                    DYNAMIC DERIVATIVES (PER RADIAN)
0           -------PITCHING-------    -----ACCELERATION------    --------------ROLLING--------------    --------YAWING--------
0   ALPHA       CLQ          CMQ           CLAD         CMAD         CLP          CYP          CNP          CNR          CLR
0
    -8.00    7.581E+00   -1.534E+01     2.800E+00   -8.311E+00   -5.273E-01   -3.881E-02    3.553E-02   -4.834E-02   -1.009E-01
    -6.00                               2.861E+00   -8.493E+00   -5.055E-01   -4.127E-02    2.377E-02   -4.721E-02   -6.454E-02
    -4.00                               2.917E+00   -8.658E+00   -4.818E-01   -4.346E-02    1.219E-02   -4.695E-02   -2.978E-02
    -2.00                               2.812E+00   -8.348E+00   -4.705E-01   -4.536E-02    7.120E-04   -4.745E-02    3.081E-03
     0.00                               2.798E+00   -8.305E+00   -4.845E-01   -4.728E-02   -1.087E-02   -4.862E-02    3.616E-02
     2.00                               2.825E+00   -8.385E+00   -5.075E-01   -4.941E-02   -2.262E-02   -5.057E-02    7.106E-02
     4.00                               2.836E+00   -8.419E+00   -5.265E-01   -5.171E-02   -3.451E-02   -5.339E-02    1.074E-01
     6.00                               2.792E+00   -8.288E+00   -5.410E-01   -5.417E-02   -4.659E-02   -5.717E-02    1.450E-01
     8.00                               2.679E+00   -7.954E+00   -5.509E-01   -5.676E-02   -5.895E-02   -6.195E-02    1.834E-01
    10.00                               2.469E+00   -7.330E+00   -5.273E-01   -5.970E-02   -7.377E-02   -6.774E-02    2.222E-01
    12.00                               2.087E+00   -6.194E+00   -4.422E-01   -6.270E-02   -9.265E-02   -7.376E-02    2.569E-01
    14.00                               1.586E+00   -4.708E+00   -3.402E-01   -6.480E-02   -1.113E-01   -7.883E-02    2.829E-01
    16.00                               1.099E+00   -3.262E+00   -2.437E-01   -6.610E-02   -1.281E-01   -8.291E-02    3.024E-01
    18.00                               4.752E-01   -1.411E+00   -5.552E-02   -6.827E-02   -1.484E-01   -8.547E-02    3.141E-01
    20.00                               8.558E-02   -2.540E-01    2.165E-01   -6.695E-02   -1.519E-01   -8.362E-02    3.057E-01
1                            AUTOMATED STABILITY AND CONTROL METHODS PER APRIL 1976 VERSION OF DATCOM
                                         CHARACTERISTICS OF HIGH LIFT AND CONTROL DEVICES
                                            TAIL PLAIN TRAILING-EDGE FLAP CONFIGURATION
                                                 Cessna 172 - Full Aircraft M0.22
 -----------------------  FLIGHT CONDITIONS  ------------------------           --------------  REFERENCE DIMENSIONS  ------------
  MACH    ALTITUDE   VELOCITY    PRESSURE    TEMPERATURE     REYNOLDS             REF.      REFERENCE LENGTH   MOMENT REF. CENTER
 NUMBER                                                       NUMBER              AREA       LONG.     LAT.     HORIZ      VERT
              M        M/SEC      N/ M**2       DEG K         1/ M                M**2         M         M         M         M
0 0.220    1000.00      74.01   3.9204E+01     912.549     4.3286E+05            16.170      1.500    10.980     2.110     1.260
0            ---------INCREMENTS DUE TO DEFLECTION---------              ---DERIVATIVES (PER DEGREE)---
0     DELTA     D(CL)     D(CM)    D(CL MAX)    D(CD MIN)                (CLA)D     (CH)A       (CH)D


      -26.0    -0.151     0.3517     0.123      0.01735                  NDM      -6.521E-03  -1.424E-02
      -20.0    -0.140     0.3253     0.102      0.01074                  NDM                  -1.343E-02
      -10.0    -0.096     0.2182     0.059      0.00388                  NDM                  -1.174E-02
       -5.0    -0.048     0.1091     0.030      0.00189                  NDM                  -1.174E-02
        0.0     0.000    -0.0002     0.000      0.00000                  NDM                  -1.174E-02
        7.5     0.072    -0.1637     0.045      0.00287                  NDM                  -1.174E-02
       15.0     0.134    -0.3073     0.082      0.00701                  NDM                  -1.214E-02
       22.5     0.142    -0.3312     0.111      0.01334                  NDM                  -1.390E-02
       28.0     0.157    -0.3667     0.130      0.02010                  NDM                  -1.438E-02
0  *** NOTE * HINGE MOMENT DERIVATIVES ARE BASED ON TWICE THE AREA-MOMENT OF THE CONTROL ABOUT ITS HINGE LINE

0            --------- INDUCED DRAG COEFFICIENT INCREMENT , D(CDI) , DUE TO DEFLECTION ---------
0       DELTA = -26.0     -20.0     -10.0      -5.0       0.0       7.5      15.0      22.5      28.0
   ALPHA
0
    -8.0        1.36E-02  1.21E-02  6.71E-03  2.57E-03 -3.59E-06 -9.39E-04  1.12E-03  1.60E-03  2.55E-03
    -6.0        1.23E-02  1.09E-02  5.94E-03  2.19E-03 -2.82E-06 -3.62E-04  2.20E-03  2.75E-03  3.82E-03
    -4.0        1.11E-02  9.77E-03  5.15E-03  1.80E-03 -2.03E-06  2.26E-04  3.31E-03  3.92E-03  5.11E-03
    -2.0        9.78E-03  8.54E-03  4.32E-03  1.38E-03 -1.20E-06  8.52E-04  4.48E-03  5.17E-03  6.49E-03
     0.0        8.43E-03  7.29E-03  3.47E-03  9.56E-04 -3.51E-07  1.49E-03  5.67E-03  6.44E-03  7.89E-03
     2.0        7.09E-03  6.05E-03  2.63E-03  5.35E-04  4.92E-07  2.12E-03  6.86E-03  7.70E-03  9.28E-03
     4.0        5.77E-03  4.82E-03  1.80E-03  1.19E-04  1.32E-06  2.74E-03  8.03E-03  8.94E-03  1.06E-02
     6.0        4.44E-03  3.59E-03  9.59E-04 -3.00E-04  2.16E-06  3.37E-03  9.21E-03  1.02E-02  1.20E-02
     8.0        3.07E-03  2.33E-03  1.01E-04 -7.29E-04  3.02E-06  4.02E-03  1.04E-02  1.15E-02  1.34E-02
    10.0        1.64E-03  9.95E-04 -8.02E-04 -1.18E-03  3.92E-06  4.69E-03  1.17E-02  1.28E-02  1.49E-02
    12.0        7.81E-05 -4.55E-04 -1.79E-03 -1.67E-03  4.91E-06  5.43E-03  1.31E-02  1.43E-02  1.66E-02
    14.0       -1.72E-03 -2.12E-03 -2.92E-03 -2.24E-03  6.04E-06  6.28E-03  1.47E-02  1.60E-02  1.84E-02
    16.0       -3.75E-03 -4.01E-03 -4.20E-03 -2.88E-03  7.32E-06  7.24E-03  1.65E-02  1.79E-02  2.05E-02
    18.0       -6.01E-03 -6.10E-03 -5.62E-03 -3.59E-03  8.73E-06  8.30E-03  1.85E-02  2.00E-02  2.29E-02
    20.0       -8.63E-03 -8.53E-03 -7.27E-03 -4.41E-03  1.04E-05  9.54E-03  2.08E-02  2.25E-02  2.56E-02
0***NDM PRINTED WHEN NO DATCOM METHODS EXIST
1                               AUTOMATED STABILITY AND CONTROL METHODS PER APRIL 1976 VERSION OF DATCOM
                                         CHARACTERISTICS AT ANGLE OF ATTACK AND IN SIDESLIP
                                        WING-BODY-VERTICAL TAIL-HORIZONTAL TAIL CONFIGURATION
                                                 Cessna 172 - Full Aircraft M0.22
 
 -----------------------  FLIGHT CONDITIONS  ------------------------           --------------  REFERENCE DIMENSIONS  ------------
  MACH    ALTITUDE   VELOCITY    PRESSURE    TEMPERATURE     REYNOLDS             REF.      REFERENCE LENGTH   MOMENT REF. CENTER
 NUMBER                                                       NUMBER              AREA       LONG.     LAT.     HORIZ      VERT
              M        M/SEC      N/ M**2       DEG K         1/ M                M**2         M         M         M         M
0 0.220    1500.00      73.58   8.4560E+04     278.402     4.4494E+06            16.170      1.500    10.980     2.110     1.260
0                                                               -------------------DERIVATIVE (PER RADIAN)-------------------
0 ALPHA     CD       CL       CM       CN       CA       XCP        CLA          CMA          CYB          CNB          CLB
0
   -8.0    0.034   -0.625    0.1107  -0.624   -0.053   -0.177    5.999E+00   -7.802E-02   -2.953E-01    2.255E-02   -1.855E-01
   -6.0    0.025   -0.422    0.0950  -0.422   -0.020   -0.225    5.703E+00   -4.565E-01                             -1.918E-01
   -4.0    0.019   -0.227    0.0788  -0.228    0.003   -0.346    5.504E+00   -6.826E-01                             -1.979E-01
   -2.0    0.017   -0.038    0.0474  -0.038    0.015   -1.241    5.407E+00   -9.164E-01                             -2.035E-01
    0.0    0.018    0.151    0.0148   0.151    0.018    0.098    5.511E+00   -9.788E-01                             -2.090E-01
    2.0    0.022    0.347   -0.0209   0.348    0.010   -0.060    5.749E+00   -1.076E+00                             -2.147E-01
    4.0    0.030    0.552   -0.0603   0.553   -0.008   -0.109    5.967E+00   -1.194E+00                             -2.209E-01
    6.0    0.043    0.764   -0.1043   0.764   -0.037   -0.137    6.156E+00   -1.382E+00                             -2.274E-01
    8.0    0.060    0.982   -0.1568   0.980   -0.078   -0.160    6.305E+00   -1.608E+00                             -2.341E-01
   10.0    0.081    1.204   -0.2166   1.200   -0.130   -0.181    6.143E+00   -1.877E+00                             -2.409E-01
   12.0    0.104    1.411   -0.2878   1.401   -0.191   -0.205    5.391E+00   -2.225E+00                             -2.471E-01
   14.0    0.126    1.580   -0.3719   1.564   -0.260   -0.238    4.422E+00   -2.581E+00                             -2.518E-01
   16.0    0.146    1.719   -0.4680   1.693   -0.334   -0.276    3.479E+00   -2.927E+00                             -2.551E-01
   18.0    0.163    1.823     NA      1.784   -0.408    NA       1.699E+00      NA                                  -2.568E-01
   20.0    0.168    1.838     NA      1.785   -0.471    NA      -8.495E-01      NA                                  -2.549E-01
0                                    ALPHA     Q/QINF    EPSLON  D(EPSLON)/D(ALPHA)
0
                                     -8.0      0.916     -3.087        0.541
                                     -6.0      0.944     -2.005        0.537
                                     -4.0      0.999     -0.940        0.517
                                     -2.0      1.000      0.064        0.498
                                      0.0      1.000      1.052        0.496
                                      2.0      1.000      2.046        0.500
                                      4.0      1.000      3.053        0.502
                                      6.0      1.000      4.055        0.494
                                      8.0      1.000      5.031        0.475
                                     10.0      1.000      5.953        0.437
                                     12.0      1.000      6.780        0.370
                                     14.0      1.000      7.432        0.281
                                     16.0      1.000      7.904        0.195
                                     18.0      1.000      8.210        0.084
                                     20.0      1.000      8.241        0.015
0*** NA PRINTED WHEN METHOD NOT APPLICABLE
1                               AUTOMATED STABILITY AND CONTROL METHODS PER APRIL 1976 VERSION OF DATCOM
                                                         DYNAMIC DERIVATIVES
                                        WING-BODY-VERTICAL TAIL-HORIZONTAL TAIL CONFIGURATION
                                                 Cessna 172 - Full Aircraft M0.22
 
 -----------------------  FLIGHT CONDITIONS  ------------------------           --------------  REFERENCE DIMENSIONS  ------------
  MACH    ALTITUDE   VELOCITY    PRESSURE    TEMPERATURE     REYNOLDS             REF.      REFERENCE LENGTH   MOMENT REF. CENTER
 NUMBER                                                       NUMBER              AREA       LONG.     LAT.     HORIZ      VERT
              M        M/SEC      N/ M**2       DEG K         1/ M                M**2         M         M         M         M
0 0.220    1500.00      73.58   8.4560E+04     278.402     4.4494E+06            16.170      1.500    10.980     2.110     1.260
                                                    DYNAMIC DERIVATIVES (PER RADIAN)
0           -------PITCHING-------    -----ACCELERATION------    --------------ROLLING--------------    --------YAWING--------
0   ALPHA       CLQ          CMQ           CLAD         CMAD         CLP          CYP          CNP          CNR          CLR
0
    -8.00    7.579E+00   -1.534E+01     2.799E+00   -8.308E+00   -5.273E-01   -3.881E-02    3.553E-02   -4.835E-02   -1.009E-01
    -6.00                               2.860E+00   -8.489E+00   -5.055E-01   -4.127E-02    2.377E-02   -4.722E-02   -6.454E-02
    -4.00                               2.916E+00   -8.657E+00   -4.818E-01   -4.346E-02    1.219E-02   -4.696E-02   -2.978E-02
    -2.00                               2.812E+00   -8.348E+00   -4.705E-01   -4.536E-02    7.120E-04   -4.746E-02    3.081E-03
     0.00                               2.798E+00   -8.305E+00   -4.845E-01   -4.728E-02   -1.087E-02   -4.864E-02    3.616E-02
     2.00                               2.825E+00   -8.385E+00   -5.075E-01   -4.941E-02   -2.262E-02   -5.059E-02    7.106E-02
     4.00                               2.836E+00   -8.419E+00   -5.265E-01   -5.171E-02   -3.451E-02   -5.341E-02    1.074E-01
     6.00                               2.792E+00   -8.288E+00   -5.410E-01   -5.417E-02   -4.659E-02   -5.718E-02    1.450E-01
     8.00                               2.679E+00   -7.954E+00   -5.509E-01   -5.676E-02   -5.895E-02   -6.196E-02    1.834E-01
    10.00                               2.469E+00   -7.330E+00   -5.273E-01   -5.970E-02   -7.377E-02   -6.775E-02    2.222E-01
    12.00                               2.087E+00   -6.194E+00   -4.422E-01   -6.270E-02   -9.265E-02   -7.378E-02    2.569E-01
    14.00                               1.586E+00   -4.708E+00   -3.402E-01   -6.480E-02   -1.113E-01   -7.885E-02    2.829E-01
    16.00                               1.099E+00   -3.262E+00   -2.437E-01   -6.610E-02   -1.281E-01   -8.293E-02    3.024E-01
    18.00                               4.752E-01   -1.411E+00   -5.552E-02   -6.827E-02   -1.484E-01   -8.548E-02    3.141E-01
    20.00                               8.558E-02   -2.540E-01    2.165E-01   -6.695E-02   -1.519E-01   -8.364E-02    3.057E-01
1                            AUTOMATED STABILITY AND CONTROL METHODS PER APRIL 1976 VERSION OF DATCOM
                                         CHARACTERISTICS OF HIGH LIFT AND CONTROL DEVICES
                                            TAIL PLAIN TRAILING-EDGE FLAP CONFIGURATION
                                                 Cessna 172 - Full Aircraft M0.22
 -----------------------  FLIGHT CONDITIONS  ------------------------           --------------  REFERENCE DIMENSIONS  ------------
  MACH    ALTITUDE   VELOCITY    PRESSURE    TEMPERATURE     REYNOLDS             REF.      REFERENCE LENGTH   MOMENT REF. CENTER
 NUMBER                                                       NUMBER              AREA       LONG.     LAT.     HORIZ      VERT
              M        M/SEC      N/ M**2       DEG K         1/ M                M**2         M         M         M         M
0 0.220    1500.00      73.58   3.6885E+01     902.023     4.1336E+05            16.170      1.500    10.980     2.110     1.260
0            ---------INCREMENTS DUE TO DEFLECTION---------              ---DERIVATIVES (PER DEGREE)---
0     DELTA     D(CL)     D(CM)    D(CL MAX)    D(CD MIN)                (CLA)D     (CH)A       (CH)D


      -26.0    -0.151     0.3454     0.123      0.01735                  NDM      -6.519E-03  -1.426E-02
      -20.0    -0.140     0.3195     0.102      0.01074                  NDM                  -1.345E-02
      -10.0    -0.096     0.2142     0.059      0.00388                  NDM                  -1.176E-02
       -5.0    -0.048     0.1071     0.030      0.00189                  NDM                  -1.176E-02
        0.0     0.000    -0.0002     0.000      0.00000                  NDM                  -1.176E-02
        7.5     0.072    -0.1607     0.045      0.00287                  NDM                  -1.176E-02
       15.0     0.134    -0.3018     0.082      0.00701                  NDM                  -1.216E-02
       22.5     0.142    -0.3253     0.111      0.01334                  NDM                  -1.391E-02
       28.0     0.157    -0.3602     0.130      0.02010                  NDM                  -1.440E-02
0  *** NOTE * HINGE MOMENT DERIVATIVES ARE BASED ON TWICE THE AREA-MOMENT OF THE CONTROL ABOUT ITS HINGE LINE

0            --------- INDUCED DRAG COEFFICIENT INCREMENT , D(CDI) , DUE TO DEFLECTION ---------
0       DELTA = -26.0     -20.0     -10.0      -5.0       0.0       7.5      15.0      22.5      28.0
   ALPHA
0
    -8.0        1.35E-02  1.20E-02  6.69E-03  2.57E-03 -3.58E-06 -9.40E-04  1.11E-03  1.59E-03  2.54E-03
    -6.0        1.23E-02  1.09E-02  5.92E-03  2.19E-03 -2.81E-06 -3.64E-04  2.19E-03  2.73E-03  3.80E-03
    -4.0        1.11E-02  9.75E-03  5.14E-03  1.79E-03 -2.03E-06  2.23E-04  3.29E-03  3.90E-03  5.09E-03
    -2.0        9.75E-03  8.52E-03  4.31E-03  1.38E-03 -1.20E-06  8.48E-04  4.46E-03  5.15E-03  6.47E-03
     0.0        8.41E-03  7.27E-03  3.46E-03  9.54E-04 -3.50E-07  1.48E-03  5.66E-03  6.42E-03  7.86E-03
     2.0        7.07E-03  6.03E-03  2.62E-03  5.33E-04  4.92E-07  2.11E-03  6.84E-03  7.67E-03  9.25E-03
     4.0        5.75E-03  4.81E-03  1.79E-03  1.17E-04  1.32E-06  2.74E-03  8.01E-03  8.92E-03  1.06E-02
     6.0        4.42E-03  3.58E-03  9.53E-04 -3.00E-04  2.16E-06  3.36E-03  9.18E-03  1.02E-02  1.20E-02
     8.0        3.06E-03  2.31E-03  9.63E-05 -7.29E-04  3.01E-06  4.01E-03  1.04E-02  1.14E-02  1.34E-02
    10.0        1.63E-03  9.84E-04 -8.05E-04 -1.18E-03  3.92E-06  4.68E-03  1.17E-02  1.28E-02  1.49E-02
    12.0        6.70E-05 -4.63E-04 -1.79E-03 -1.67E-03  4.90E-06  5.42E-03  1.30E-02  1.43E-02  1.65E-02
    14.0       -1.73E-03 -2.13E-03 -2.92E-03 -2.23E-03  6.03E-06  6.27E-03  1.46E-02  1.59E-02  1.84E-02
    16.0       -3.76E-03 -4.01E-03 -4.19E-03 -2.87E-03  7.30E-06  7.23E-03  1.64E-02  1.79E-02  2.05E-02
    18.0       -6.01E-03 -6.10E-03 -5.61E-03 -3.58E-03  8.73E-06  8.29E-03  1.84E-02  2.00E-02  2.28E-02
    20.0       -8.63E-03 -8.53E-03 -7.26E-03 -4.41E-03  1.04E-05  9.52E-03  2.07E-02  2.24E-02  2.55E-02
0***NDM PRINTED WHEN NO DATCOM METHODS EXIST
1                               AUTOMATED STABILITY AND CONTROL METHODS PER APRIL 1976 VERSION OF DATCOM
                                         CHARACTERISTICS AT ANGLE OF ATTACK AND IN SIDESLIP
                                        WING-BODY-VERTICAL TAIL-HORIZONTAL TAIL CONFIGURATION
                                                 Cessna 172 - Full Aircraft M0.22
 
 -----------------------  FLIGHT CONDITIONS  ------------------------           --------------  REFERENCE DIMENSIONS  ------------
  MACH    ALTITUDE   VELOCITY    PRESSURE    TEMPERATURE     REYNOLDS             REF.      REFERENCE LENGTH   MOMENT REF. CENTER
 NUMBER                                                       NUMBER              AREA       LONG.     LAT.     HORIZ      VERT
              M        M/SEC      N/ M**2       DEG K         1/ M                M**2         M         M         M         M
0 0.220    2000.00      73.15   7.9501E+04     275.154     4.2468E+06            16.170      1.500    10.980     2.110     1.260
0                                                               -------------------DERIVATIVE (PER RADIAN)-------------------
0 ALPHA     CD       CL       CM       CN       CA       XCP        CLA          CMA          CYB          CNB          CLB
0
   -8.0    0.034   -0.625    0.1106  -0.624   -0.053   -0.177    5.999E+00   -7.757E-02   -2.953E-01    2.273E-02   -1.855E-01
   -6.0    0.025   -0.422    0.0950  -0.422   -0.019   -0.225    5.703E+00   -4.557E-01                             -1.918E-01
   -4.0    0.019   -0.227    0.0788  -0.228    0.003   -0.346    5.503E+00   -6.816E-01                             -1.979E-01
   -2.0    0.017   -0.038    0.0474  -0.038    0.016   -1.242    5.407E+00   -9.162E-01                             -2.035E-01
    0.0    0.018    0.151    0.0149   0.151    0.018    0.099    5.511E+00   -9.789E-01                             -2.090E-01
    2.0    0.022    0.347   -0.0209   0.348    0.010   -0.060    5.749E+00   -1.076E+00                             -2.147E-01
    4.0    0.030    0.552   -0.0603   0.553   -0.008   -0.109    5.967E+00   -1.194E+00                             -2.209E-01
    6.0    0.043    0.764   -0.1043   0.764   -0.037   -0.136    6.156E+00   -1.382E+00                             -2.274E-01
    8.0    0.060    0.982   -0.1567   0.980   -0.078   -0.160    6.305E+00   -1.608E+00                             -2.341E-01
   10.0    0.081    1.204   -0.2165   1.200   -0.129   -0.181    6.143E+00   -1.878E+00                             -2.409E-01
   12.0    0.104    1.411   -0.2878   1.401   -0.191   -0.205    5.391E+00   -2.225E+00                             -2.471E-01
   14.0    0.126    1.580   -0.3719   1.564   -0.260   -0.238    4.422E+00   -2.581E+00                             -2.518E-01
   16.0    0.146    1.719   -0.4680   1.693   -0.333   -0.276    3.479E+00   -2.927E+00                             -2.551E-01
   18.0    0.163    1.823     NA      1.784   -0.408    NA       1.699E+00      NA                                  -2.568E-01
   20.0    0.168    1.838     NA      1.785   -0.471    NA      -8.495E-01      NA                                  -2.549E-01
0                                    ALPHA     Q/QINF    EPSLON  D(EPSLON)/D(ALPHA)
0
                                     -8.0      0.915     -3.087        0.541
                                     -6.0      0.943     -2.005        0.537
                                     -4.0      0.999     -0.940        0.517
                                     -2.0      1.000      0.064        0.498
                                      0.0      1.000      1.052        0.496
                                      2.0      1.000      2.046        0.500
                                      4.0      1.000      3.053        0.502
                                      6.0      1.000      4.055        0.494
                                      8.0      1.000      5.031        0.475
                                     10.0      1.000      5.953        0.437
                                     12.0      1.000      6.780        0.370
                                     14.0      1.000      7.432        0.281
                                     16.0      1.000      7.904        0.195
                                     18.0      1.000      8.210        0.084
                                     20.0      1.000      8.241        0.015
0*** NA PRINTED WHEN METHOD NOT APPLICABLE
1                               AUTOMATED STABILITY AND CONTROL METHODS PER APRIL 1976 VERSION OF DATCOM
                                                         DYNAMIC DERIVATIVES
                                        WING-BODY-VERTICAL TAIL-HORIZONTAL TAIL CONFIGURATION
                                                 Cessna 172 - Full Aircraft M0.22
 
 -----------------------  FLIGHT CONDITIONS  ------------------------           --------------  REFERENCE DIMENSIONS  ------------
  MACH    ALTITUDE   VELOCITY    PRESSURE    TEMPERATURE     REYNOLDS             REF.      REFERENCE LENGTH   MOMENT REF. CENTER
 NUMBER                                                       NUMBER              AREA       LONG.     LAT.     HORIZ      VERT
              M        M/SEC      N/ M**2       DEG K         1/ M                M**2         M         M         M         M
0 0.220    2000.00      73.15   7.9501E+04     275.154     4.2468E+06            16.170      1.500    10.980     2.110     1.260
                                                    DYNAMIC DERIVATIVES (PER RADIAN)
0           -------PITCHING-------    -----ACCELERATION------    --------------ROLLING--------------    --------YAWING--------
0   ALPHA       CLQ          CMQ           CLAD         CMAD         CLP          CYP          CNP          CNR          CLR
0
    -8.00    7.577E+00   -1.533E+01     2.798E+00   -8.304E+00   -5.274E-01   -3.881E-02    3.553E-02   -4.837E-02   -1.009E-01
    -6.00                               2.859E+00   -8.486E+00   -5.055E-01   -4.127E-02    2.377E-02   -4.724E-02   -6.454E-02
    -4.00                               2.916E+00   -8.656E+00   -4.818E-01   -4.346E-02    1.219E-02   -4.698E-02   -2.978E-02
    -2.00                               2.812E+00   -8.348E+00   -4.705E-01   -4.536E-02    7.120E-04   -4.748E-02    3.081E-03
     0.00                               2.798E+00   -8.305E+00   -4.845E-01   -4.728E-02   -1.087E-02   -4.865E-02    3.616E-02
     2.00                               2.825E+00   -8.385E+00   -5.075E-01   -4.941E-02   -2.262E-02   -5.060E-02    7.106E-02
     4.00                               2.836E+00   -8.419E+00   -5.265E-01   -5.171E-02   -3.451E-02   -5.342E-02    1.074E-01
     6.00                               2.792E+00   -8.288E+00   -5.410E-01   -5.417E-02   -4.659E-02   -5.720E-02    1.450E-01
     8.00                               2.679E+00   -7.954E+00   -5.509E-01   -5.676E-02   -5.895E-02   -6.198E-02    1.834E-01
    10.00                               2.469E+00   -7.330E+00   -5.274E-01   -5.970E-02   -7.377E-02   -6.777E-02    2.222E-01
    12.00                               2.087E+00   -6.194E+00   -4.422E-01   -6.270E-02   -9.265E-02   -7.379E-02    2.569E-01
    14.00                               1.586E+00   -4.708E+00   -3.402E-01   -6.480E-02   -1.113E-01   -7.886E-02    2.829E-01
    16.00                               1.099E+00   -3.262E+00   -2.437E-01   -6.610E-02   -1.281E-01   -8.295E-02    3.024E-01
    18.00                               4.752E-01   -1.411E+00   -5.553E-02   -6.827E-02   -1.484E-01   -8.550E-02    3.141E-01
    20.00                               8.558E-02   -2.540E-01    2.165E-01   -6.695E-02   -1.519E-01   -8.365E-02    3.057E-01
1                            AUTOMATED STABILITY AND CONTROL METHODS PER APRIL 1976 VERSION OF DATCOM
                                         CHARACTERISTICS OF HIGH LIFT AND CONTROL DEVICES
                                            TAIL PLAIN TRAILING-EDGE FLAP CONFIGURATION
                                                 Cessna 172 - Full Aircraft M0.22
 -----------------------  FLIGHT CONDITIONS  ------------------------           --------------  REFERENCE DIMENSIONS  ------------
  MACH    ALTITUDE   VELOCITY    PRESSURE    TEMPERATURE     REYNOLDS             REF.      REFERENCE LENGTH   MOMENT REF. CENTER
 NUMBER                                                       NUMBER              AREA       LONG.     LAT.     HORIZ      VERT
              M        M/SEC      N/ M**2       DEG K         1/ M                M**2         M         M         M         M
0 0.220    2000.00      73.15   3.4679E+01     891.499     3.9454E+05            16.170      1.500    10.980     2.110     1.260
0            ---------INCREMENTS DUE TO DEFLECTION---------              ---DERIVATIVES (PER DEGREE)---
0     DELTA     D(CL)     D(CM)    D(CL MAX)    D(CD MIN)                (CLA)D     (CH)A       (CH)D


      -26.0    -0.151     0.3383     0.123      0.01735                  NDM      -6.518E-03  -1.427E-02
      -20.0    -0.140     0.3128     0.102      0.01074                  NDM                  -1.347E-02
      -10.0    -0.096     0.2097     0.059      0.00388                  NDM                  -1.178E-02
       -5.0    -0.048     0.1049     0.030      0.00189                  NDM                  -1.178E-02
        0.0     0.000    -0.0002     0.000      0.00000                  NDM                  -1.178E-02
        7.5     0.072    -0.1573     0.045      0.00287                  NDM                  -1.178E-02
       15.0     0.134    -0.2954     0.082      0.00701                  NDM                  -1.218E-02
       22.5     0.142    -0.3185     0.111      0.01334                  NDM                  -1.393E-02
       28.0     0.157    -0.3527     0.130      0.02010                  NDM                  -1.442E-02
0  *** NOTE * HINGE MOMENT DERIVATIVES ARE BASED ON TWICE THE AREA-MOMENT OF THE CONTROL ABOUT ITS HINGE LINE

0            --------- INDUCED DRAG COEFFICIENT INCREMENT , D(CDI) , DUE TO DEFLECTION ---------
0       DELTA = -26.0     -20.0     -10.0      -5.0       0.0       7.5      15.0      22.5      28.0
   ALPHA
0
    -8.0        1.35E-02  1.20E-02  6.68E-03  2.56E-03 -3.58E-06 -9.41E-04  1.10E-03  1.57E-03  2.52E-03
    -6.0        1.23E-02  1.09E-02  5.91E-03  2.18E-03 -2.81E-06 -3.66E-04  2.18E-03  2.72E-03  3.78E-03
    -4.0        1.10E-02  9.73E-03  5.13E-03  1.79E-03 -2.03E-06  2.20E-04  3.28E-03  3.89E-03  5.07E-03
    -2.0        9.73E-03  8.50E-03  4.30E-03  1.37E-03 -1.20E-06  8.44E-04  4.45E-03  5.13E-03  6.45E-03
     0.0        8.38E-03  7.25E-03  3.45E-03  9.51E-04 -3.50E-07  1.48E-03  5.64E-03  6.40E-03  7.84E-03
     2.0        7.05E-03  6.01E-03  2.61E-03  5.31E-04  4.91E-07  2.11E-03  6.82E-03  7.65E-03  9.23E-03
     4.0        5.73E-03  4.79E-03  1.78E-03  1.16E-04  1.32E-06  2.73E-03  7.99E-03  8.89E-03  1.06E-02
     6.0        4.40E-03  3.56E-03  9.48E-04 -3.01E-04  2.15E-06  3.36E-03  9.16E-03  1.01E-02  1.20E-02
     8.0        3.04E-03  2.30E-03  9.18E-05 -7.29E-04  3.01E-06  4.00E-03  1.04E-02  1.14E-02  1.34E-02
    10.0        1.61E-03  9.73E-04 -8.09E-04 -1.18E-03  3.91E-06  4.67E-03  1.16E-02  1.28E-02  1.49E-02
    12.0        5.59E-05 -4.72E-04 -1.79E-03 -1.67E-03  4.89E-06  5.41E-03  1.30E-02  1.42E-02  1.65E-02
    14.0       -1.73E-03 -2.13E-03 -2.92E-03 -2.23E-03  6.02E-06  6.25E-03  1.46E-02  1.59E-02  1.83E-02
    16.0       -3.76E-03 -4.02E-03 -4.19E-03 -2.87E-03  7.29E-06  7.21E-03  1.64E-02  1.78E-02  2.04E-02
    18.0       -6.01E-03 -6.10E-03 -5.61E-03 -3.58E-03  8.71E-06  8.27E-03  1.84E-02  1.99E-02  2.28E-02
    20.0       -8.63E-03 -8.53E-03 -7.25E-03 -4.40E-03  1.04E-05  9.51E-03  2.07E-02  2.24E-02  2.55E-02
0***NDM PRINTED WHEN NO DATCOM METHODS EXIST
1                               AUTOMATED STABILITY AND CONTROL METHODS PER APRIL 1976 VERSION OF DATCOM
                                         CHARACTERISTICS AT ANGLE OF ATTACK AND IN SIDESLIP
                                        WING-BODY-VERTICAL TAIL-HORIZONTAL TAIL CONFIGURATION
                                                 Cessna 172 - Full Aircraft M0.22
 
 -----------------------  FLIGHT CONDITIONS  ------------------------           --------------  REFERENCE DIMENSIONS  ------------
  MACH    ALTITUDE   VELOCITY    PRESSURE    TEMPERATURE     REYNOLDS             REF.      REFERENCE LENGTH   MOMENT REF. CENTER
 NUMBER                                                       NUMBER              AREA       LONG.     LAT.     HORIZ      VERT
              M        M/SEC      N/ M**2       DEG K         1/ M                M**2         M         M         M         M
0 0.220    2500.00      72.72   7.4692E+04     271.906     4.0513E+06            16.170      1.500    10.980     2.110     1.260
0                                                               -------------------DERIVATIVE (PER RADIAN)-------------------
0 ALPHA     CD       CL       CM       CN       CA       XCP        CLA          CMA          CYB          CNB          CLB
0
   -8.0    0.034   -0.625    0.1106  -0.624   -0.053   -0.177    5.999E+00   -7.711E-02   -2.953E-01    2.292E-02   -1.855E-01
   -6.0    0.025   -0.422    0.0950  -0.422   -0.019   -0.225    5.703E+00   -4.549E-01                             -1.918E-01
   -4.0    0.019   -0.227    0.0788  -0.228    0.004   -0.346    5.503E+00   -6.806E-01                             -1.979E-01
   -2.0    0.017   -0.038    0.0475  -0.038    0.016   -1.243    5.407E+00   -9.160E-01                             -2.035E-01
    0.0    0.018    0.151    0.0149   0.151    0.018    0.099    5.511E+00   -9.789E-01                             -2.090E-01
    2.0    0.022    0.347   -0.0209   0.348    0.010   -0.060    5.749E+00   -1.076E+00                             -2.147E-01
    4.0    0.031    0.552   -0.0603   0.553   -0.008   -0.109    5.967E+00   -1.194E+00                             -2.209E-01
    6.0    0.043    0.764   -0.1042   0.764   -0.037   -0.136    6.156E+00   -1.382E+00                             -2.274E-01
    8.0    0.060    0.982   -0.1567   0.981   -0.077   -0.160    6.305E+00   -1.608E+00                             -2.341E-01
   10.0    0.081    1.204   -0.2165   1.200   -0.129   -0.180    6.143E+00   -1.878E+00                             -2.409E-01
   12.0    0.104    1.411   -0.2878   1.401   -0.191   -0.205    5.391E+00   -2.225E+00                             -2.471E-01
   14.0    0.126    1.580   -0.3719   1.564   -0.260   -0.238    4.422E+00   -2.581E+00                             -2.518E-01
   16.0    0.146    1.719   -0.4680   1.693   -0.333   -0.276    3.479E+00   -2.927E+00                             -2.551E-01
   18.0    0.163    1.823     NA      1.784   -0.408    NA       1.699E+00      NA                                  -2.568E-01
   20.0    0.168    1.838     NA      1.785   -0.470    NA      -8.495E-01      NA                                  -2.549E-01
0                                    ALPHA     Q/QINF    EPSLON  D(EPSLON)/D(ALPHA)
0
                                     -8.0      0.915     -3.087        0.541
                                     -6.0      0.943     -2.005        0.537
                                     -4.0      0.999     -0.940        0.517
                                     -2.0      1.000      0.064        0.498
                                      0.0      1.000      1.052        0.496
                                      2.0      1.000      2.046        0.500
                                      4.0      1.000      3.053        0.502
                                      6.0      1.000      4.055        0.494
                                      8.0      1.000      5.031        0.475
                                     10.0      1.000      5.953        0.437
                                     12.0      1.000      6.780        0.370
                                     14.0      1.000      7.432        0.281
                                     16.0      1.000      7.904        0.195
                                     18.0      1.000      8.210        0.084
                                     20.0      1.000      8.241        0.015
0*** NA PRINTED WHEN METHOD NOT APPLICABLE
1                               AUTOMATED STABILITY AND CONTROL METHODS PER APRIL 1976 VERSION OF DATCOM
                                                         DYNAMIC DERIVATIVES
                                        WING-BODY-VERTICAL TAIL-HORIZONTAL TAIL CONFIGURATION
                                                 Cessna 172 - Full Aircraft M0.22
 
 -----------------------  FLIGHT CONDITIONS  ------------------------           --------------  REFERENCE DIMENSIONS  ------------
  MACH    ALTITUDE   VELOCITY    PRESSURE    TEMPERATURE     REYNOLDS             REF.      REFERENCE LENGTH   MOMENT REF. CENTER
 NUMBER                                                       NUMBER              AREA       LONG.     LAT.     HORIZ      VERT
              M        M/SEC      N/ M**2       DEG K         1/ M                M**2         M         M         M         M
0 0.220    2500.00      72.72   7.4692E+04     271.906     4.0513E+06            16.170      1.500    10.980     2.110     1.260
                                                    DYNAMIC DERIVATIVES (PER RADIAN)
0           -------PITCHING-------    -----ACCELERATION------    --------------ROLLING--------------    --------YAWING--------
0   ALPHA       CLQ          CMQ           CLAD         CMAD         CLP          CYP          CNP          CNR          CLR
0
    -8.00    7.575E+00   -1.532E+01     2.797E+00   -8.301E+00   -5.274E-01   -3.881E-02    3.553E-02   -4.839E-02   -1.009E-01
    -6.00                               2.857E+00   -8.482E+00   -5.055E-01   -4.127E-02    2.377E-02   -4.725E-02   -6.454E-02
    -4.00                               2.915E+00   -8.654E+00   -4.818E-01   -4.346E-02    1.219E-02   -4.699E-02   -2.978E-02
    -2.00                               2.812E+00   -8.348E+00   -4.705E-01   -4.536E-02    7.120E-04   -4.749E-02    3.081E-03
     0.00                               2.798E+00   -8.305E+00   -4.845E-01   -4.728E-02   -1.087E-02   -4.867E-02    3.616E-02
     2.00                               2.825E+00   -8.385E+00   -5.076E-01   -4.941E-02   -2.262E-02   -5.062E-02    7.106E-02
     4.00                               2.836E+00   -8.419E+00   -5.265E-01   -5.171E-02   -3.451E-02   -5.344E-02    1.074E-01
     6.00                               2.792E+00   -8.288E+00   -5.410E-01   -5.417E-02   -4.659E-02   -5.722E-02    1.450E-01
     8.00                               2.679E+00   -7.954E+00   -5.509E-01   -5.676E-02   -5.895E-02   -6.200E-02    1.834E-01
    10.00                               2.469E+00   -7.330E+00   -5.274E-01   -5.970E-02   -7.377E-02   -6.779E-02    2.222E-01
    12.00                               2.087E+00   -6.194E+00   -4.422E-01   -6.270E-02   -9.265E-02   -7.381E-02    2.569E-01
    14.00                               1.586E+00   -4.708E+00   -3.402E-01   -6.480E-02   -1.113E-01   -7.888E-02    2.829E-01
    16.00                               1.099E+00   -3.262E+00   -2.437E-01   -6.610E-02   -1.281E-01   -8.296E-02    3.024E-01
    18.00                               4.752E-01   -1.411E+00   -5.554E-02   -6.827E-02   -1.484E-01   -8.551E-02    3.141E-01
    20.00                               8.558E-02   -2.540E-01    2.165E-01   -6.695E-02   -1.519E-01   -8.367E-02    3.057E-01
1                            AUTOMATED STABILITY AND CONTROL METHODS PER APRIL 1976 VERSION OF DATCOM
                                         CHARACTERISTICS OF HIGH LIFT AND CONTROL DEVICES
                                            TAIL PLAIN TRAILING-EDGE FLAP CONFIGURATION
                                                 Cessna 172 - Full Aircraft M0.22
 -----------------------  FLIGHT CONDITIONS  ------------------------           --------------  REFERENCE DIMENSIONS  ------------
  MACH    ALTITUDE   VELOCITY    PRESSURE    TEMPERATURE     REYNOLDS             REF.      REFERENCE LENGTH   MOMENT REF. CENTER
 NUMBER                                                       NUMBER              AREA       LONG.     LAT.     HORIZ      VERT
              M        M/SEC      N/ M**2       DEG K         1/ M                M**2         M         M         M         M
0 0.220    2500.00      72.72   3.2581E+01     880.976     3.7638E+05            16.170      1.500    10.980     2.110     1.260
0            ---------INCREMENTS DUE TO DEFLECTION---------              ---DERIVATIVES (PER DEGREE)---
0     DELTA     D(CL)     D(CM)    D(CL MAX)    D(CD MIN)                (CLA)D     (CH)A       (CH)D


      -26.0    -0.151     0.3259     0.123      0.01735                  NDM      -6.516E-03  -1.429E-02
      -20.0    -0.140     0.3013     0.102      0.01074                  NDM                  -1.349E-02
      -10.0    -0.095     0.2019     0.059      0.00388                  NDM                  -1.180E-02
       -5.0    -0.048     0.1010     0.030      0.00189                  NDM                  -1.180E-02
        0.0     0.000    -0.0002     0.000      0.00000                  NDM                  -1.180E-02
        7.5     0.072    -0.1514     0.045      0.00287                  NDM                  -1.180E-02
       15.0     0.134    -0.2844     0.082      0.00701                  NDM                  -1.220E-02
       22.5     0.142    -0.3069     0.111      0.01334                  NDM                  -1.395E-02
       28.0     0.156    -0.3399     0.130      0.02010                  NDM                  -1.443E-02
0  *** NOTE * HINGE MOMENT DERIVATIVES ARE BASED ON TWICE THE AREA-MOMENT OF THE CONTROL ABOUT ITS HINGE LINE

0            --------- INDUCED DRAG COEFFICIENT INCREMENT , D(CDI) , DUE TO DEFLECTION ---------
0       DELTA = -26.0     -20.0     -10.0      -5.0       0.0       7.5      15.0      22.5      28.0
   ALPHA
0
    -8.0        1.35E-02  1.20E-02  6.66E-03  2.56E-03 -3.57E-06 -9.42E-04  1.09E-03  1.56E-03  2.51E-03
    -6.0        1.23E-02  1.09E-02  5.90E-03  2.18E-03 -2.81E-06 -3.68E-04  2.17E-03  2.71E-03  3.77E-03
    -4.0        1.10E-02  9.70E-03  5.12E-03  1.79E-03 -2.02E-06  2.17E-04  3.26E-03  3.87E-03  5.05E-03
    -2.0        9.70E-03  8.48E-03  4.29E-03  1.37E-03 -1.19E-06  8.40E-04  4.43E-03  5.12E-03  6.42E-03
     0.0        8.36E-03  7.23E-03  3.44E-03  9.49E-04 -3.49E-07  1.47E-03  5.62E-03  6.38E-03  7.82E-03
     2.0        7.02E-03  5.99E-03  2.60E-03  5.29E-04  4.90E-07  2.10E-03  6.80E-03  7.63E-03  9.20E-03
     4.0        5.71E-03  4.77E-03  1.77E-03  1.15E-04  1.32E-06  2.72E-03  7.97E-03  8.87E-03  1.06E-02
     6.0        4.39E-03  3.55E-03  9.42E-04 -3.02E-04  2.15E-06  3.35E-03  9.14E-03  1.01E-02  1.19E-02
     8.0        3.03E-03  2.29E-03  8.72E-05 -7.29E-04  3.01E-06  3.99E-03  1.03E-02  1.14E-02  1.33E-02
    10.0        1.60E-03  9.62E-04 -8.12E-04 -1.18E-03  3.91E-06  4.66E-03  1.16E-02  1.27E-02  1.48E-02
    12.0        4.47E-05 -4.81E-04 -1.79E-03 -1.67E-03  4.88E-06  5.40E-03  1.30E-02  1.42E-02  1.64E-02
    14.0       -1.74E-03 -2.14E-03 -2.92E-03 -2.23E-03  6.01E-06  6.24E-03  1.46E-02  1.59E-02  1.83E-02
    16.0       -3.77E-03 -4.02E-03 -4.19E-03 -2.87E-03  7.28E-06  7.20E-03  1.64E-02  1.78E-02  2.04E-02
    18.0       -6.01E-03 -6.10E-03 -5.60E-03 -3.57E-03  8.70E-06  8.26E-03  1.84E-02  1.99E-02  2.27E-02
    20.0       -8.62E-03 -8.52E-03 -7.25E-03 -4.40E-03  1.03E-05  9.49E-03  2.07E-02  2.24E-02  2.54E-02
0***NDM PRINTED WHEN NO DATCOM METHODS EXIST
1                               AUTOMATED STABILITY AND CONTROL METHODS PER APRIL 1976 VERSION OF DATCOM
                                         CHARACTERISTICS AT ANGLE OF ATTACK AND IN SIDESLIP
                                        WING-BODY-VERTICAL TAIL-HORIZONTAL TAIL CONFIGURATION
                                                 Cessna 172 - Full Aircraft M0.22
 
 -----------------------  FLIGHT CONDITIONS  ------------------------           --------------  REFERENCE DIMENSIONS  ------------
  MACH    ALTITUDE   VELOCITY    PRESSURE    TEMPERATURE     REYNOLDS             REF.      REFERENCE LENGTH   MOMENT REF. CENTER
 NUMBER                                                       NUMBER              AREA       LONG.     LAT.     HORIZ      VERT
              M        M/SEC      N/ M**2       DEG K         1/ M                M**2         M         M         M         M
0 0.220    3000.00      72.28   7.0121E+04     268.659     3.8628E+06            16.170      1.500    10.980     2.110     1.260
0                                                               -------------------DERIVATIVE (PER RADIAN)-------------------
0 ALPHA     CD       CL       CM       CN       CA       XCP        CLA          CMA          CYB          CNB          CLB
0
   -8.0    0.035   -0.625    0.1106  -0.624   -0.053   -0.177    5.998E+00   -7.665E-02   -2.953E-01    2.310E-02   -1.855E-01
   -6.0    0.025   -0.422    0.0949  -0.422   -0.019   -0.225    5.702E+00   -4.541E-01                             -1.918E-01
   -4.0    0.020   -0.227    0.0788  -0.228    0.004   -0.346    5.503E+00   -6.796E-01                             -1.979E-01
   -2.0    0.017   -0.038    0.0475  -0.038    0.016   -1.244    5.407E+00   -9.158E-01                             -2.035E-01
    0.0    0.018    0.151    0.0149   0.151    0.018    0.099    5.511E+00   -9.789E-01                             -2.090E-01
    2.0    0.022    0.347   -0.0208   0.348    0.010   -0.060    5.749E+00   -1.076E+00                             -2.147E-01
    4.0    0.031    0.552   -0.0602   0.553   -0.008   -0.109    5.967E+00   -1.194E+00                             -2.209E-01
    6.0    0.043    0.764   -0.1042   0.764   -0.037   -0.136    6.156E+00   -1.382E+00                             -2.274E-01
    8.0    0.060    0.982   -0.1567   0.981   -0.077   -0.160    6.305E+00   -1.608E+00                             -2.341E-01
   10.0    0.081    1.204   -0.2165   1.200   -0.129   -0.180    6.143E+00   -1.878E+00                             -2.409E-01
   12.0    0.105    1.411   -0.2878   1.402   -0.191   -0.205    5.391E+00   -2.225E+00                             -2.471E-01
   14.0    0.126    1.580   -0.3718   1.564   -0.260   -0.238    4.422E+00   -2.581E+00                             -2.518E-01
   16.0    0.146    1.719   -0.4680   1.693   -0.333   -0.276    3.479E+00   -2.927E+00                             -2.551E-01
   18.0    0.164    1.823     NA      1.784   -0.408    NA       1.699E+00      NA                                  -2.568E-01
   20.0    0.169    1.838     NA      1.785   -0.470    NA      -8.495E-01      NA                                  -2.549E-01
0                                    ALPHA     Q/QINF    EPSLON  D(EPSLON)/D(ALPHA)
0
                                     -8.0      0.915     -3.087        0.541
                                     -6.0      0.943     -2.005        0.537
                                     -4.0      0.998     -0.940        0.517
                                     -2.0      1.000      0.064        0.498
                                      0.0      1.000      1.052        0.496
                                      2.0      1.000      2.046        0.500
                                      4.0      1.000      3.053        0.502
                                      6.0      1.000      4.055        0.494
                                      8.0      1.000      5.031        0.475
                                     10.0      1.000      5.953        0.437
                                     12.0      1.000      6.780        0.370
                                     14.0      1.000      7.432        0.281
                                     16.0      1.000      7.904        0.195
                                     18.0      1.000      8.210        0.084
                                     20.0      1.000      8.241        0.015
0*** NA PRINTED WHEN METHOD NOT APPLICABLE
1                               AUTOMATED STABILITY AND CONTROL METHODS PER APRIL 1976 VERSION OF DATCOM
                                                         DYNAMIC DERIVATIVES
                                        WING-BODY-VERTICAL TAIL-HORIZONTAL TAIL CONFIGURATION
                                                 Cessna 172 - Full Aircraft M0.22
 
 -----------------------  FLIGHT CONDITIONS  ------------------------           --------------  REFERENCE DIMENSIONS  ------------
  MACH    ALTITUDE   VELOCITY    PRESSURE    TEMPERATURE     REYNOLDS             REF.      REFERENCE LENGTH   MOMENT REF. CENTER
 NUMBER                                                       NUMBER              AREA       LONG.     LAT.     HORIZ      VERT
              M        M/SEC      N/ M**2       DEG K         1/ M                M**2         M         M         M         M
0 0.220    3000.00      72.28   7.0121E+04     268.659     3.8628E+06            16.170      1.500    10.980     2.110     1.260
                                                    DYNAMIC DERIVATIVES (PER RADIAN)
0           -------PITCHING-------    -----ACCELERATION------    --------------ROLLING--------------    --------YAWING--------
0   ALPHA       CLQ          CMQ           CLAD         CMAD         CLP          CYP          CNP          CNR          CLR
0
    -8.00    7.573E+00   -1.532E+01     2.795E+00   -8.298E+00   -5.274E-01   -3.881E-02    3.553E-02   -4.840E-02   -1.009E-01
    -6.00                               2.856E+00   -8.478E+00   -5.055E-01   -4.127E-02    2.377E-02   -4.727E-02   -6.454E-02
    -4.00                               2.915E+00   -8.653E+00   -4.818E-01   -4.346E-02    1.219E-02   -4.701E-02   -2.978E-02
    -2.00                               2.812E+00   -8.348E+00   -4.705E-01   -4.536E-02    7.120E-04   -4.751E-02    3.081E-03
     0.00                               2.798E+00   -8.305E+00   -4.845E-01   -4.728E-02   -1.087E-02   -4.869E-02    3.616E-02
     2.00                               2.825E+00   -8.385E+00   -5.076E-01   -4.941E-02   -2.262E-02   -5.063E-02    7.106E-02
     4.00                               2.836E+00   -8.419E+00   -5.265E-01   -5.171E-02   -3.451E-02   -5.345E-02    1.074E-01
     6.00                               2.792E+00   -8.288E+00   -5.410E-01   -5.417E-02   -4.659E-02   -5.723E-02    1.450E-01
     8.00                               2.679E+00   -7.954E+00   -5.509E-01   -5.676E-02   -5.895E-02   -6.201E-02    1.834E-01
    10.00                               2.469E+00   -7.330E+00   -5.274E-01   -5.970E-02   -7.377E-02   -6.780E-02    2.222E-01
    12.00                               2.087E+00   -6.194E+00   -4.422E-01   -6.270E-02   -9.265E-02   -7.382E-02    2.569E-01
    14.00                               1.586E+00   -4.708E+00   -3.402E-01   -6.480E-02   -1.113E-01   -7.890E-02    2.829E-01
    16.00                               1.099E+00   -3.262E+00   -2.437E-01   -6.610E-02   -1.281E-01   -8.298E-02    3.024E-01
    18.00                               4.752E-01   -1.411E+00   -5.554E-02   -6.827E-02   -1.484E-01   -8.553E-02    3.141E-01
    20.00                               8.558E-02   -2.540E-01    2.165E-01   -6.695E-02   -1.519E-01   -8.369E-02    3.057E-01
1                            AUTOMATED STABILITY AND CONTROL METHODS PER APRIL 1976 VERSION OF DATCOM
                                         CHARACTERISTICS OF HIGH LIFT AND CONTROL DEVICES
                                            TAIL PLAIN TRAILING-EDGE FLAP CONFIGURATION
                                                 Cessna 172 - Full Aircraft M0.22
 -----------------------  FLIGHT CONDITIONS  ------------------------           --------------  REFERENCE DIMENSIONS  ------------
  MACH    ALTITUDE   VELOCITY    PRESSURE    TEMPERATURE     REYNOLDS             REF.      REFERENCE LENGTH   MOMENT REF. CENTER
 NUMBER                                                       NUMBER              AREA       LONG.     LAT.     HORIZ      VERT
              M        M/SEC      N/ M**2       DEG K         1/ M                M**2         M         M         M         M
0 0.220    3000.00      72.28   3.0587E+01     870.455     3.5887E+05            16.170      1.500    10.980     2.110     1.260
0            ---------INCREMENTS DUE TO DEFLECTION---------              ---DERIVATIVES (PER DEGREE)---
0     DELTA     D(CL)     D(CM)    D(CL MAX)    D(CD MIN)                (CLA)D     (CH)A       (CH)D


      -26.0    -0.151     0.3091     0.123      0.01735                  NDM      -6.515E-03  -1.431E-02
      -20.0    -0.140     0.2858     0.102      0.01074                  NDM                  -1.351E-02
      -10.0    -0.095     0.1914     0.059      0.00388                  NDM                  -1.183E-02
       -5.0    -0.048     0.0957     0.030      0.00189                  NDM                  -1.183E-02
        0.0     0.000    -0.0002     0.000      0.00000                  NDM                  -1.183E-02
        7.5     0.072    -0.1435     0.045      0.00287                  NDM                  -1.183E-02
       15.0     0.134    -0.2696     0.082      0.00701                  NDM                  -1.222E-02
       22.5     0.142    -0.2911     0.111      0.01334                  NDM                  -1.397E-02
       28.0     0.156    -0.3225     0.130      0.02010                  NDM                  -1.445E-02
0  *** NOTE * HINGE MOMENT DERIVATIVES ARE BASED ON TWICE THE AREA-MOMENT OF THE CONTROL ABOUT ITS HINGE LINE

0            --------- INDUCED DRAG COEFFICIENT INCREMENT , D(CDI) , DUE TO DEFLECTION ---------
0       DELTA = -26.0     -20.0     -10.0      -5.0       0.0       7.5      15.0      22.5      28.0
   ALPHA
0
    -8.0        1.34E-02  1.20E-02  6.65E-03  2.55E-03 -3.57E-06 -9.43E-04  1.08E-03  1.55E-03  2.49E-03
    -6.0        1.22E-02  1.08E-02  5.88E-03  2.17E-03 -2.80E-06 -3.70E-04  2.15E-03  2.69E-03  3.75E-03
    -4.0        1.10E-02  9.68E-03  5.11E-03  1.78E-03 -2.02E-06  2.15E-04  3.25E-03  3.86E-03  5.03E-03
    -2.0        9.67E-03  8.45E-03  4.28E-03  1.37E-03 -1.19E-06  8.37E-04  4.42E-03  5.10E-03  6.40E-03
     0.0        8.33E-03  7.21E-03  3.43E-03  9.46E-04 -3.49E-07  1.47E-03  5.60E-03  6.36E-03  7.79E-03
     2.0        7.00E-03  5.98E-03  2.59E-03  5.27E-04  4.89E-07  2.10E-03  6.78E-03  7.61E-03  9.17E-03
     4.0        5.69E-03  4.76E-03  1.77E-03  1.13E-04  1.32E-06  2.72E-03  7.95E-03  8.85E-03  1.05E-02
     6.0        4.37E-03  3.53E-03  9.36E-04 -3.02E-04  2.15E-06  3.34E-03  9.12E-03  1.01E-02  1.19E-02
     8.0        3.01E-03  2.27E-03  8.26E-05 -7.29E-04  3.00E-06  3.98E-03  1.03E-02  1.14E-02  1.33E-02
    10.0        1.59E-03  9.51E-04 -8.15E-04 -1.18E-03  3.90E-06  4.65E-03  1.16E-02  1.27E-02  1.48E-02
    12.0        3.34E-05 -4.90E-04 -1.79E-03 -1.67E-03  4.88E-06  5.39E-03  1.30E-02  1.42E-02  1.64E-02
    14.0       -1.75E-03 -2.15E-03 -2.92E-03 -2.23E-03  6.00E-06  6.23E-03  1.45E-02  1.58E-02  1.83E-02
    16.0       -3.77E-03 -4.02E-03 -4.19E-03 -2.86E-03  7.27E-06  7.19E-03  1.63E-02  1.78E-02  2.04E-02
    18.0       -6.02E-03 -6.10E-03 -5.60E-03 -3.57E-03  8.68E-06  8.24E-03  1.83E-02  1.99E-02  2.27E-02
    20.0       -8.62E-03 -8.52E-03 -7.24E-03 -4.39E-03  1.03E-05  9.47E-03  2.06E-02  2.23E-02  2.54E-02
0***NDM PRINTED WHEN NO DATCOM METHODS EXIST
1                               AUTOMATED STABILITY AND CONTROL METHODS PER APRIL 1976 VERSION OF DATCOM
                                         CHARACTERISTICS AT ANGLE OF ATTACK AND IN SIDESLIP
                                        WING-BODY-VERTICAL TAIL-HORIZONTAL TAIL CONFIGURATION
                                                 Cessna 172 - Full Aircraft M0.22
 
 -----------------------  FLIGHT CONDITIONS  ------------------------           --------------  REFERENCE DIMENSIONS  ------------
  MACH    ALTITUDE   VELOCITY    PRESSURE    TEMPERATURE     REYNOLDS             REF.      REFERENCE LENGTH   MOMENT REF. CENTER
 NUMBER                                                       NUMBER              AREA       LONG.     LAT.     HORIZ      VERT
              M        M/SEC      N/ M**2       DEG K         1/ M                M**2         M         M         M         M
0 0.220    3658.00      71.70   6.4455E+04     264.387     3.6250E+06            16.170      1.500    10.980     2.110     1.260
0                                                               -------------------DERIVATIVE (PER RADIAN)-------------------
0 ALPHA     CD       CL       CM       CN       CA       XCP        CLA          CMA          CYB          CNB          CLB
0
   -8.0    0.035   -0.625    0.1105  -0.624   -0.053   -0.177    5.998E+00   -7.604E-02   -2.953E-01    2.335E-02   -1.855E-01
   -6.0    0.025   -0.422    0.0949  -0.422   -0.019   -0.225    5.702E+00   -4.530E-01                             -1.918E-01
   -4.0    0.020   -0.227    0.0789  -0.228    0.004   -0.346    5.502E+00   -6.782E-01                             -1.979E-01
   -2.0    0.017   -0.038    0.0475  -0.038    0.016   -1.245    5.407E+00   -9.155E-01                             -2.035E-01
    0.0    0.018    0.151    0.0150   0.151    0.018    0.099    5.510E+00   -9.790E-01                             -2.090E-01
    2.0    0.023    0.347   -0.0208   0.348    0.011   -0.060    5.749E+00   -1.076E+00                             -2.147E-01
    4.0    0.031    0.552   -0.0602   0.553   -0.008   -0.109    5.967E+00   -1.194E+00                             -2.209E-01
    6.0    0.043    0.764   -0.1042   0.764   -0.037   -0.136    6.156E+00   -1.382E+00                             -2.274E-01
    8.0    0.060    0.982   -0.1567   0.981   -0.077   -0.160    6.305E+00   -1.608E+00                             -2.341E-01
   10.0    0.081    1.204   -0.2164   1.200   -0.129   -0.180    6.143E+00   -1.878E+00                             -2.409E-01
   12.0    0.105    1.411   -0.2877   1.402   -0.191   -0.205    5.391E+00   -2.225E+00                             -2.471E-01
   14.0    0.127    1.580   -0.3718   1.564   -0.260   -0.238    4.422E+00   -2.581E+00                             -2.518E-01
   16.0    0.147    1.719   -0.4679   1.693   -0.333   -0.276    3.479E+00   -2.927E+00                             -2.551E-01
   18.0    0.164    1.823     NA      1.784   -0.408    NA       1.699E+00      NA                                  -2.568E-01
   20.0    0.169    1.838     NA      1.785   -0.470    NA      -8.495E-01      NA                                  -2.549E-01
0                                    ALPHA     Q/QINF    EPSLON  D(EPSLON)/D(ALPHA)
0
                                     -8.0      0.914     -3.087        0.541
                                     -6.0      0.942     -2.005        0.537
                                     -4.0      0.998     -0.940        0.517
                                     -2.0      1.000      0.064        0.498
                                      0.0      1.000      1.052        0.496
                                      2.0      1.000      2.046        0.500
                                      4.0      1.000      3.053        0.502
                                      6.0      1.000      4.055        0.494
                                      8.0      1.000      5.031        0.475
                                     10.0      1.000      5.953        0.437
                                     12.0      1.000      6.780        0.370
                                     14.0      1.000      7.432        0.281
                                     16.0      1.000      7.904        0.195
                                     18.0      1.000      8.210        0.084
                                     20.0      1.000      8.241        0.015
0*** NA PRINTED WHEN METHOD NOT APPLICABLE
1                               AUTOMATED STABILITY AND CONTROL METHODS PER APRIL 1976 VERSION OF DATCOM
                                                         DYNAMIC DERIVATIVES
                                        WING-BODY-VERTICAL TAIL-HORIZONTAL TAIL CONFIGURATION
                                                 Cessna 172 - Full Aircraft M0.22
 
 -----------------------  FLIGHT CONDITIONS  ------------------------           --------------  REFERENCE DIMENSIONS  ------------
  MACH    ALTITUDE   VELOCITY    PRESSURE    TEMPERATURE     REYNOLDS             REF.      REFERENCE LENGTH   MOMENT REF. CENTER
 NUMBER                                                       NUMBER              AREA       LONG.     LAT.     HORIZ      VERT
              M        M/SEC      N/ M**2       DEG K         1/ M                M**2         M         M         M         M
0 0.220    3658.00      71.70   6.4455E+04     264.387     3.6250E+06            16.170      1.500    10.980     2.110     1.260
                                                    DYNAMIC DERIVATIVES (PER RADIAN)
0           -------PITCHING-------    -----ACCELERATION------    --------------ROLLING--------------    --------YAWING--------
0   ALPHA       CLQ          CMQ           CLAD         CMAD         CLP          CYP          CNP          CNR          CLR
0
    -8.00    7.571E+00   -1.531E+01     2.794E+00   -8.294E+00   -5.274E-01   -3.881E-02    3.553E-02   -4.842E-02   -1.009E-01
    -6.00                               2.854E+00   -8.473E+00   -5.055E-01   -4.127E-02    2.377E-02   -4.729E-02   -6.454E-02
    -4.00                               2.915E+00   -8.652E+00   -4.818E-01   -4.346E-02    1.219E-02   -4.703E-02   -2.978E-02
    -2.00                               2.812E+00   -8.348E+00   -4.705E-01   -4.536E-02    7.120E-04   -4.753E-02    3.081E-03
     0.00                               2.798E+00   -8.305E+00   -4.845E-01   -4.728E-02   -1.087E-02   -4.871E-02    3.616E-02
     2.00                               2.825E+00   -8.385E+00   -5.076E-01   -4.941E-02   -2.262E-02   -5.065E-02    7.106E-02
     4.00                               2.836E+00   -8.419E+00   -5.265E-01   -5.171E-02   -3.451E-02   -5.348E-02    1.074E-01
     6.00                               2.792E+00   -8.288E+00   -5.410E-01   -5.417E-02   -4.659E-02   -5.725E-02    1.450E-01
     8.00                               2.679E+00   -7.954E+00   -5.509E-01   -5.676E-02   -5.895E-02   -6.203E-02    1.834E-01
    10.00                               2.469E+00   -7.330E+00   -5.274E-01   -5.970E-02   -7.377E-02   -6.782E-02    2.222E-01
    12.00                               2.087E+00   -6.194E+00   -4.422E-01   -6.270E-02   -9.265E-02   -7.385E-02    2.569E-01
    14.00                               1.586E+00   -4.708E+00   -3.402E-01   -6.480E-02   -1.113E-01   -7.892E-02    2.829E-01
    16.00                               1.099E+00   -3.262E+00   -2.437E-01   -6.610E-02   -1.281E-01   -8.300E-02    3.024E-01
    18.00                               4.752E-01   -1.411E+00   -5.555E-02   -6.827E-02   -1.484E-01   -8.555E-02    3.141E-01
    20.00                               8.558E-02   -2.540E-01    2.165E-01   -6.695E-02   -1.519E-01   -8.371E-02    3.057E-01
1                            AUTOMATED STABILITY AND CONTROL METHODS PER APRIL 1976 VERSION OF DATCOM
                                         CHARACTERISTICS OF HIGH LIFT AND CONTROL DEVICES
                                            TAIL PLAIN TRAILING-EDGE FLAP CONFIGURATION
                                                 Cessna 172 - Full Aircraft M0.22
 -----------------------  FLIGHT CONDITIONS  ------------------------           --------------  REFERENCE DIMENSIONS  ------------
  MACH    ALTITUDE   VELOCITY    PRESSURE    TEMPERATURE     REYNOLDS             REF.      REFERENCE LENGTH   MOMENT REF. CENTER
 NUMBER                                                       NUMBER              AREA       LONG.     LAT.     HORIZ      VERT
              M        M/SEC      N/ M**2       DEG K         1/ M                M**2         M         M         M         M
0 0.220    3658.00      71.70   2.8115E+01     856.612     3.3677E+05            16.170      1.500    10.980     2.110     1.260
0            ---------INCREMENTS DUE TO DEFLECTION---------              ---DERIVATIVES (PER DEGREE)---
0     DELTA     D(CL)     D(CM)    D(CL MAX)    D(CD MIN)                (CLA)D     (CH)A       (CH)D


      -26.0    -0.150     0.2959     0.123      0.01735                  NDM      -6.513E-03  -1.433E-02
      -20.0    -0.139     0.2735     0.102      0.01074                  NDM                  -1.353E-02
      -10.0    -0.095     0.1830     0.059      0.00388                  NDM                  -1.185E-02
       -5.0    -0.048     0.0915     0.030      0.00189                  NDM                  -1.185E-02
        0.0     0.000    -0.0002     0.000      0.00000                  NDM                  -1.185E-02
        7.5     0.071    -0.1373     0.045      0.00287                  NDM                  -1.185E-02
       15.0     0.133    -0.2578     0.082      0.00701                  NDM                  -1.225E-02
       22.5     0.141    -0.2787     0.111      0.01334                  NDM                  -1.399E-02
       28.0     0.156    -0.3088     0.130      0.02010                  NDM                  -1.448E-02
0  *** NOTE * HINGE MOMENT DERIVATIVES ARE BASED ON TWICE THE AREA-MOMENT OF THE CONTROL ABOUT ITS HINGE LINE

0            --------- INDUCED DRAG COEFFICIENT INCREMENT , D(CDI) , DUE TO DEFLECTION ---------
0       DELTA = -26.0     -20.0     -10.0      -5.0       0.0       7.5      15.0      22.5      28.0
   ALPHA
0
    -8.0        1.34E-02  1.19E-02  6.63E-03  2.55E-03 -3.56E-06 -9.45E-04  1.06E-03  1.53E-03  2.47E-03
    -6.0        1.22E-02  1.08E-02  5.87E-03  2.17E-03 -2.80E-06 -3.73E-04  2.14E-03  2.67E-03  3.73E-03
    -4.0        1.10E-02  9.65E-03  5.09E-03  1.78E-03 -2.02E-06  2.11E-04  3.23E-03  3.84E-03  5.01E-03
    -2.0        9.64E-03  8.42E-03  4.26E-03  1.36E-03 -1.19E-06  8.32E-04  4.40E-03  5.07E-03  6.37E-03
     0.0        8.30E-03  7.18E-03  3.42E-03  9.43E-04 -3.48E-07  1.46E-03  5.58E-03  6.33E-03  7.76E-03
     2.0        6.97E-03  5.95E-03  2.58E-03  5.25E-04  4.88E-07  2.09E-03  6.76E-03  7.58E-03  9.14E-03
     4.0        5.66E-03  4.73E-03  1.76E-03  1.12E-04  1.31E-06  2.71E-03  7.92E-03  8.82E-03  1.05E-02
     6.0        4.34E-03  3.51E-03  9.28E-04 -3.03E-04  2.14E-06  3.33E-03  9.09E-03  1.01E-02  1.19E-02
     8.0        2.99E-03  2.26E-03  7.66E-05 -7.29E-04  3.00E-06  3.97E-03  1.03E-02  1.13E-02  1.33E-02
    10.0        1.57E-03  9.36E-04 -8.19E-04 -1.18E-03  3.89E-06  4.64E-03  1.15E-02  1.27E-02  1.47E-02
    12.0        1.86E-05 -5.02E-04 -1.79E-03 -1.66E-03  4.87E-06  5.37E-03  1.29E-02  1.41E-02  1.64E-02
    14.0       -1.76E-03 -2.15E-03 -2.92E-03 -2.23E-03  5.99E-06  6.21E-03  1.45E-02  1.58E-02  1.82E-02
    16.0       -3.78E-03 -4.03E-03 -4.19E-03 -2.86E-03  7.26E-06  7.17E-03  1.63E-02  1.77E-02  2.03E-02
    18.0       -6.02E-03 -6.10E-03 -5.59E-03 -3.56E-03  8.67E-06  8.22E-03  1.83E-02  1.98E-02  2.26E-02
    20.0       -8.62E-03 -8.52E-03 -7.23E-03 -4.38E-03  1.03E-05  9.45E-03  2.06E-02  2.23E-02  2.53E-02
0***NDM PRINTED WHEN NO DATCOM METHODS EXIST
 Return to main program from M57O71
1          THE FOLLOWING IS A LIST OF ALL INPUT CARDS FOR THIS CASE.
0
1 END OF JOB.
