 THIS SOFTWARE AND ANY ACCOMPANYING DOCUMENTATION
 IS RELEASED "AS IS".  THE U.S. GOVERNMENT MAKES NO
 WARRANTY OF ANY KIND, EXPRESS OR IMPLIED, CONCERNING
 THIS SOFTWARE AND ANY ACCOMPANYING DOCUMENTATION,
 INCLUDING, WITHOUT LIMITATION, ANY WARRANTIES OF
 MERCHANTABILITY OR FITNESS FOR A PARTICULAR PURPOSE.
 IN NO EVENT WILL THE U.S. GOVERNMENT BE LIABLE FOR ANY
 DAMAGES, INCLUDING LOST PROFITS, LOST SAVINGS OR OTHER
 INCIDENTAL OR CONSEQUENTIAL DAMAGES ARISING OUT OF THE 
 USE, OR INABILITY TO USE, THIS SOFTWARE OR ANY
 ACCOMPANYING DOCUMENTATION, EVEN IF INFORMED IN ADVANCE
 OF THE POSSIBILITY OF SUCH DAMAGES.
  ****************************************************
  *    USAF STABILITY AND CONTROL  DIGITAL DATCOM    *
  *    PROGRAM REV. JAN 96   DIRECT INQUIRIES TO:    *
  *    WRIGHT LABORATORY  (WL/FIGC)  ATTN: W. BLAKE  *
  *      WRIGHT PATTERSON AFB, OHIO  45433           *
  *    PHONE (513) 255-6764,   FAX (513) 258-4054    *
  ****************************************************
 Preparing to start the big loop
 At 1000
1                         CONERR - INPUT ERROR CHECKING
0 ERROR CODES - N* DENOTES THE NUMBER OF OCCURENCES OF EACH ERROR
0 A - UNKNOWN VARIABLE NAME
0 B - MISSING EQUAL SIGN FOLLOWING VARIABLE NAME
0 C - NON-ARRAY VARIABLE HAS AN ARRAY ELEMENT DESIGNATION - (N)
0 D - NON-ARRAY VARIABLE HAS MULTIPLE VALUES ASSIGNED
0 E - ASSIGNED VALUES EXCEED ARRAY DIMENSION
0 F - SYNTAX ERROR

0******************************  INPUT DATA CARDS  ******************************

 CASEID B738 M025 CLEAN LOW SPEED HIGH ALPHA                                     
 DIM M                                                                           
 DERIV RAD                                                                       
  $FLTCON                                                                        
   LOOP=3.0,                                                                     
   NMACH=1.0,                                                                    
   MACH(1)=0.25,                                                                 
   NALT=10.0,                                                                    
   ALT(1)=0.0,1524.0,3048.0,4572.0,6096.0,                                       
   ALT(6)=7620.0,9144.0,10668.0,11887.2,12496.8,                                 
   NALPHA=16.0,                                                                  
   ALSCHD(1)=-8.0,-6.0,-4.0,-2.0,0.0,2.0,4.0,6.0,                                
   ALSCHD(9)=8.0,10.0,12.0,14.0,16.0,18.0,20.0,22.0$                             
  $OPTINS                                                                        
   SREF=124.583,                                                                 
   CBARR=3.9576,                                                                 
   BLREF=34.3154$                                                                
  $SYNTHS                                                                        
   XCG=17.000,                                                                   
   ZCG=0.000,                                                                    
   XW=13.610,                                                                    
   ZW=-1.270,                                                                    
   ALIW=1.000,                                                                   
   XH=33.800,                                                                    
   ZH=1.890,                                                                     
   ALIH=0.000,                                                                   
   XV=32.130,                                                                    
   ZV=2.320,                                                                     
   SCALE=1.000,                                                                  
   VERTUP=.TRUE.$                                                                
  $BODY                                                                          
   NX=15.0,                                                                      
   BNOSE=2.0,                                                                    
   BTAIL=2.0,                                                                    
   BLA=20.0,                                                                     
   X(1)=0.0000,0.4206,1.4722,2.1031,2.7341,                                      
   X(6)=4.2062,8.4125,16.8250,27.2796,30.4495,                                   
   X(11)=31.4858,33.5890,35.6921,37.7952,38.0086,                                
   ZU(1)=0.2103,0.6309,1.0516,1.3350,1.7892,                                     
   ZU(6)=2.1031,2.5237,2.5237,2.5237,2.5237,                                     
   ZU(11)=2.5237,2.4201,2.3134,2.2860,2.1031,                                    
   ZL(1)=-0.1067,-0.5273,-1.0516,-1.1582,-1.2619,                                
   ZL(6)=-1.3686,-1.4722,-1.4722,-1.4722,-1.0516,                                
   ZL(11)=-0.8412,-0.2469,0.3170,1.2619,1.8928,                                  
   S(1)=0.0511,0.7646,2.6840,4.1165,6.0443,                                      
   S(6)=8.6056,11.8739,11.8739,11.8739,10.0437,                                  
   S(11)=8.8890,5.2843,2.6375,0.3382,0.0102$                                     
  $WGPLNF                                                                        
   CHRDR=7.8770,                                                                 
   CHRDBP=5.7117,                                                                
   CHRDTP=1.2510,                                                                
   SSPN=17.1577,                                                                 
   SSPNE=15.2800,                                                                
   SSPNOP=0.7750,                                                                
   SAVSI=25.020,                                                                 
   SAVSO=25.020,                                                                 
   CHSTAT=0.250,                                                                 
   TWISTA=0.000,                                                                 
   DHDADI=6.000,                                                                 
   DHDADO=6.000,                                                                 
   TYPE=1.000$                                                                   
 NACA-W-6-64A412                                                                 
  $VTPLNF                                                                        
   CHRDR=5.8074,                                                                 
   CHRDTP=1.5748,                                                                
   SSPN=7.1628,                                                                  
   SSPNE=6.4000,                                                                 
   SAVSI=35.000,                                                                 
   CHSTAT=0.250,                                                                 
   TWISTA=0.000,                                                                 
   TYPE=1.000$                                                                   
 NACA-V-4-0012                                                                   
  $HTPLNF                                                                        
   CHRDR=3.7980,                                                                 
   CHRDTP=0.7710,                                                                
   SSPN=7.1750,                                                                  
   SSPNE=5.3000,                                                                 
   SAVSI=30.000,                                                                 
   CHSTAT=0.250,                                                                 
   TWISTA=0.000,                                                                 
   DHDADI=7.000,                                                                 
   TYPE=1.000$                                                                   
 NACA-H-4-0012                                                                   
 DAMP                                                                            
 NEXT CASE                                                                       
 CASEID B738 M025 DOUBLE SLOTTED TE FLAP                                         
 DIM M                                                                           
 DERIV RAD                                                                       
  $FLTCON                                                                        
   LOOP=3.0,                                                                     
   NMACH=1.0,                                                                    
   MACH(1)=0.25,                                                                 
   NALT=4.0,                                                                     
   ALT(1)=0.0,1524.0,3048.0,4572.0,                                              
   NALPHA=16.0,                                                                  
   ALSCHD(1)=-8.0,-6.0,-4.0,-2.0,0.0,2.0,4.0,6.0,                                
   ALSCHD(9)=8.0,10.0,12.0,14.0,16.0,18.0,20.0,22.0$                             
  $OPTINS                                                                        
   SREF=124.583,CBARR=3.9576,BLREF=34.3154$                                      
  $SYNTHS                                                                        
   XCG=17.000,ZCG=0.000,XW=13.610,ZW=-1.270,ALIW=1.000,                          
   SCALE=1.000,VERTUP=.TRUE.$                                                    
  $BODY                                                                          
   NX=15.0,BNOSE=2.0,BTAIL=2.0,BLA=20.0,                                         
   X(1)=0.0000,0.4206,1.4722,2.1031,2.7341,                                      
   X(6)=4.2062,8.4125,16.8250,27.2796,30.4495,                                   
   X(11)=31.4858,33.5890,35.6921,37.7952,38.0086,                                
   ZU(1)=0.2103,0.6309,1.0516,1.3350,1.7892,                                     
   ZU(6)=2.1031,2.5237,2.5237,2.5237,2.5237,                                     
   ZU(11)=2.5237,2.4201,2.3134,2.2860,2.1031,                                    
   ZL(1)=-0.1067,-0.5273,-1.0516,-1.1582,-1.2619,                                
   ZL(6)=-1.3686,-1.4722,-1.4722,-1.4722,-1.0516,                                
   ZL(11)=-0.8412,-0.2469,0.3170,1.2619,1.8928,                                  
   S(1)=0.0511,0.7646,2.6840,4.1165,6.0443,                                      
   S(6)=8.6056,11.8739,11.8739,11.8739,10.0437,                                  
   S(11)=8.8890,5.2843,2.6375,0.3382,0.0102$                                     
  $WGPLNF                                                                        
   CHRDR=7.8770,CHRDBP=5.7117,CHRDTP=1.2510,                                     
   SSPN=17.1577,SSPNE=15.2800,SSPNOP=0.7750,                                     
   SAVSI=25.020,SAVSO=25.020,CHSTAT=0.250,TWISTA=0.000,                          
   DHDADI=6.000,DHDADO=6.000,TYPE=1.000$                                         
 NACA-W-6-64A412                                                                 
  $SYMFLP                                                                        
   FTYPE=4.0,                                                                    
   NTYPE=1.0,                                                                    
   SPANFI=3.4315,                                                                
   SPANFO=12.0104,                                                               
   CHRDFI=1.5600,                                                                
   CHRDFO=0.8100,                                                                
   NDELTA=7.0,                                                                   
   DELTA(1)=0.0,5.0,10.0,15.0,25.0,30.0,40.0$                                    
 NEXT CASE                                                                       
 CASEID B738 M025 ELEVATOR FULL AIRCRAFT                                         
 DIM M                                                                           
 DERIV RAD                                                                       
  $FLTCON                                                                        
   LOOP=3.0,                                                                     
   NMACH=1.0,                                                                    
   MACH(1)=0.25,                                                                 
   NALT=10.0,                                                                    
   ALT(1)=0.0,1524.0,3048.0,4572.0,6096.0,                                       
   ALT(6)=7620.0,9144.0,10668.0,11887.2,12496.8,                                 
   NALPHA=12.0,                                                                  
   ALSCHD(1)=-6.0,-4.0,-2.0,0.0,2.0,4.0,                                         
   ALSCHD(7)=6.0,8.0,10.0,12.0,14.0,16.0$                                        
  $OPTINS                                                                        
   SREF=124.583,CBARR=3.9576,BLREF=34.3154$                                      
  $SYNTHS                                                                        
   XCG=17.000,ZCG=0.000,XW=13.610,ZW=-1.270,ALIW=1.000,                          
   XH=33.800,ZH=1.890,ALIH=0.000,XV=32.130,ZV=2.320,                             
   SCALE=1.000,VERTUP=.TRUE.$                                                    
  $BODY                                                                          
   NX=15.0,BNOSE=2.0,BTAIL=2.0,BLA=20.0,                                         
   X(1)=0.0000,0.4206,1.4722,2.1031,2.7341,                                      
   X(6)=4.2062,8.4125,16.8250,27.2796,30.4495,                                   
   X(11)=31.4858,33.5890,35.6921,37.7952,38.0086,                                
   ZU(1)=0.2103,0.6309,1.0516,1.3350,1.7892,                                     
   ZU(6)=2.1031,2.5237,2.5237,2.5237,2.5237,                                     
   ZU(11)=2.5237,2.4201,2.3134,2.2860,2.1031,                                    
   ZL(1)=-0.1067,-0.5273,-1.0516,-1.1582,-1.2619,                                
   ZL(6)=-1.3686,-1.4722,-1.4722,-1.4722,-1.0516,                                
   ZL(11)=-0.8412,-0.2469,0.3170,1.2619,1.8928,                                  
   S(1)=0.0511,0.7646,2.6840,4.1165,6.0443,                                      
   S(6)=8.6056,11.8739,11.8739,11.8739,10.0437,                                  
   S(11)=8.8890,5.2843,2.6375,0.3382,0.0102$                                     
  $WGPLNF                                                                        
   CHRDR=7.8770,CHRDBP=5.7117,CHRDTP=1.2510,                                     
   SSPN=17.1577,SSPNE=15.2800,SSPNOP=0.7750,                                     
   SAVSI=25.020,SAVSO=25.020,CHSTAT=0.250,TWISTA=0.000,                          
   DHDADI=6.000,DHDADO=6.000,TYPE=1.000$                                         
 NACA-W-6-64A412                                                                 
  $VTPLNF                                                                        
   CHRDR=5.8074,CHRDTP=1.5748,SSPN=7.1628,SSPNE=6.4000,                          
   SAVSI=35.000,CHSTAT=0.250,TWISTA=0.000,TYPE=1.000$                            
 NACA-V-4-0012                                                                   
  $HTPLNF                                                                        
   CHRDR=3.7980,CHRDTP=0.7710,SSPN=7.1750,SSPNE=5.3000,                          
   SAVSI=30.000,CHSTAT=0.250,TWISTA=0.000,DHDADI=7.000,                          
   TYPE=1.000$                                                                   
 NACA-H-4-0012                                                                   
  $SYMFLP                                                                        
   FTYPE=1.0,                                                                    
   NTYPE=1.0,                                                                    
   SPANFI=1.8750,                                                                
   SPANFO=6.8000,                                                                
   CHRDFI=0.9500,                                                                
   CHRDFO=0.3000,                                                                
   NDELTA=9.0,                                                                   
   DELTA(1)=-25.0,-20.0,-10.0,-5.0,0.0,                                          
   DELTA(6)=5.0,10.0,15.0,25.0$                                                  
 NEXT CASE                                                                       
 CASEID B738 M025 AILERON FULL AIRCRAFT                                          
 DIM M                                                                           
 DERIV RAD                                                                       
  $FLTCON                                                                        
   LOOP=3.0,                                                                     
   NMACH=1.0,                                                                    
   MACH(1)=0.25,                                                                 
   NALT=10.0,                                                                    
   ALT(1)=0.0,1524.0,3048.0,4572.0,6096.0,                                       
   ALT(6)=7620.0,9144.0,10668.0,11887.2,12496.8,                                 
   NALPHA=12.0,                                                                  
   ALSCHD(1)=-6.0,-4.0,-2.0,0.0,2.0,4.0,                                         
   ALSCHD(7)=6.0,8.0,10.0,12.0,14.0,16.0$                                        
  $OPTINS                                                                        
   SREF=124.583,CBARR=3.9576,BLREF=34.3154$                                      
  $SYNTHS                                                                        
   XCG=17.000,ZCG=0.000,XW=13.610,ZW=-1.270,ALIW=1.000,                          
   XH=33.800,ZH=1.890,ALIH=0.000,XV=32.130,ZV=2.320,                             
   SCALE=1.000,VERTUP=.TRUE.$                                                    
  $BODY                                                                          
   NX=15.0,BNOSE=2.0,BTAIL=2.0,BLA=20.0,                                         
   X(1)=0.0000,0.4206,1.4722,2.1031,2.7341,                                      
   X(6)=4.2062,8.4125,16.8250,27.2796,30.4495,                                   
   X(11)=31.4858,33.5890,35.6921,37.7952,38.0086,                                
   ZU(1)=0.2103,0.6309,1.0516,1.3350,1.7892,                                     
   ZU(6)=2.1031,2.5237,2.5237,2.5237,2.5237,                                     
   ZU(11)=2.5237,2.4201,2.3134,2.2860,2.1031,                                    
   ZL(1)=-0.1067,-0.5273,-1.0516,-1.1582,-1.2619,                                
   ZL(6)=-1.3686,-1.4722,-1.4722,-1.4722,-1.0516,                                
   ZL(11)=-0.8412,-0.2469,0.3170,1.2619,1.8928,                                  
   S(1)=0.0511,0.7646,2.6840,4.1165,6.0443,                                      
   S(6)=8.6056,11.8739,11.8739,11.8739,10.0437,                                  
   S(11)=8.8890,5.2843,2.6375,0.3382,0.0102$                                     
  $WGPLNF                                                                        
   CHRDR=7.8770,CHRDBP=5.7117,CHRDTP=1.2510,                                     
   SSPN=17.1577,SSPNE=15.2800,SSPNOP=0.7750,                                     
   SAVSI=25.020,SAVSO=25.020,CHSTAT=0.250,TWISTA=0.000,                          
   DHDADI=6.000,DHDADO=6.000,TYPE=1.000$                                         
 NACA-W-6-64A412                                                                 
  $VTPLNF                                                                        
   CHRDR=5.8074,CHRDTP=1.5748,SSPN=7.1628,SSPNE=6.4000,                          
   SAVSI=35.000,CHSTAT=0.250,TWISTA=0.000,TYPE=1.000$                            
 NACA-V-4-0012                                                                   
  $HTPLNF                                                                        
   CHRDR=3.7980,CHRDTP=0.7710,SSPN=7.1750,SSPNE=5.3000,                          
   SAVSI=30.000,CHSTAT=0.250,TWISTA=0.000,DHDADI=7.000,                          
   TYPE=1.000$                                                                   
 NACA-H-4-0012                                                                   
  $ASYFLP                                                                        
   STYPE=4.0,                                                                    
   NDELTA=9.0,                                                                   
   DELTAL(1)=-20.0,-15.0,-10.0,-5.0,0.0,                                         
   DELTAL(6)=5.0,10.0,15.0,20.0,                                                 
   DELTAR(1)=20.0,15.0,10.0,5.0,0.0,                                             
   DELTAR(6)=-5.0,-10.0,-15.0,-20.0,                                             
   SPANFI=12.0104,                                                               
   SPANFO=16.5227,                                                               
   CHRDFI=0.4300,                                                                
   CHRDFO=0.2200$                                                                
 NEXT CASE                                                                       
1          THE FOLLOWING IS A LIST OF ALL INPUT CARDS FOR THIS CASE.
0
 CASEID B738 M025 CLEAN LOW SPEED HIGH ALPHA                                     
 DIM M                                                                           
 DERIV RAD                                                                       
  $FLTCON                                                                        
   LOOP=3.0,                                                                     
   NMACH=1.0,                                                                    
   MACH(1)=0.25,                                                                 
   NALT=10.0,                                                                    
   ALT(1)=0.0,1524.0,3048.0,4572.0,6096.0,                                       
   ALT(6)=7620.0,9144.0,10668.0,11887.2,12496.8,                                 
   NALPHA=16.0,                                                                  
   ALSCHD(1)=-8.0,-6.0,-4.0,-2.0,0.0,2.0,4.0,6.0,                                
   ALSCHD(9)=8.0,10.0,12.0,14.0,16.0,18.0,20.0,22.0$                             
  $OPTINS                                                                        
   SREF=124.583,                                                                 
   CBARR=3.9576,                                                                 
   BLREF=34.3154$                                                                
  $SYNTHS                                                                        
   XCG=17.000,                                                                   
   ZCG=0.000,                                                                    
   XW=13.610,                                                                    
   ZW=-1.270,                                                                    
   ALIW=1.000,                                                                   
   XH=33.800,                                                                    
   ZH=1.890,                                                                     
   ALIH=0.000,                                                                   
   XV=32.130,                                                                    
   ZV=2.320,                                                                     
   SCALE=1.000,                                                                  
   VERTUP=.TRUE.$                                                                
  $BODY                                                                          
   NX=15.0,                                                                      
   BNOSE=2.0,                                                                    
   BTAIL=2.0,                                                                    
   BLA=20.0,                                                                     
   X(1)=0.0000,0.4206,1.4722,2.1031,2.7341,                                      
   X(6)=4.2062,8.4125,16.8250,27.2796,30.4495,                                   
   X(11)=31.4858,33.5890,35.6921,37.7952,38.0086,                                
   ZU(1)=0.2103,0.6309,1.0516,1.3350,1.7892,                                     
   ZU(6)=2.1031,2.5237,2.5237,2.5237,2.5237,                                     
   ZU(11)=2.5237,2.4201,2.3134,2.2860,2.1031,                                    
   ZL(1)=-0.1067,-0.5273,-1.0516,-1.1582,-1.2619,                                
   ZL(6)=-1.3686,-1.4722,-1.4722,-1.4722,-1.0516,                                
   ZL(11)=-0.8412,-0.2469,0.3170,1.2619,1.8928,                                  
   S(1)=0.0511,0.7646,2.6840,4.1165,6.0443,                                      
   S(6)=8.6056,11.8739,11.8739,11.8739,10.0437,                                  
   S(11)=8.8890,5.2843,2.6375,0.3382,0.0102$                                     
  $WGPLNF                                                                        
   CHRDR=7.8770,                                                                 
   CHRDBP=5.7117,                                                                
   CHRDTP=1.2510,                                                                
   SSPN=17.1577,                                                                 
   SSPNE=15.2800,                                                                
   SSPNOP=0.7750,                                                                
   SAVSI=25.020,                                                                 
   SAVSO=25.020,                                                                 
   CHSTAT=0.250,                                                                 
   TWISTA=0.000,                                                                 
   DHDADI=6.000,                                                                 
   DHDADO=6.000,                                                                 
   TYPE=1.000$                                                                   
 NACA-W-6-64A412                                                                 
  $VTPLNF                                                                        
   CHRDR=5.8074,                                                                 
   CHRDTP=1.5748,                                                                
   SSPN=7.1628,                                                                  
   SSPNE=6.4000,                                                                 
   SAVSI=35.000,                                                                 
   CHSTAT=0.250,                                                                 
   TWISTA=0.000,                                                                 
   TYPE=1.000$                                                                   
 NACA-V-4-0012                                                                   
  $HTPLNF                                                                        
   CHRDR=3.7980,                                                                 
   CHRDTP=0.7710,                                                                
   SSPN=7.1750,                                                                  
   SSPNE=5.3000,                                                                 
   SAVSI=30.000,                                                                 
   CHSTAT=0.250,                                                                 
   TWISTA=0.000,                                                                 
   DHDADI=7.000,                                                                 
   TYPE=1.000$                                                                   
 NACA-H-4-0012                                                                   
 DAMP                                                                            
 NEXT CASE                                                                       
0 INPUT DIMENSIONS ARE IN M , SCALE FACTOR IS 1.0000

 Return to main program from M01O01
1                             AUTOMATED STABILITY AND CONTROL METHODS PER APRIL 1976 VERSION OF DATCOM   
                                                        WING SECTION DEFINITION
0                                 IDEAL ANGLE OF ATTACK =   0.00000 DEG.

                              ZERO LIFT ANGLE OF ATTACK =  -3.09312 DEG.

                                 IDEAL LIFT COEFFICIENT =   0.40000

                  ZERO LIFT PITCHING MOMENT COEFFICIENT =  -0.08720

                             MACH ZERO LIFT-CURVE-SLOPE =   0.09654 /DEG.

                                    LEADING EDGE RADIUS =   0.00993 FRACTION CHORD

                              MAXIMUM AIRFOIL THICKNESS =   0.12000 FRACTION CHORD

                                                DELTA-Y =   2.46808 PERCENT CHORD


0                         MACH= 0.2500 LIFT-CURVE-SLOPE =   0.09903 /DEG.      XAC =   0.26498
1                             AUTOMATED STABILITY AND CONTROL METHODS PER APRIL 1976 VERSION OF DATCOM   
                                                   HORIZONTAL TAIL SECTION DEFINITION
0                                 IDEAL ANGLE OF ATTACK =   0.00000 DEG.

                              ZERO LIFT ANGLE OF ATTACK =   0.00000 DEG.

                                 IDEAL LIFT COEFFICIENT =   0.00000

                  ZERO LIFT PITCHING MOMENT COEFFICIENT =   0.00000

                             MACH ZERO LIFT-CURVE-SLOPE =   0.09596 /DEG.

                                    LEADING EDGE RADIUS =   0.01587 FRACTION CHORD

                              MAXIMUM AIRFOIL THICKNESS =   0.12000 FRACTION CHORD

                                                DELTA-Y =   3.16898 PERCENT CHORD


0                         MACH= 0.2500 LIFT-CURVE-SLOPE =   0.09859 /DEG.      XAC =   0.25902
1                             AUTOMATED STABILITY AND CONTROL METHODS PER APRIL 1976 VERSION OF DATCOM   
                                                    VERTICAL TAIL SECTION DEFINITION
0                                 IDEAL ANGLE OF ATTACK =   0.00000 DEG.

                              ZERO LIFT ANGLE OF ATTACK =   0.00000 DEG.

                                 IDEAL LIFT COEFFICIENT =   0.00000

                  ZERO LIFT PITCHING MOMENT COEFFICIENT =   0.00000

                             MACH ZERO LIFT-CURVE-SLOPE =   0.09596 /DEG.

                                    LEADING EDGE RADIUS =   0.01587 FRACTION CHORD

                              MAXIMUM AIRFOIL THICKNESS =   0.12000 FRACTION CHORD

                                                DELTA-Y =   3.16898 PERCENT CHORD


0                         MACH= 0.2500 LIFT-CURVE-SLOPE =   0.09859 /DEG.      XAC =   0.25902
 Return to main program from M50O62
 Return to main program from M02O02
 Return to main program from M51O63
 WARNING*** BODY ALONE DYNAMIC DERIVATIVE METHOD VALID FOR NOSE CYLINDER ONLY
            TAIL EFFECTS IGNORED]
1                               AUTOMATED STABILITY AND CONTROL METHODS PER APRIL 1976 VERSION OF DATCOM
                                         CHARACTERISTICS AT ANGLE OF ATTACK AND IN SIDESLIP
                                        WING-BODY-VERTICAL TAIL-HORIZONTAL TAIL CONFIGURATION
                                               B738 M025 CLEAN LOW SPEED HIGH ALPHA
 
 -----------------------  FLIGHT CONDITIONS  ------------------------           --------------  REFERENCE DIMENSIONS  ------------
  MACH    ALTITUDE   VELOCITY    PRESSURE    TEMPERATURE     REYNOLDS             REF.      REFERENCE LENGTH   MOMENT REF. CENTER
 NUMBER                                                       NUMBER              AREA       LONG.     LAT.     HORIZ      VERT
              M        M/SEC      N/ M**2       DEG K         1/ M                M**2         M         M         M         M
0 0.250       0.00      85.06   1.0133E+05     288.150     5.7974E+06           124.583      3.958    34.315    17.000     0.000
0                                                               -------------------DERIVATIVE (PER RADIAN)-------------------
0 ALPHA     CD       CL       CM       CN       CA       XCP        CLA          CMA          CYB          CNB          CLB
0
   -8.0    0.040   -0.670    0.9750  -0.669   -0.054   -1.457    8.534E+00   -9.429E+00   -8.509E-01    1.598E-01   -1.230E-01
   -6.0    0.028   -0.377    0.6695  -0.378   -0.012   -1.772    8.240E+00   -8.382E+00                             -1.500E-01
   -4.0    0.022   -0.095    0.3898  -0.096    0.015   -4.049    8.084E+00   -7.581E+00                             -1.754E-01
   -2.0    0.023    0.187    0.1402   0.187    0.029    0.752    8.268E+00   -6.654E+00                             -2.008E-01
    0.0    0.030    0.482   -0.0748   0.482    0.030   -0.155    8.601E+00   -5.705E+00                             -2.278E-01
    2.0    0.045    0.788   -0.2580   0.789    0.018   -0.327    8.871E+00   -4.896E+00                             -2.563E-01
    4.0    0.068    1.102   -0.4166   1.104   -0.009   -0.377    9.072E+00   -4.366E+00                             -2.861E-01
    6.0    0.100    1.421   -0.5628   1.424   -0.050   -0.395    9.223E+00   -4.133E+00                             -3.168E-01
    8.0    0.140    1.745   -0.7051   1.748   -0.105   -0.403    9.356E+00   -3.751E+00                             -3.480E-01
   10.0    0.188    2.074   -0.8247   2.076   -0.175   -0.397    8.686E+00   -3.078E+00                             -3.794E-01
   12.0    0.235    2.352   -0.9200   2.349   -0.259   -0.392    6.960E+00   -2.928E+00                             -4.036E-01
   14.0    0.274    2.560   -1.0291   2.551   -0.353   -0.403    5.093E+00   -3.096E+00                             -4.180E-01
   16.0    0.305    2.707   -1.1362   2.686   -0.453   -0.423    3.249E+00   -2.304E+00                             -4.235E-01
   18.0    0.323    2.787   -1.1900   2.751   -0.554   -0.433    1.059E+00   -7.680E-01                             -4.198E-01
   20.0    0.325    2.781   -1.1898   2.725   -0.645   -0.437   -8.593E-01   -1.072E+00                             -4.052E-01
   22.0    0.317    2.727   -1.2648   2.647   -0.728   -0.478   -2.241E+00   -3.226E+00                             -3.810E-01
0                                    ALPHA     Q/QINF    EPSLON  D(EPSLON)/D(ALPHA)
0
                                     -8.0      1.000     -1.984        0.507
                                     -6.0      1.000     -0.969        0.508
                                     -4.0      1.000      0.047        0.518
                                     -2.0      1.000      1.102        0.546
                                      0.0      1.000      2.232        0.581
                                      2.0      1.000      3.428        0.621
                                      4.0      1.000      4.717        0.661
                                      6.0      1.000      6.070        0.675
                                      8.0      1.000      7.418        0.622
                                     10.0      1.000      8.558        0.526
                                     12.0      1.000      9.522        0.401
                                     14.0      1.000     10.162        0.274
                                     16.0      1.000     10.617        0.196
                                     18.0      1.000     10.944        0.078
                                     20.0      0.935     10.931       -0.056
                                     22.0      1.000     10.719       -0.106
1                               AUTOMATED STABILITY AND CONTROL METHODS PER APRIL 1976 VERSION OF DATCOM
                                                         DYNAMIC DERIVATIVES
                                        WING-BODY-VERTICAL TAIL-HORIZONTAL TAIL CONFIGURATION
                                               B738 M025 CLEAN LOW SPEED HIGH ALPHA
 
 -----------------------  FLIGHT CONDITIONS  ------------------------           --------------  REFERENCE DIMENSIONS  ------------
  MACH    ALTITUDE   VELOCITY    PRESSURE    TEMPERATURE     REYNOLDS             REF.      REFERENCE LENGTH   MOMENT REF. CENTER
 NUMBER                                                       NUMBER              AREA       LONG.     LAT.     HORIZ      VERT
              M        M/SEC      N/ M**2       DEG K         1/ M                M**2         M         M         M         M
0 0.250       0.00      85.06   1.0133E+05     288.150     5.7974E+06           124.583      3.958    34.315    17.000     0.000
                                                    DYNAMIC DERIVATIVES (PER RADIAN)
0           -------PITCHING-------    -----ACCELERATION------    --------------ROLLING--------------    --------YAWING--------
0   ALPHA       CLQ          CMQ           CLAD         CMAD         CLP          CYP          CNP          CNR          CLR
0
    -8.00    2.657E+01   -6.100E+01     5.090E+00   -2.582E+01   -6.700E-01   -3.171E-01    7.681E-02   -2.981E-01    2.855E-02
    -6.00                               5.093E+00   -2.584E+01   -6.338E-01   -2.695E-01    4.894E-02   -3.058E-01    7.565E-02
    -4.00                               5.193E+00   -2.635E+01   -6.163E-01   -2.229E-01    2.108E-02   -3.136E-01    1.196E-01
    -2.00                               5.479E+00   -2.780E+01   -6.317E-01   -1.758E-01   -7.232E-03   -3.213E-01    1.634E-01
     0.00                               5.832E+00   -2.959E+01   -6.601E-01   -1.275E-01   -3.592E-02   -3.291E-01    2.098E-01
     2.00                               6.231E+00   -3.161E+01   -6.849E-01   -7.823E-02   -6.489E-02   -3.370E-01    2.582E-01
     4.00                               6.627E+00   -3.362E+01   -7.056E-01   -2.804E-02   -9.426E-02   -3.450E-01    3.083E-01
     6.00                               6.775E+00   -3.437E+01   -7.219E-01    2.300E-02   -1.242E-01   -3.532E-01    3.594E-01
     8.00                               6.238E+00   -3.165E+01   -7.336E-01    7.488E-02   -1.550E-01   -3.616E-01    4.112E-01
    10.00                               5.277E+00   -2.677E+01   -6.748E-01    1.316E-01   -1.965E-01   -3.702E-01    4.631E-01
    12.00                               4.023E+00   -2.041E+01   -5.278E-01    1.903E-01   -2.491E-01   -3.775E-01    5.028E-01
    14.00                               2.746E+00   -1.393E+01   -3.779E-01    2.451E-01   -2.992E-01   -3.827E-01    5.271E-01
    16.00                               1.962E+00   -9.956E+00   -2.344E-01    2.960E-01   -3.443E-01   -3.859E-01    5.391E-01
    18.00                               7.856E-01   -3.986E+00   -6.625E-02    3.455E-01   -3.855E-01   -3.866E-01    5.371E-01
    20.00                              -5.295E-01    2.686E+00    1.131E-01    3.952E-01   -4.161E-01   -3.844E-01    5.187E-01
    22.00                              -1.064E+00    5.399E+00    2.901E-01    4.246E-01   -4.155E-01   -3.794E-01    4.845E-01
 WARNING*** BODY ALONE DYNAMIC DERIVATIVE METHOD VALID FOR NOSE CYLINDER ONLY
            TAIL EFFECTS IGNORED]
1                               AUTOMATED STABILITY AND CONTROL METHODS PER APRIL 1976 VERSION OF DATCOM
                                         CHARACTERISTICS AT ANGLE OF ATTACK AND IN SIDESLIP
                                        WING-BODY-VERTICAL TAIL-HORIZONTAL TAIL CONFIGURATION
                                               B738 M025 CLEAN LOW SPEED HIGH ALPHA
 
 -----------------------  FLIGHT CONDITIONS  ------------------------           --------------  REFERENCE DIMENSIONS  ------------
  MACH    ALTITUDE   VELOCITY    PRESSURE    TEMPERATURE     REYNOLDS             REF.      REFERENCE LENGTH   MOMENT REF. CENTER
 NUMBER                                                       NUMBER              AREA       LONG.     LAT.     HORIZ      VERT
              M        M/SEC      N/ M**2       DEG K         1/ M                M**2         M         M         M         M
0 0.250    1524.00      83.59   8.4311E+04     278.246     5.0449E+06           124.583      3.958    34.315    17.000     0.000
0                                                               -------------------DERIVATIVE (PER RADIAN)-------------------
0 ALPHA     CD       CL       CM       CN       CA       XCP        CLA          CMA          CYB          CNB          CLB
0
   -8.0    0.040   -0.670    0.9749  -0.669   -0.054   -1.457    8.534E+00   -9.430E+00   -8.509E-01    1.617E-01   -1.230E-01
   -6.0    0.028   -0.377    0.6694  -0.378   -0.012   -1.772    8.240E+00   -8.382E+00                             -1.500E-01
   -4.0    0.022   -0.095    0.3897  -0.096    0.016   -4.048    8.084E+00   -7.581E+00                             -1.754E-01
   -2.0    0.023    0.187    0.1402   0.186    0.030    0.752    8.268E+00   -6.655E+00                             -2.008E-01
    0.0    0.030    0.482   -0.0748   0.482    0.030   -0.155    8.601E+00   -5.705E+00                             -2.278E-01
    2.0    0.045    0.788   -0.2581   0.789    0.018   -0.327    8.870E+00   -4.896E+00                             -2.563E-01
    4.0    0.068    1.102   -0.4167   1.104   -0.009   -0.378    9.072E+00   -4.366E+00                             -2.861E-01
    6.0    0.100    1.421   -0.5629   1.424   -0.049   -0.395    9.222E+00   -4.133E+00                             -3.168E-01
    8.0    0.140    1.745   -0.7052   1.748   -0.104   -0.403    9.356E+00   -3.751E+00                             -3.480E-01
   10.0    0.189    2.074   -0.8248   2.076   -0.174   -0.397    8.686E+00   -3.079E+00                             -3.794E-01
   12.0    0.236    2.352   -0.9201   2.349   -0.258   -0.392    6.960E+00   -2.928E+00                             -4.036E-01
   14.0    0.274    2.560   -1.0292   2.551   -0.353   -0.404    5.093E+00   -3.096E+00                             -4.180E-01
   16.0    0.305    2.707   -1.1363   2.686   -0.453   -0.423    3.249E+00   -2.304E+00                             -4.235E-01
   18.0    0.324    2.787   -1.1900   2.751   -0.554   -0.433    1.057E+00   -7.589E-01                             -4.198E-01
   20.0    0.326    2.781   -1.1892   2.725   -0.645   -0.436   -8.594E-01   -1.072E+00                             -4.052E-01
   22.0    0.317    2.727   -1.2649   2.647   -0.727   -0.478   -2.234E+00   -3.263E+00                             -3.810E-01
0                                    ALPHA     Q/QINF    EPSLON  D(EPSLON)/D(ALPHA)
0
                                     -8.0      1.000     -1.984        0.507
                                     -6.0      1.000     -0.969        0.508
                                     -4.0      1.000      0.047        0.518
                                     -2.0      1.000      1.102        0.546
                                      0.0      1.000      2.232        0.581
                                      2.0      1.000      3.428        0.621
                                      4.0      1.000      4.717        0.661
                                      6.0      1.000      6.070        0.675
                                      8.0      1.000      7.418        0.622
                                     10.0      1.000      8.558        0.526
                                     12.0      1.000      9.522        0.401
                                     14.0      1.000     10.162        0.274
                                     16.0      1.000     10.617        0.196
                                     18.0      1.000     10.944        0.078
                                     20.0      0.934     10.931       -0.056
                                     22.0      1.000     10.719       -0.106
1                               AUTOMATED STABILITY AND CONTROL METHODS PER APRIL 1976 VERSION OF DATCOM
                                                         DYNAMIC DERIVATIVES
                                        WING-BODY-VERTICAL TAIL-HORIZONTAL TAIL CONFIGURATION
                                               B738 M025 CLEAN LOW SPEED HIGH ALPHA
 
 -----------------------  FLIGHT CONDITIONS  ------------------------           --------------  REFERENCE DIMENSIONS  ------------
  MACH    ALTITUDE   VELOCITY    PRESSURE    TEMPERATURE     REYNOLDS             REF.      REFERENCE LENGTH   MOMENT REF. CENTER
 NUMBER                                                       NUMBER              AREA       LONG.     LAT.     HORIZ      VERT
              M        M/SEC      N/ M**2       DEG K         1/ M                M**2         M         M         M         M
0 0.250    1524.00      83.59   8.4311E+04     278.246     5.0449E+06           124.583      3.958    34.315    17.000     0.000
                                                    DYNAMIC DERIVATIVES (PER RADIAN)
0           -------PITCHING-------    -----ACCELERATION------    --------------ROLLING--------------    --------YAWING--------
0   ALPHA       CLQ          CMQ           CLAD         CMAD         CLP          CYP          CNP          CNR          CLR
0
    -8.00    2.657E+01   -6.100E+01     5.090E+00   -2.582E+01   -6.700E-01   -3.171E-01    7.681E-02   -2.982E-01    2.855E-02
    -6.00                               5.093E+00   -2.584E+01   -6.338E-01   -2.695E-01    4.894E-02   -3.059E-01    7.565E-02
    -4.00                               5.193E+00   -2.635E+01   -6.163E-01   -2.229E-01    2.108E-02   -3.136E-01    1.196E-01
    -2.00                               5.479E+00   -2.780E+01   -6.317E-01   -1.758E-01   -7.232E-03   -3.214E-01    1.634E-01
     0.00                               5.832E+00   -2.959E+01   -6.601E-01   -1.275E-01   -3.592E-02   -3.292E-01    2.098E-01
     2.00                               6.231E+00   -3.161E+01   -6.849E-01   -7.823E-02   -6.489E-02   -3.371E-01    2.582E-01
     4.00                               6.627E+00   -3.362E+01   -7.056E-01   -2.804E-02   -9.426E-02   -3.451E-01    3.083E-01
     6.00                               6.775E+00   -3.437E+01   -7.219E-01    2.300E-02   -1.242E-01   -3.533E-01    3.594E-01
     8.00                               6.238E+00   -3.165E+01   -7.336E-01    7.488E-02   -1.550E-01   -3.617E-01    4.112E-01
    10.00                               5.277E+00   -2.677E+01   -6.749E-01    1.316E-01   -1.965E-01   -3.702E-01    4.631E-01
    12.00                               4.023E+00   -2.041E+01   -5.278E-01    1.903E-01   -2.491E-01   -3.776E-01    5.028E-01
    14.00                               2.746E+00   -1.393E+01   -3.780E-01    2.451E-01   -2.992E-01   -3.828E-01    5.271E-01
    16.00                               1.962E+00   -9.956E+00   -2.344E-01    2.960E-01   -3.443E-01   -3.860E-01    5.391E-01
    18.00                               7.856E-01   -3.986E+00   -6.628E-02    3.455E-01   -3.855E-01   -3.867E-01    5.371E-01
    20.00                              -5.290E-01    2.684E+00    1.131E-01    3.952E-01   -4.161E-01   -3.845E-01    5.187E-01
    22.00                              -1.064E+00    5.399E+00    2.901E-01    4.246E-01   -4.155E-01   -3.795E-01    4.845E-01
 WARNING*** BODY ALONE DYNAMIC DERIVATIVE METHOD VALID FOR NOSE CYLINDER ONLY
            TAIL EFFECTS IGNORED]
1                               AUTOMATED STABILITY AND CONTROL METHODS PER APRIL 1976 VERSION OF DATCOM
                                         CHARACTERISTICS AT ANGLE OF ATTACK AND IN SIDESLIP
                                        WING-BODY-VERTICAL TAIL-HORIZONTAL TAIL CONFIGURATION
                                               B738 M025 CLEAN LOW SPEED HIGH ALPHA
 
 -----------------------  FLIGHT CONDITIONS  ------------------------           --------------  REFERENCE DIMENSIONS  ------------
  MACH    ALTITUDE   VELOCITY    PRESSURE    TEMPERATURE     REYNOLDS             REF.      REFERENCE LENGTH   MOMENT REF. CENTER
 NUMBER                                                       NUMBER              AREA       LONG.     LAT.     HORIZ      VERT
              M        M/SEC      N/ M**2       DEG K         1/ M                M**2         M         M         M         M
0 0.250    3048.00      82.09   6.9695E+04     268.347     4.3694E+06           124.583      3.958    34.315    17.000     0.000
0                                                               -------------------DERIVATIVE (PER RADIAN)-------------------
0 ALPHA     CD       CL       CM       CN       CA       XCP        CLA          CMA          CYB          CNB          CLB
0
   -8.0    0.040   -0.670    0.9749  -0.669   -0.053   -1.457    8.534E+00   -9.430E+00   -8.509E-01    1.637E-01   -1.230E-01
   -6.0    0.028   -0.377    0.6694  -0.378   -0.011   -1.772    8.239E+00   -8.382E+00                             -1.500E-01
   -4.0    0.023   -0.095    0.3897  -0.096    0.016   -4.047    8.083E+00   -7.581E+00                             -1.754E-01
   -2.0    0.023    0.187    0.1401   0.186    0.030    0.751    8.268E+00   -6.655E+00                             -2.008E-01
    0.0    0.031    0.482   -0.0749   0.482    0.031   -0.155    8.601E+00   -5.705E+00                             -2.278E-01
    2.0    0.046    0.788   -0.2581   0.789    0.018   -0.327    8.870E+00   -4.896E+00                             -2.563E-01
    4.0    0.069    1.102   -0.4167   1.104   -0.008   -0.378    9.072E+00   -4.367E+00                             -2.861E-01
    6.0    0.100    1.421   -0.5630   1.424   -0.049   -0.395    9.222E+00   -4.133E+00                             -3.168E-01
    8.0    0.140    1.745   -0.7053   1.748   -0.104   -0.403    9.356E+00   -3.751E+00                             -3.480E-01
   10.0    0.189    2.074   -0.8249   2.076   -0.174   -0.397    8.685E+00   -3.079E+00                             -3.794E-01
   12.0    0.236    2.352   -0.9202   2.349   -0.258   -0.392    6.960E+00   -2.928E+00                             -4.036E-01
   14.0    0.275    2.560   -1.0293   2.551   -0.353   -0.404    5.093E+00   -3.096E+00                             -4.180E-01
   16.0    0.305    2.707   -1.1364   2.687   -0.453   -0.423    3.249E+00   -2.304E+00                             -4.235E-01
   18.0    0.324    2.787   -1.1901   2.751   -0.553   -0.433    1.055E+00   -7.493E-01                             -4.198E-01
   20.0    0.326    2.781   -1.1887   2.725   -0.645   -0.436   -8.596E-01   -1.073E+00                             -4.052E-01
   22.0    0.318    2.727   -1.2650   2.648   -0.727   -0.478   -2.227E+00   -3.302E+00                             -3.810E-01
0                                    ALPHA     Q/QINF    EPSLON  D(EPSLON)/D(ALPHA)
0
                                     -8.0      1.000     -1.984        0.507
                                     -6.0      1.000     -0.969        0.508
                                     -4.0      1.000      0.047        0.518
                                     -2.0      1.000      1.102        0.546
                                      0.0      1.000      2.232        0.581
                                      2.0      1.000      3.428        0.621
                                      4.0      1.000      4.717        0.661
                                      6.0      1.000      6.070        0.675
                                      8.0      1.000      7.418        0.622
                                     10.0      1.000      8.558        0.526
                                     12.0      1.000      9.522        0.401
                                     14.0      1.000     10.162        0.274
                                     16.0      1.000     10.617        0.196
                                     18.0      1.000     10.944        0.078
                                     20.0      0.933     10.931       -0.056
                                     22.0      1.000     10.719       -0.106
1                               AUTOMATED STABILITY AND CONTROL METHODS PER APRIL 1976 VERSION OF DATCOM
                                                         DYNAMIC DERIVATIVES
                                        WING-BODY-VERTICAL TAIL-HORIZONTAL TAIL CONFIGURATION
                                               B738 M025 CLEAN LOW SPEED HIGH ALPHA
 
 -----------------------  FLIGHT CONDITIONS  ------------------------           --------------  REFERENCE DIMENSIONS  ------------
  MACH    ALTITUDE   VELOCITY    PRESSURE    TEMPERATURE     REYNOLDS             REF.      REFERENCE LENGTH   MOMENT REF. CENTER
 NUMBER                                                       NUMBER              AREA       LONG.     LAT.     HORIZ      VERT
              M        M/SEC      N/ M**2       DEG K         1/ M                M**2         M         M         M         M
0 0.250    3048.00      82.09   6.9695E+04     268.347     4.3694E+06           124.583      3.958    34.315    17.000     0.000
                                                    DYNAMIC DERIVATIVES (PER RADIAN)
0           -------PITCHING-------    -----ACCELERATION------    --------------ROLLING--------------    --------YAWING--------
0   ALPHA       CLQ          CMQ           CLAD         CMAD         CLP          CYP          CNP          CNR          CLR
0
    -8.00    2.657E+01   -6.100E+01     5.090E+00   -2.582E+01   -6.700E-01   -3.171E-01    7.681E-02   -2.983E-01    2.855E-02
    -6.00                               5.093E+00   -2.584E+01   -6.338E-01   -2.695E-01    4.894E-02   -3.060E-01    7.565E-02
    -4.00                               5.193E+00   -2.635E+01   -6.164E-01   -2.229E-01    2.108E-02   -3.137E-01    1.196E-01
    -2.00                               5.479E+00   -2.780E+01   -6.317E-01   -1.758E-01   -7.232E-03   -3.215E-01    1.634E-01
     0.00                               5.832E+00   -2.959E+01   -6.601E-01   -1.275E-01   -3.592E-02   -3.293E-01    2.098E-01
     2.00                               6.231E+00   -3.161E+01   -6.849E-01   -7.823E-02   -6.489E-02   -3.372E-01    2.582E-01
     4.00                               6.627E+00   -3.362E+01   -7.057E-01   -2.804E-02   -9.426E-02   -3.452E-01    3.083E-01
     6.00                               6.775E+00   -3.437E+01   -7.220E-01    2.300E-02   -1.242E-01   -3.534E-01    3.594E-01
     8.00                               6.238E+00   -3.165E+01   -7.337E-01    7.488E-02   -1.550E-01   -3.618E-01    4.112E-01
    10.00                               5.277E+00   -2.677E+01   -6.749E-01    1.316E-01   -1.965E-01   -3.703E-01    4.631E-01
    12.00                               4.023E+00   -2.041E+01   -5.279E-01    1.903E-01   -2.491E-01   -3.776E-01    5.028E-01
    14.00                               2.746E+00   -1.393E+01   -3.780E-01    2.451E-01   -2.992E-01   -3.829E-01    5.271E-01
    16.00                               1.962E+00   -9.956E+00   -2.345E-01    2.960E-01   -3.443E-01   -3.861E-01    5.391E-01
    18.00                               7.856E-01   -3.986E+00   -6.631E-02    3.455E-01   -3.855E-01   -3.868E-01    5.371E-01
    20.00                              -5.286E-01    2.682E+00    1.130E-01    3.952E-01   -4.161E-01   -3.846E-01    5.187E-01
    22.00                              -1.064E+00    5.399E+00    2.901E-01    4.246E-01   -4.155E-01   -3.796E-01    4.845E-01
 WARNING*** BODY ALONE DYNAMIC DERIVATIVE METHOD VALID FOR NOSE CYLINDER ONLY
            TAIL EFFECTS IGNORED]
1                               AUTOMATED STABILITY AND CONTROL METHODS PER APRIL 1976 VERSION OF DATCOM
                                         CHARACTERISTICS AT ANGLE OF ATTACK AND IN SIDESLIP
                                        WING-BODY-VERTICAL TAIL-HORIZONTAL TAIL CONFIGURATION
                                               B738 M025 CLEAN LOW SPEED HIGH ALPHA
 
 -----------------------  FLIGHT CONDITIONS  ------------------------           --------------  REFERENCE DIMENSIONS  ------------
  MACH    ALTITUDE   VELOCITY    PRESSURE    TEMPERATURE     REYNOLDS             REF.      REFERENCE LENGTH   MOMENT REF. CENTER
 NUMBER                                                       NUMBER              AREA       LONG.     LAT.     HORIZ      VERT
              M        M/SEC      N/ M**2       DEG K         1/ M                M**2         M         M         M         M
0 0.250    4572.00      80.56   5.7207E+04     258.453     3.7653E+06           124.583      3.958    34.315    17.000     0.000
0                                                               -------------------DERIVATIVE (PER RADIAN)-------------------
0 ALPHA     CD       CL       CM       CN       CA       XCP        CLA          CMA          CYB          CNB          CLB
0
   -8.0    0.041   -0.670    0.9748  -0.669   -0.053   -1.457    8.534E+00   -9.431E+00   -8.509E-01    1.657E-01   -1.230E-01
   -6.0    0.029   -0.377    0.6694  -0.378   -0.011   -1.772    8.239E+00   -8.382E+00                             -1.500E-01
   -4.0    0.023   -0.095    0.3897  -0.096    0.016   -4.046    8.083E+00   -7.581E+00                             -1.754E-01
   -2.0    0.024    0.187    0.1401   0.186    0.030    0.751    8.268E+00   -6.656E+00                             -2.008E-01
    0.0    0.031    0.482   -0.0750   0.482    0.031   -0.155    8.601E+00   -5.705E+00                             -2.278E-01
    2.0    0.046    0.788   -0.2582   0.789    0.019   -0.327    8.870E+00   -4.897E+00                             -2.563E-01
    4.0    0.069    1.102   -0.4168   1.104   -0.008   -0.378    9.072E+00   -4.367E+00                             -2.861E-01
    6.0    0.101    1.421   -0.5631   1.424   -0.049   -0.395    9.222E+00   -4.133E+00                             -3.168E-01
    8.0    0.141    1.745   -0.7054   1.748   -0.104   -0.404    9.356E+00   -3.751E+00                             -3.480E-01
   10.0    0.190    2.074   -0.8250   2.076   -0.174   -0.397    8.685E+00   -3.079E+00                             -3.794E-01
   12.0    0.236    2.352   -0.9203   2.349   -0.258   -0.392    6.960E+00   -2.928E+00                             -4.036E-01
   14.0    0.275    2.560   -1.0294   2.551   -0.352   -0.404    5.093E+00   -3.096E+00                             -4.180E-01
   16.0    0.306    2.707   -1.1365   2.687   -0.452   -0.423    3.249E+00   -2.304E+00                             -4.235E-01
   18.0    0.324    2.787   -1.1903   2.751   -0.553   -0.433    1.053E+00   -7.393E-01                             -4.198E-01
   20.0    0.326    2.781   -1.1881   2.725   -0.644   -0.436   -8.598E-01   -1.072E+00                             -4.052E-01
   22.0    0.318    2.727   -1.2651   2.648   -0.727   -0.478   -2.220E+00   -3.342E+00                             -3.810E-01
0                                    ALPHA     Q/QINF    EPSLON  D(EPSLON)/D(ALPHA)
0
                                     -8.0      1.000     -1.984        0.507
                                     -6.0      1.000     -0.969        0.508
                                     -4.0      1.000      0.047        0.518
                                     -2.0      1.000      1.102        0.546
                                      0.0      1.000      2.232        0.581
                                      2.0      1.000      3.428        0.621
                                      4.0      1.000      4.717        0.661
                                      6.0      1.000      6.070        0.675
                                      8.0      1.000      7.418        0.622
                                     10.0      1.000      8.558        0.526
                                     12.0      1.000      9.522        0.401
                                     14.0      1.000     10.162        0.274
                                     16.0      1.000     10.617        0.196
                                     18.0      1.000     10.944        0.078
                                     20.0      0.932     10.931       -0.056
                                     22.0      1.000     10.719       -0.106
1                               AUTOMATED STABILITY AND CONTROL METHODS PER APRIL 1976 VERSION OF DATCOM
                                                         DYNAMIC DERIVATIVES
                                        WING-BODY-VERTICAL TAIL-HORIZONTAL TAIL CONFIGURATION
                                               B738 M025 CLEAN LOW SPEED HIGH ALPHA
 
 -----------------------  FLIGHT CONDITIONS  ------------------------           --------------  REFERENCE DIMENSIONS  ------------
  MACH    ALTITUDE   VELOCITY    PRESSURE    TEMPERATURE     REYNOLDS             REF.      REFERENCE LENGTH   MOMENT REF. CENTER
 NUMBER                                                       NUMBER              AREA       LONG.     LAT.     HORIZ      VERT
              M        M/SEC      N/ M**2       DEG K         1/ M                M**2         M         M         M         M
0 0.250    4572.00      80.56   5.7207E+04     258.453     3.7653E+06           124.583      3.958    34.315    17.000     0.000
                                                    DYNAMIC DERIVATIVES (PER RADIAN)
0           -------PITCHING-------    -----ACCELERATION------    --------------ROLLING--------------    --------YAWING--------
0   ALPHA       CLQ          CMQ           CLAD         CMAD         CLP          CYP          CNP          CNR          CLR
0
    -8.00    2.657E+01   -6.100E+01     5.090E+00   -2.582E+01   -6.701E-01   -3.171E-01    7.681E-02   -2.984E-01    2.855E-02
    -6.00                               5.093E+00   -2.584E+01   -6.339E-01   -2.695E-01    4.894E-02   -3.061E-01    7.565E-02
    -4.00                               5.193E+00   -2.635E+01   -6.164E-01   -2.229E-01    2.108E-02   -3.138E-01    1.196E-01
    -2.00                               5.479E+00   -2.780E+01   -6.317E-01   -1.758E-01   -7.232E-03   -3.216E-01    1.634E-01
     0.00                               5.832E+00   -2.959E+01   -6.602E-01   -1.275E-01   -3.592E-02   -3.294E-01    2.098E-01
     2.00                               6.231E+00   -3.161E+01   -6.850E-01   -7.823E-02   -6.489E-02   -3.372E-01    2.582E-01
     4.00                               6.627E+00   -3.362E+01   -7.057E-01   -2.804E-02   -9.426E-02   -3.453E-01    3.083E-01
     6.00                               6.775E+00   -3.437E+01   -7.220E-01    2.300E-02   -1.242E-01   -3.535E-01    3.594E-01
     8.00                               6.238E+00   -3.165E+01   -7.337E-01    7.488E-02   -1.550E-01   -3.619E-01    4.112E-01
    10.00                               5.277E+00   -2.677E+01   -6.749E-01    1.316E-01   -1.965E-01   -3.704E-01    4.631E-01
    12.00                               4.023E+00   -2.041E+01   -5.279E-01    1.903E-01   -2.491E-01   -3.777E-01    5.028E-01
    14.00                               2.746E+00   -1.393E+01   -3.780E-01    2.451E-01   -2.992E-01   -3.830E-01    5.271E-01
    16.00                               1.962E+00   -9.956E+00   -2.345E-01    2.960E-01   -3.443E-01   -3.862E-01    5.391E-01
    18.00                               7.856E-01   -3.986E+00   -6.633E-02    3.455E-01   -3.855E-01   -3.869E-01    5.371E-01
    20.00                              -5.281E-01    2.679E+00    1.130E-01    3.952E-01   -4.161E-01   -3.847E-01    5.187E-01
    22.00                              -1.064E+00    5.399E+00    2.900E-01    4.246E-01   -4.155E-01   -3.797E-01    4.845E-01
 WARNING*** BODY ALONE DYNAMIC DERIVATIVE METHOD VALID FOR NOSE CYLINDER ONLY
            TAIL EFFECTS IGNORED]
1                               AUTOMATED STABILITY AND CONTROL METHODS PER APRIL 1976 VERSION OF DATCOM
                                         CHARACTERISTICS AT ANGLE OF ATTACK AND IN SIDESLIP
                                        WING-BODY-VERTICAL TAIL-HORIZONTAL TAIL CONFIGURATION
                                               B738 M025 CLEAN LOW SPEED HIGH ALPHA
 
 -----------------------  FLIGHT CONDITIONS  ------------------------           --------------  REFERENCE DIMENSIONS  ------------
  MACH    ALTITUDE   VELOCITY    PRESSURE    TEMPERATURE     REYNOLDS             REF.      REFERENCE LENGTH   MOMENT REF. CENTER
 NUMBER                                                       NUMBER              AREA       LONG.     LAT.     HORIZ      VERT
              M        M/SEC      N/ M**2       DEG K         1/ M                M**2         M         M         M         M
0 0.250    6096.00      79.01   4.6600E+04     248.564     3.2272E+06           124.583      3.958    34.315    17.000     0.000
0                                                               -------------------DERIVATIVE (PER RADIAN)-------------------
0 ALPHA     CD       CL       CM       CN       CA       XCP        CLA          CMA          CYB          CNB          CLB
0
   -8.0    0.041   -0.670    0.9748  -0.669   -0.052   -1.456    8.534E+00   -9.432E+00   -8.509E-01    1.678E-01   -1.230E-01
   -6.0    0.029   -0.377    0.6693  -0.378   -0.010   -1.771    8.239E+00   -8.382E+00                             -1.500E-01
   -4.0    0.024   -0.095    0.3897  -0.096    0.017   -4.045    8.083E+00   -7.582E+00                             -1.754E-01
   -2.0    0.024    0.187    0.1400   0.186    0.031    0.751    8.268E+00   -6.656E+00                             -2.008E-01
    0.0    0.032    0.482   -0.0750   0.482    0.032   -0.156    8.601E+00   -5.705E+00                             -2.278E-01
    2.0    0.047    0.788   -0.2583   0.789    0.019   -0.327    8.870E+00   -4.897E+00                             -2.563E-01
    4.0    0.070    1.102   -0.4169   1.104   -0.007   -0.378    9.072E+00   -4.367E+00                             -2.861E-01
    6.0    0.101    1.421   -0.5631   1.424   -0.048   -0.395    9.222E+00   -4.133E+00                             -3.168E-01
    8.0    0.141    1.745   -0.7054   1.748   -0.103   -0.404    9.356E+00   -3.752E+00                             -3.480E-01
   10.0    0.190    2.074   -0.8251   2.076   -0.173   -0.397    8.685E+00   -3.079E+00                             -3.794E-01
   12.0    0.237    2.352   -0.9204   2.350   -0.257   -0.392    6.959E+00   -2.928E+00                             -4.036E-01
   14.0    0.276    2.560   -1.0295   2.551   -0.352   -0.404    5.092E+00   -3.096E+00                             -4.180E-01
   16.0    0.306    2.707   -1.1366   2.687   -0.452   -0.423    3.248E+00   -2.304E+00                             -4.235E-01
   18.0    0.325    2.787   -1.1904   2.751   -0.552   -0.433    1.051E+00   -7.288E-01                             -4.198E-01
   20.0    0.327    2.781   -1.1874   2.725   -0.644   -0.436   -8.601E-01   -1.072E+00                             -4.052E-01
   22.0    0.319    2.727   -1.2652   2.648   -0.726   -0.478   -2.212E+00   -3.382E+00                             -3.810E-01
0                                    ALPHA     Q/QINF    EPSLON  D(EPSLON)/D(ALPHA)
0
                                     -8.0      1.000     -1.984        0.507
                                     -6.0      1.000     -0.969        0.508
                                     -4.0      1.000      0.047        0.518
                                     -2.0      1.000      1.102        0.546
                                      0.0      1.000      2.232        0.581
                                      2.0      1.000      3.428        0.621
                                      4.0      1.000      4.717        0.661
                                      6.0      1.000      6.070        0.675
                                      8.0      1.000      7.418        0.622
                                     10.0      1.000      8.558        0.526
                                     12.0      1.000      9.522        0.401
                                     14.0      1.000     10.162        0.274
                                     16.0      1.000     10.617        0.196
                                     18.0      1.000     10.944        0.078
                                     20.0      0.931     10.931       -0.056
                                     22.0      1.000     10.719       -0.106
1                               AUTOMATED STABILITY AND CONTROL METHODS PER APRIL 1976 VERSION OF DATCOM
                                                         DYNAMIC DERIVATIVES
                                        WING-BODY-VERTICAL TAIL-HORIZONTAL TAIL CONFIGURATION
                                               B738 M025 CLEAN LOW SPEED HIGH ALPHA
 
 -----------------------  FLIGHT CONDITIONS  ------------------------           --------------  REFERENCE DIMENSIONS  ------------
  MACH    ALTITUDE   VELOCITY    PRESSURE    TEMPERATURE     REYNOLDS             REF.      REFERENCE LENGTH   MOMENT REF. CENTER
 NUMBER                                                       NUMBER              AREA       LONG.     LAT.     HORIZ      VERT
              M        M/SEC      N/ M**2       DEG K         1/ M                M**2         M         M         M         M
0 0.250    6096.00      79.01   4.6600E+04     248.564     3.2272E+06           124.583      3.958    34.315    17.000     0.000
                                                    DYNAMIC DERIVATIVES (PER RADIAN)
0           -------PITCHING-------    -----ACCELERATION------    --------------ROLLING--------------    --------YAWING--------
0   ALPHA       CLQ          CMQ           CLAD         CMAD         CLP          CYP          CNP          CNR          CLR
0
    -8.00    2.657E+01   -6.100E+01     5.090E+00   -2.582E+01   -6.701E-01   -3.171E-01    7.681E-02   -2.985E-01    2.855E-02
    -6.00                               5.093E+00   -2.584E+01   -6.339E-01   -2.695E-01    4.894E-02   -3.062E-01    7.565E-02
    -4.00                               5.193E+00   -2.635E+01   -6.164E-01   -2.229E-01    2.108E-02   -3.139E-01    1.196E-01
    -2.00                               5.479E+00   -2.780E+01   -6.318E-01   -1.758E-01   -7.231E-03   -3.217E-01    1.634E-01
     0.00                               5.832E+00   -2.959E+01   -6.602E-01   -1.275E-01   -3.592E-02   -3.295E-01    2.098E-01
     2.00                               6.231E+00   -3.161E+01   -6.850E-01   -7.823E-02   -6.489E-02   -3.373E-01    2.582E-01
     4.00                               6.627E+00   -3.362E+01   -7.057E-01   -2.804E-02   -9.426E-02   -3.454E-01    3.083E-01
     6.00                               6.775E+00   -3.437E+01   -7.220E-01    2.300E-02   -1.242E-01   -3.536E-01    3.594E-01
     8.00                               6.238E+00   -3.165E+01   -7.337E-01    7.488E-02   -1.550E-01   -3.620E-01    4.112E-01
    10.00                               5.277E+00   -2.677E+01   -6.750E-01    1.316E-01   -1.965E-01   -3.705E-01    4.631E-01
    12.00                               4.023E+00   -2.041E+01   -5.279E-01    1.903E-01   -2.491E-01   -3.778E-01    5.028E-01
    14.00                               2.746E+00   -1.393E+01   -3.780E-01    2.451E-01   -2.992E-01   -3.831E-01    5.271E-01
    16.00                               1.962E+00   -9.956E+00   -2.345E-01    2.960E-01   -3.443E-01   -3.863E-01    5.391E-01
    18.00                               7.856E-01   -3.986E+00   -6.637E-02    3.455E-01   -3.855E-01   -3.870E-01    5.371E-01
    20.00                              -5.276E-01    2.677E+00    1.130E-01    3.952E-01   -4.161E-01   -3.848E-01    5.187E-01
    22.00                              -1.064E+00    5.399E+00    2.900E-01    4.246E-01   -4.155E-01   -3.798E-01    4.845E-01
 WARNING*** BODY ALONE DYNAMIC DERIVATIVE METHOD VALID FOR NOSE CYLINDER ONLY
            TAIL EFFECTS IGNORED]
1                               AUTOMATED STABILITY AND CONTROL METHODS PER APRIL 1976 VERSION OF DATCOM
                                         CHARACTERISTICS AT ANGLE OF ATTACK AND IN SIDESLIP
                                        WING-BODY-VERTICAL TAIL-HORIZONTAL TAIL CONFIGURATION
                                               B738 M025 CLEAN LOW SPEED HIGH ALPHA
 
 -----------------------  FLIGHT CONDITIONS  ------------------------           --------------  REFERENCE DIMENSIONS  ------------
  MACH    ALTITUDE   VELOCITY    PRESSURE    TEMPERATURE     REYNOLDS             REF.      REFERENCE LENGTH   MOMENT REF. CENTER
 NUMBER                                                       NUMBER              AREA       LONG.     LAT.     HORIZ      VERT
              M        M/SEC      N/ M**2       DEG K         1/ M                M**2         M         M         M         M
0 0.250    7620.00      77.42   3.7650E+04     238.679     2.7499E+06           124.583      3.958    34.315    17.000     0.000
0                                                               -------------------DERIVATIVE (PER RADIAN)-------------------
0 ALPHA     CD       CL       CM       CN       CA       XCP        CLA          CMA          CYB          CNB          CLB
0
   -8.0    0.042   -0.670    0.9748  -0.669   -0.052   -1.456    8.533E+00   -9.433E+00   -8.509E-01    1.700E-01   -1.230E-01
   -6.0    0.030   -0.377    0.6693  -0.378   -0.010   -1.771    8.239E+00   -8.381E+00                             -1.500E-01
   -4.0    0.024   -0.095    0.3896  -0.096    0.017   -4.044    8.083E+00   -7.582E+00                             -1.754E-01
   -2.0    0.025    0.187    0.1400   0.186    0.031    0.751    8.267E+00   -6.657E+00                             -2.008E-01
    0.0    0.032    0.482   -0.0751   0.482    0.032   -0.156    8.601E+00   -5.705E+00                             -2.278E-01
    2.0    0.047    0.788   -0.2584   0.789    0.020   -0.327    8.870E+00   -4.897E+00                             -2.563E-01
    4.0    0.070    1.102   -0.4170   1.104   -0.007   -0.378    9.071E+00   -4.367E+00                             -2.861E-01
    6.0    0.102    1.421   -0.5632   1.424   -0.048   -0.396    9.222E+00   -4.134E+00                             -3.168E-01
    8.0    0.142    1.745   -0.7055   1.748   -0.103   -0.404    9.356E+00   -3.752E+00                             -3.480E-01
   10.0    0.190    2.074   -0.8252   2.076   -0.173   -0.397    8.685E+00   -3.079E+00                             -3.794E-01
   12.0    0.237    2.352   -0.9205   2.350   -0.257   -0.392    6.959E+00   -2.929E+00                             -4.036E-01
   14.0    0.276    2.560   -1.0296   2.551   -0.351   -0.404    5.092E+00   -3.097E+00                             -4.180E-01
   16.0    0.307    2.707   -1.1367   2.687   -0.451   -0.423    3.248E+00   -2.304E+00                             -4.235E-01
   18.0    0.325    2.787   -1.1905   2.751   -0.552   -0.433    1.049E+00   -7.176E-01                             -4.198E-01
   20.0    0.327    2.780   -1.1868   2.725   -0.643   -0.436   -8.606E-01   -1.070E+00                             -4.052E-01
   22.0    0.319    2.727   -1.2652   2.648   -0.726   -0.478   -2.205E+00   -3.422E+00                             -3.809E-01
0                                    ALPHA     Q/QINF    EPSLON  D(EPSLON)/D(ALPHA)
0
                                     -8.0      1.000     -1.984        0.507
                                     -6.0      1.000     -0.969        0.508
                                     -4.0      1.000      0.047        0.518
                                     -2.0      1.000      1.102        0.546
                                      0.0      1.000      2.232        0.581
                                      2.0      1.000      3.428        0.621
                                      4.0      1.000      4.717        0.661
                                      6.0      1.000      6.070        0.675
                                      8.0      1.000      7.418        0.622
                                     10.0      1.000      8.558        0.526
                                     12.0      1.000      9.522        0.401
                                     14.0      1.000     10.162        0.274
                                     16.0      1.000     10.617        0.196
                                     18.0      1.000     10.944        0.078
                                     20.0      0.930     10.931       -0.056
                                     22.0      1.000     10.719       -0.106
1                               AUTOMATED STABILITY AND CONTROL METHODS PER APRIL 1976 VERSION OF DATCOM
                                                         DYNAMIC DERIVATIVES
                                        WING-BODY-VERTICAL TAIL-HORIZONTAL TAIL CONFIGURATION
                                               B738 M025 CLEAN LOW SPEED HIGH ALPHA
 
 -----------------------  FLIGHT CONDITIONS  ------------------------           --------------  REFERENCE DIMENSIONS  ------------
  MACH    ALTITUDE   VELOCITY    PRESSURE    TEMPERATURE     REYNOLDS             REF.      REFERENCE LENGTH   MOMENT REF. CENTER
 NUMBER                                                       NUMBER              AREA       LONG.     LAT.     HORIZ      VERT
              M        M/SEC      N/ M**2       DEG K         1/ M                M**2         M         M         M         M
0 0.250    7620.00      77.42   3.7650E+04     238.679     2.7499E+06           124.583      3.958    34.315    17.000     0.000
                                                    DYNAMIC DERIVATIVES (PER RADIAN)
0           -------PITCHING-------    -----ACCELERATION------    --------------ROLLING--------------    --------YAWING--------
0   ALPHA       CLQ          CMQ           CLAD         CMAD         CLP          CYP          CNP          CNR          CLR
0
    -8.00    2.657E+01   -6.100E+01     5.090E+00   -2.582E+01   -6.701E-01   -3.171E-01    7.681E-02   -2.986E-01    2.855E-02
    -6.00                               5.093E+00   -2.584E+01   -6.339E-01   -2.695E-01    4.894E-02   -3.063E-01    7.565E-02
    -4.00                               5.193E+00   -2.635E+01   -6.165E-01   -2.229E-01    2.108E-02   -3.140E-01    1.196E-01
    -2.00                               5.479E+00   -2.780E+01   -6.318E-01   -1.758E-01   -7.231E-03   -3.218E-01    1.634E-01
     0.00                               5.832E+00   -2.959E+01   -6.602E-01   -1.275E-01   -3.592E-02   -3.296E-01    2.098E-01
     2.00                               6.231E+00   -3.161E+01   -6.850E-01   -7.823E-02   -6.489E-02   -3.375E-01    2.582E-01
     4.00                               6.627E+00   -3.362E+01   -7.058E-01   -2.804E-02   -9.426E-02   -3.455E-01    3.083E-01
     6.00                               6.775E+00   -3.437E+01   -7.221E-01    2.300E-02   -1.242E-01   -3.537E-01    3.594E-01
     8.00                               6.238E+00   -3.165E+01   -7.338E-01    7.488E-02   -1.550E-01   -3.621E-01    4.112E-01
    10.00                               5.277E+00   -2.677E+01   -6.750E-01    1.316E-01   -1.965E-01   -3.706E-01    4.631E-01
    12.00                               4.023E+00   -2.041E+01   -5.280E-01    1.903E-01   -2.491E-01   -3.779E-01    5.028E-01
    14.00                               2.746E+00   -1.393E+01   -3.781E-01    2.451E-01   -2.992E-01   -3.832E-01    5.271E-01
    16.00                               1.962E+00   -9.956E+00   -2.346E-01    2.960E-01   -3.443E-01   -3.864E-01    5.391E-01
    18.00                               7.856E-01   -3.986E+00   -6.640E-02    3.455E-01   -3.855E-01   -3.871E-01    5.371E-01
    20.00                              -5.270E-01    2.674E+00    1.129E-01    3.952E-01   -4.161E-01   -3.849E-01    5.187E-01
    22.00                              -1.064E+00    5.398E+00    2.900E-01    4.246E-01   -4.155E-01   -3.799E-01    4.845E-01
 WARNING*** BODY ALONE DYNAMIC DERIVATIVE METHOD VALID FOR NOSE CYLINDER ONLY
            TAIL EFFECTS IGNORED]
1                               AUTOMATED STABILITY AND CONTROL METHODS PER APRIL 1976 VERSION OF DATCOM
                                         CHARACTERISTICS AT ANGLE OF ATTACK AND IN SIDESLIP
                                        WING-BODY-VERTICAL TAIL-HORIZONTAL TAIL CONFIGURATION
                                               B738 M025 CLEAN LOW SPEED HIGH ALPHA
 
 -----------------------  FLIGHT CONDITIONS  ------------------------           --------------  REFERENCE DIMENSIONS  ------------
  MACH    ALTITUDE   VELOCITY    PRESSURE    TEMPERATURE     REYNOLDS             REF.      REFERENCE LENGTH   MOMENT REF. CENTER
 NUMBER                                                       NUMBER              AREA       LONG.     LAT.     HORIZ      VERT
              M        M/SEC      N/ M**2       DEG K         1/ M                M**2         M         M         M         M
0 0.250    9144.00      75.80   3.0148E+04     228.799     2.3285E+06           124.583      3.958    34.315    17.000     0.000
0                                                               -------------------DERIVATIVE (PER RADIAN)-------------------
0 ALPHA     CD       CL       CM       CN       CA       XCP        CLA          CMA          CYB          CNB          CLB
0
   -8.0    0.042   -0.670    0.9747  -0.669   -0.051   -1.456    8.533E+00   -9.434E+00   -8.509E-01    1.722E-01   -1.230E-01
   -6.0    0.030   -0.377    0.6692  -0.378   -0.009   -1.771    8.239E+00   -8.382E+00                             -1.500E-01
   -4.0    0.025   -0.095    0.3896  -0.096    0.018   -4.042    8.083E+00   -7.582E+00                             -1.754E-01
   -2.0    0.025    0.187    0.1399   0.186    0.032    0.750    8.267E+00   -6.657E+00                             -2.008E-01
    0.0    0.033    0.482   -0.0752   0.482    0.033   -0.156    8.601E+00   -5.706E+00                             -2.278E-01
    2.0    0.048    0.788   -0.2584   0.789    0.020   -0.328    8.870E+00   -4.897E+00                             -2.563E-01
    4.0    0.071    1.101   -0.4170   1.104   -0.006   -0.378    9.071E+00   -4.367E+00                             -2.861E-01
    6.0    0.102    1.421   -0.5633   1.424   -0.047   -0.396    9.222E+00   -4.134E+00                             -3.168E-01
    8.0    0.142    1.745   -0.7056   1.748   -0.102   -0.404    9.356E+00   -3.752E+00                             -3.480E-01
   10.0    0.191    2.074   -0.8253   2.076   -0.172   -0.398    8.685E+00   -3.079E+00                             -3.794E-01
   12.0    0.238    2.352   -0.9206   2.350   -0.256   -0.392    6.959E+00   -2.929E+00                             -4.036E-01
   14.0    0.277    2.560   -1.0297   2.551   -0.351   -0.404    5.092E+00   -3.097E+00                             -4.180E-01
   16.0    0.307    2.707   -1.1368   2.687   -0.451   -0.423    3.248E+00   -2.305E+00                             -4.235E-01
   18.0    0.326    2.787   -1.1907   2.751   -0.551   -0.433    1.046E+00   -7.066E-01                             -4.198E-01
   20.0    0.328    2.780   -1.1862   2.725   -0.643   -0.435   -8.613E-01   -1.069E+00                             -4.052E-01
   22.0    0.320    2.727   -1.2653   2.648   -0.725   -0.478   -2.197E+00   -3.464E+00                             -3.809E-01
0                                    ALPHA     Q/QINF    EPSLON  D(EPSLON)/D(ALPHA)
0
                                     -8.0      1.000     -1.984        0.507
                                     -6.0      1.000     -0.969        0.508
                                     -4.0      1.000      0.047        0.518
                                     -2.0      1.000      1.102        0.546
                                      0.0      1.000      2.232        0.581
                                      2.0      1.000      3.428        0.621
                                      4.0      1.000      4.717        0.661
                                      6.0      1.000      6.070        0.675
                                      8.0      1.000      7.418        0.622
                                     10.0      1.000      8.558        0.526
                                     12.0      1.000      9.522        0.401
                                     14.0      1.000     10.162        0.274
                                     16.0      1.000     10.617        0.196
                                     18.0      1.000     10.944        0.078
                                     20.0      0.929     10.931       -0.056
                                     22.0      1.000     10.719       -0.106
1                               AUTOMATED STABILITY AND CONTROL METHODS PER APRIL 1976 VERSION OF DATCOM
                                                         DYNAMIC DERIVATIVES
                                        WING-BODY-VERTICAL TAIL-HORIZONTAL TAIL CONFIGURATION
                                               B738 M025 CLEAN LOW SPEED HIGH ALPHA
 
 -----------------------  FLIGHT CONDITIONS  ------------------------           --------------  REFERENCE DIMENSIONS  ------------
  MACH    ALTITUDE   VELOCITY    PRESSURE    TEMPERATURE     REYNOLDS             REF.      REFERENCE LENGTH   MOMENT REF. CENTER
 NUMBER                                                       NUMBER              AREA       LONG.     LAT.     HORIZ      VERT
              M        M/SEC      N/ M**2       DEG K         1/ M                M**2         M         M         M         M
0 0.250    9144.00      75.80   3.0148E+04     228.799     2.3285E+06           124.583      3.958    34.315    17.000     0.000
                                                    DYNAMIC DERIVATIVES (PER RADIAN)
0           -------PITCHING-------    -----ACCELERATION------    --------------ROLLING--------------    --------YAWING--------
0   ALPHA       CLQ          CMQ           CLAD         CMAD         CLP          CYP          CNP          CNR          CLR
0
    -8.00    2.657E+01   -6.100E+01     5.090E+00   -2.582E+01   -6.702E-01   -3.171E-01    7.680E-02   -2.987E-01    2.855E-02
    -6.00                               5.093E+00   -2.584E+01   -6.340E-01   -2.695E-01    4.894E-02   -3.064E-01    7.565E-02
    -4.00                               5.193E+00   -2.635E+01   -6.165E-01   -2.229E-01    2.108E-02   -3.141E-01    1.196E-01
    -2.00                               5.479E+00   -2.780E+01   -6.318E-01   -1.758E-01   -7.231E-03   -3.219E-01    1.634E-01
     0.00                               5.832E+00   -2.959E+01   -6.603E-01   -1.275E-01   -3.592E-02   -3.297E-01    2.098E-01
     2.00                               6.231E+00   -3.161E+01   -6.851E-01   -7.823E-02   -6.489E-02   -3.376E-01    2.582E-01
     4.00                               6.627E+00   -3.362E+01   -7.058E-01   -2.804E-02   -9.426E-02   -3.456E-01    3.083E-01
     6.00                               6.775E+00   -3.437E+01   -7.221E-01    2.300E-02   -1.242E-01   -3.538E-01    3.594E-01
     8.00                               6.238E+00   -3.165E+01   -7.338E-01    7.488E-02   -1.550E-01   -3.622E-01    4.112E-01
    10.00                               5.277E+00   -2.677E+01   -6.750E-01    1.316E-01   -1.965E-01   -3.708E-01    4.631E-01
    12.00                               4.023E+00   -2.041E+01   -5.280E-01    1.903E-01   -2.491E-01   -3.781E-01    5.028E-01
    14.00                               2.746E+00   -1.393E+01   -3.781E-01    2.451E-01   -2.992E-01   -3.833E-01    5.271E-01
    16.00                               1.962E+00   -9.956E+00   -2.346E-01    2.960E-01   -3.443E-01   -3.865E-01    5.391E-01
    18.00                               7.856E-01   -3.986E+00   -6.643E-02    3.455E-01   -3.855E-01   -3.872E-01    5.371E-01
    20.00                              -5.265E-01    2.671E+00    1.129E-01    3.952E-01   -4.161E-01   -3.850E-01    5.187E-01
    22.00                              -1.064E+00    5.397E+00    2.899E-01    4.246E-01   -4.155E-01   -3.800E-01    4.845E-01
 WARNING*** BODY ALONE DYNAMIC DERIVATIVE METHOD VALID FOR NOSE CYLINDER ONLY
            TAIL EFFECTS IGNORED]
1                               AUTOMATED STABILITY AND CONTROL METHODS PER APRIL 1976 VERSION OF DATCOM
                                         CHARACTERISTICS AT ANGLE OF ATTACK AND IN SIDESLIP
                                        WING-BODY-VERTICAL TAIL-HORIZONTAL TAIL CONFIGURATION
                                               B738 M025 CLEAN LOW SPEED HIGH ALPHA
 
 -----------------------  FLIGHT CONDITIONS  ------------------------           --------------  REFERENCE DIMENSIONS  ------------
  MACH    ALTITUDE   VELOCITY    PRESSURE    TEMPERATURE     REYNOLDS             REF.      REFERENCE LENGTH   MOMENT REF. CENTER
 NUMBER                                                       NUMBER              AREA       LONG.     LAT.     HORIZ      VERT
              M        M/SEC      N/ M**2       DEG K         1/ M                M**2         M         M         M         M
0 0.250   10668.00      74.15   2.3909E+04     218.924     1.9581E+06           124.583      3.958    34.315    17.000     0.000
0                                                               -------------------DERIVATIVE (PER RADIAN)-------------------
0 ALPHA     CD       CL       CM       CN       CA       XCP        CLA          CMA          CYB          CNB          CLB
0
   -8.0    0.043   -0.670    0.9747  -0.670   -0.051   -1.456    8.533E+00   -9.435E+00   -8.509E-01    1.746E-01   -1.230E-01
   -6.0    0.031   -0.377    0.6692  -0.378   -0.009   -1.770    8.239E+00   -8.382E+00                             -1.500E-01
   -4.0    0.025   -0.095    0.3896  -0.096    0.018   -4.041    8.083E+00   -7.582E+00                             -1.754E-01
   -2.0    0.026    0.187    0.1398   0.186    0.032    0.750    8.267E+00   -6.658E+00                             -2.008E-01
    0.0    0.033    0.482   -0.0752   0.482    0.033   -0.156    8.600E+00   -5.706E+00                             -2.278E-01
    2.0    0.048    0.788   -0.2585   0.789    0.021   -0.328    8.870E+00   -4.897E+00                             -2.563E-01
    4.0    0.071    1.101   -0.4171   1.104   -0.006   -0.378    9.071E+00   -4.367E+00                             -2.861E-01
    6.0    0.103    1.421   -0.5634   1.424   -0.047   -0.396    9.222E+00   -4.134E+00                             -3.168E-01
    8.0    0.143    1.745   -0.7057   1.748   -0.102   -0.404    9.355E+00   -3.752E+00                             -3.480E-01
   10.0    0.192    2.074   -0.8254   2.076   -0.172   -0.398    8.685E+00   -3.080E+00                             -3.793E-01
   12.0    0.238    2.352   -0.9207   2.350   -0.256   -0.392    6.959E+00   -2.929E+00                             -4.036E-01
   14.0    0.277    2.560   -1.0299   2.551   -0.350   -0.404    5.092E+00   -3.097E+00                             -4.180E-01
   16.0    0.308    2.707   -1.1370   2.687   -0.450   -0.423    3.248E+00   -2.306E+00                             -4.235E-01
   18.0    0.326    2.787   -1.1908   2.751   -0.551   -0.433    1.044E+00   -6.951E-01                             -4.198E-01
   20.0    0.328    2.780   -1.1855   2.725   -0.642   -0.435   -8.622E-01   -1.067E+00                             -4.052E-01
   22.0    0.320    2.727   -1.2653   2.648   -0.724   -0.478   -2.190E+00   -3.507E+00                             -3.809E-01
0                                    ALPHA     Q/QINF    EPSLON  D(EPSLON)/D(ALPHA)
0
                                     -8.0      1.000     -1.984        0.507
                                     -6.0      1.000     -0.969        0.508
                                     -4.0      1.000      0.047        0.518
                                     -2.0      1.000      1.102        0.546
                                      0.0      1.000      2.232        0.581
                                      2.0      1.000      3.428        0.621
                                      4.0      1.000      4.717        0.661
                                      6.0      1.000      6.070        0.675
                                      8.0      1.000      7.418        0.622
                                     10.0      1.000      8.558        0.526
                                     12.0      1.000      9.522        0.401
                                     14.0      1.000     10.162        0.274
                                     16.0      1.000     10.617        0.196
                                     18.0      1.000     10.944        0.078
                                     20.0      0.928     10.931       -0.056
                                     22.0      0.999     10.719       -0.106
1                               AUTOMATED STABILITY AND CONTROL METHODS PER APRIL 1976 VERSION OF DATCOM
                                                         DYNAMIC DERIVATIVES
                                        WING-BODY-VERTICAL TAIL-HORIZONTAL TAIL CONFIGURATION
                                               B738 M025 CLEAN LOW SPEED HIGH ALPHA
 
 -----------------------  FLIGHT CONDITIONS  ------------------------           --------------  REFERENCE DIMENSIONS  ------------
  MACH    ALTITUDE   VELOCITY    PRESSURE    TEMPERATURE     REYNOLDS             REF.      REFERENCE LENGTH   MOMENT REF. CENTER
 NUMBER                                                       NUMBER              AREA       LONG.     LAT.     HORIZ      VERT
              M        M/SEC      N/ M**2       DEG K         1/ M                M**2         M         M         M         M
0 0.250   10668.00      74.15   2.3909E+04     218.924     1.9581E+06           124.583      3.958    34.315    17.000     0.000
                                                    DYNAMIC DERIVATIVES (PER RADIAN)
0           -------PITCHING-------    -----ACCELERATION------    --------------ROLLING--------------    --------YAWING--------
0   ALPHA       CLQ          CMQ           CLAD         CMAD         CLP          CYP          CNP          CNR          CLR
0
    -8.00    2.657E+01   -6.100E+01     5.090E+00   -2.582E+01   -6.702E-01   -3.171E-01    7.680E-02   -2.989E-01    2.855E-02
    -6.00                               5.093E+00   -2.584E+01   -6.340E-01   -2.695E-01    4.894E-02   -3.065E-01    7.565E-02
    -4.00                               5.193E+00   -2.635E+01   -6.165E-01   -2.229E-01    2.108E-02   -3.143E-01    1.196E-01
    -2.00                               5.479E+00   -2.780E+01   -6.319E-01   -1.758E-01   -7.231E-03   -3.220E-01    1.634E-01
     0.00                               5.832E+00   -2.959E+01   -6.603E-01   -1.275E-01   -3.592E-02   -3.298E-01    2.098E-01
     2.00                               6.231E+00   -3.161E+01   -6.851E-01   -7.823E-02   -6.489E-02   -3.377E-01    2.582E-01
     4.00                               6.627E+00   -3.362E+01   -7.058E-01   -2.804E-02   -9.426E-02   -3.457E-01    3.083E-01
     6.00                               6.775E+00   -3.437E+01   -7.221E-01    2.300E-02   -1.242E-01   -3.540E-01    3.594E-01
     8.00                               6.238E+00   -3.165E+01   -7.338E-01    7.488E-02   -1.550E-01   -3.624E-01    4.112E-01
    10.00                               5.277E+00   -2.677E+01   -6.751E-01    1.316E-01   -1.965E-01   -3.709E-01    4.631E-01
    12.00                               4.023E+00   -2.041E+01   -5.280E-01    1.903E-01   -2.491E-01   -3.782E-01    5.028E-01
    14.00                               2.746E+00   -1.393E+01   -3.781E-01    2.451E-01   -2.992E-01   -3.834E-01    5.271E-01
    16.00                               1.962E+00   -9.956E+00   -2.346E-01    2.960E-01   -3.443E-01   -3.866E-01    5.391E-01
    18.00                               7.856E-01   -3.986E+00   -6.647E-02    3.455E-01   -3.855E-01   -3.873E-01    5.371E-01
    20.00                              -5.259E-01    2.668E+00    1.129E-01    3.952E-01   -4.161E-01   -3.851E-01    5.187E-01
    22.00                              -1.063E+00    5.396E+00    2.899E-01    4.246E-01   -4.155E-01   -3.802E-01    4.845E-01
 WARNING*** BODY ALONE DYNAMIC DERIVATIVE METHOD VALID FOR NOSE CYLINDER ONLY
            TAIL EFFECTS IGNORED]
1                               AUTOMATED STABILITY AND CONTROL METHODS PER APRIL 1976 VERSION OF DATCOM
                                         CHARACTERISTICS AT ANGLE OF ATTACK AND IN SIDESLIP
                                        WING-BODY-VERTICAL TAIL-HORIZONTAL TAIL CONFIGURATION
                                               B738 M025 CLEAN LOW SPEED HIGH ALPHA
 
 -----------------------  FLIGHT CONDITIONS  ------------------------           --------------  REFERENCE DIMENSIONS  ------------
  MACH    ALTITUDE   VELOCITY    PRESSURE    TEMPERATURE     REYNOLDS             REF.      REFERENCE LENGTH   MOMENT REF. CENTER
 NUMBER                                                       NUMBER              AREA       LONG.     LAT.     HORIZ      VERT
              M        M/SEC      N/ M**2       DEG K         1/ M                M**2         M         M         M         M
0 0.250   11887.20      73.76   1.9746E+04     216.650     1.6399E+06           124.583      3.958    34.315    17.000     0.000
0                                                               -------------------DERIVATIVE (PER RADIAN)-------------------
0 ALPHA     CD       CL       CM       CN       CA       XCP        CLA          CMA          CYB          CNB          CLB
0
   -8.0    0.044   -0.670    0.9747  -0.670   -0.050   -1.456    8.533E+00   -9.437E+00   -8.509E-01    1.770E-01   -1.230E-01
   -6.0    0.031   -0.377    0.6692  -0.378   -0.008   -1.770    8.239E+00   -8.382E+00                             -1.500E-01
   -4.0    0.026   -0.095    0.3896  -0.096    0.019   -4.039    8.083E+00   -7.583E+00                             -1.754E-01
   -2.0    0.026    0.187    0.1398   0.186    0.033    0.750    8.267E+00   -6.659E+00                             -2.008E-01
    0.0    0.034    0.482   -0.0753   0.482    0.034   -0.156    8.600E+00   -5.706E+00                             -2.278E-01
    2.0    0.049    0.788   -0.2586   0.789    0.021   -0.328    8.869E+00   -4.898E+00                             -2.563E-01
    4.0    0.072    1.101   -0.4172   1.104   -0.005   -0.378    9.071E+00   -4.368E+00                             -2.861E-01
    6.0    0.103    1.421   -0.5635   1.424   -0.046   -0.396    9.221E+00   -4.134E+00                             -3.168E-01
    8.0    0.143    1.745   -0.7059   1.748   -0.101   -0.404    9.355E+00   -3.752E+00                             -3.480E-01
   10.0    0.192    2.074   -0.8255   2.076   -0.171   -0.398    8.684E+00   -3.080E+00                             -3.793E-01
   12.0    0.239    2.352   -0.9209   2.350   -0.255   -0.392    6.959E+00   -2.930E+00                             -4.036E-01
   14.0    0.278    2.560   -1.0300   2.551   -0.350   -0.404    5.092E+00   -3.098E+00                             -4.180E-01
   16.0    0.309    2.707   -1.1372   2.687   -0.450   -0.423    3.248E+00   -2.307E+00                             -4.235E-01
   18.0    0.327    2.787   -1.1911   2.751   -0.550   -0.433    1.041E+00   -6.833E-01                             -4.198E-01
   20.0    0.329    2.780   -1.1849   2.725   -0.641   -0.435   -8.634E-01   -1.065E+00                             -4.051E-01
   22.0    0.321    2.727   -1.2654   2.648   -0.724   -0.478   -2.183E+00   -3.550E+00                             -3.809E-01
0                                    ALPHA     Q/QINF    EPSLON  D(EPSLON)/D(ALPHA)
0
                                     -8.0      1.000     -1.984        0.507
                                     -6.0      1.000     -0.969        0.508
                                     -4.0      1.000      0.047        0.518
                                     -2.0      1.000      1.102        0.546
                                      0.0      1.000      2.232        0.581
                                      2.0      1.000      3.428        0.621
                                      4.0      1.000      4.717        0.661
                                      6.0      1.000      6.070        0.675
                                      8.0      1.000      7.418        0.622
                                     10.0      1.000      8.558        0.526
                                     12.0      1.000      9.522        0.401
                                     14.0      1.000     10.162        0.274
                                     16.0      1.000     10.617        0.196
                                     18.0      1.000     10.944        0.078
                                     20.0      0.927     10.931       -0.056
                                     22.0      0.999     10.719       -0.106
1                               AUTOMATED STABILITY AND CONTROL METHODS PER APRIL 1976 VERSION OF DATCOM
                                                         DYNAMIC DERIVATIVES
                                        WING-BODY-VERTICAL TAIL-HORIZONTAL TAIL CONFIGURATION
                                               B738 M025 CLEAN LOW SPEED HIGH ALPHA
 
 -----------------------  FLIGHT CONDITIONS  ------------------------           --------------  REFERENCE DIMENSIONS  ------------
  MACH    ALTITUDE   VELOCITY    PRESSURE    TEMPERATURE     REYNOLDS             REF.      REFERENCE LENGTH   MOMENT REF. CENTER
 NUMBER                                                       NUMBER              AREA       LONG.     LAT.     HORIZ      VERT
              M        M/SEC      N/ M**2       DEG K         1/ M                M**2         M         M         M         M
0 0.250   11887.20      73.76   1.9746E+04     216.650     1.6399E+06           124.583      3.958    34.315    17.000     0.000
                                                    DYNAMIC DERIVATIVES (PER RADIAN)
0           -------PITCHING-------    -----ACCELERATION------    --------------ROLLING--------------    --------YAWING--------
0   ALPHA       CLQ          CMQ           CLAD         CMAD         CLP          CYP          CNP          CNR          CLR
0
    -8.00    2.657E+01   -6.100E+01     5.090E+00   -2.582E+01   -6.702E-01   -3.171E-01    7.680E-02   -2.990E-01    2.855E-02
    -6.00                               5.093E+00   -2.584E+01   -6.340E-01   -2.695E-01    4.894E-02   -3.066E-01    7.565E-02
    -4.00                               5.193E+00   -2.635E+01   -6.166E-01   -2.229E-01    2.108E-02   -3.144E-01    1.196E-01
    -2.00                               5.479E+00   -2.780E+01   -6.319E-01   -1.758E-01   -7.230E-03   -3.221E-01    1.634E-01
     0.00                               5.832E+00   -2.959E+01   -6.603E-01   -1.275E-01   -3.592E-02   -3.299E-01    2.098E-01
     2.00                               6.231E+00   -3.161E+01   -6.851E-01   -7.823E-02   -6.489E-02   -3.378E-01    2.582E-01
     4.00                               6.627E+00   -3.362E+01   -7.059E-01   -2.804E-02   -9.426E-02   -3.459E-01    3.083E-01
     6.00                               6.775E+00   -3.437E+01   -7.222E-01    2.300E-02   -1.242E-01   -3.541E-01    3.594E-01
     8.00                               6.238E+00   -3.165E+01   -7.339E-01    7.488E-02   -1.550E-01   -3.625E-01    4.112E-01
    10.00                               5.277E+00   -2.677E+01   -6.751E-01    1.316E-01   -1.965E-01   -3.710E-01    4.631E-01
    12.00                               4.023E+00   -2.041E+01   -5.281E-01    1.903E-01   -2.491E-01   -3.783E-01    5.028E-01
    14.00                               2.746E+00   -1.393E+01   -3.782E-01    2.451E-01   -2.992E-01   -3.836E-01    5.271E-01
    16.00                               1.962E+00   -9.956E+00   -2.347E-01    2.960E-01   -3.443E-01   -3.868E-01    5.391E-01
    18.00                               7.856E-01   -3.986E+00   -6.651E-02    3.455E-01   -3.855E-01   -3.874E-01    5.371E-01
    20.00                              -5.252E-01    2.665E+00    1.128E-01    3.952E-01   -4.161E-01   -3.852E-01    5.187E-01
    22.00                              -1.063E+00    5.394E+00    2.899E-01    4.246E-01   -4.155E-01   -3.803E-01    4.845E-01
 WARNING*** BODY ALONE DYNAMIC DERIVATIVE METHOD VALID FOR NOSE CYLINDER ONLY
            TAIL EFFECTS IGNORED]
1                               AUTOMATED STABILITY AND CONTROL METHODS PER APRIL 1976 VERSION OF DATCOM
                                         CHARACTERISTICS AT ANGLE OF ATTACK AND IN SIDESLIP
                                        WING-BODY-VERTICAL TAIL-HORIZONTAL TAIL CONFIGURATION
                                               B738 M025 CLEAN LOW SPEED HIGH ALPHA
 
 -----------------------  FLIGHT CONDITIONS  ------------------------           --------------  REFERENCE DIMENSIONS  ------------
  MACH    ALTITUDE   VELOCITY    PRESSURE    TEMPERATURE     REYNOLDS             REF.      REFERENCE LENGTH   MOMENT REF. CENTER
 NUMBER                                                       NUMBER              AREA       LONG.     LAT.     HORIZ      VERT
              M        M/SEC      N/ M**2       DEG K         1/ M                M**2         M         M         M         M
0 0.250   12496.80      73.76   1.7943E+04     216.650     1.4902E+06           124.583      3.958    34.315    17.000     0.000
0                                                               -------------------DERIVATIVE (PER RADIAN)-------------------
0 ALPHA     CD       CL       CM       CN       CA       XCP        CLA          CMA          CYB          CNB          CLB
0
   -8.0    0.044   -0.670    0.9747  -0.670   -0.050   -1.456    8.533E+00   -9.438E+00   -8.509E-01    1.783E-01   -1.230E-01
   -6.0    0.032   -0.377    0.6692  -0.378   -0.008   -1.770    8.238E+00   -8.382E+00                             -1.500E-01
   -4.0    0.026   -0.095    0.3895  -0.096    0.020   -4.038    8.082E+00   -7.583E+00                             -1.754E-01
   -2.0    0.027    0.187    0.1397   0.186    0.033    0.750    8.267E+00   -6.659E+00                             -2.008E-01
    0.0    0.034    0.482   -0.0754   0.482    0.034   -0.156    8.600E+00   -5.707E+00                             -2.278E-01
    2.0    0.049    0.788   -0.2587   0.789    0.022   -0.328    8.869E+00   -4.898E+00                             -2.563E-01
    4.0    0.072    1.101   -0.4173   1.104   -0.005   -0.378    9.071E+00   -4.368E+00                             -2.861E-01
    6.0    0.104    1.421   -0.5636   1.424   -0.045   -0.396    9.221E+00   -4.134E+00                             -3.168E-01
    8.0    0.144    1.745   -0.7059   1.748   -0.101   -0.404    9.355E+00   -3.753E+00                             -3.480E-01
   10.0    0.193    2.074   -0.8256   2.076   -0.171   -0.398    8.684E+00   -3.080E+00                             -3.793E-01
   12.0    0.240    2.352   -0.9209   2.350   -0.255   -0.392    6.959E+00   -2.930E+00                             -4.036E-01
   14.0    0.278    2.560   -1.0301   2.551   -0.349   -0.404    5.092E+00   -3.098E+00                             -4.180E-01
   16.0    0.309    2.707   -1.1373   2.687   -0.449   -0.423    3.248E+00   -2.308E+00                             -4.235E-01
   18.0    0.328    2.787   -1.1912   2.752   -0.550   -0.433    1.040E+00   -6.770E-01                             -4.198E-01
   20.0    0.330    2.780   -1.1845   2.725   -0.641   -0.435   -8.641E-01   -1.064E+00                             -4.051E-01
   22.0    0.322    2.726   -1.2654   2.648   -0.723   -0.478   -2.179E+00   -3.573E+00                             -3.809E-01
0                                    ALPHA     Q/QINF    EPSLON  D(EPSLON)/D(ALPHA)
0
                                     -8.0      1.000     -1.984        0.507
                                     -6.0      1.000     -0.969        0.508
                                     -4.0      1.000      0.047        0.518
                                     -2.0      1.000      1.102        0.546
                                      0.0      1.000      2.232        0.581
                                      2.0      1.000      3.428        0.621
                                      4.0      1.000      4.717        0.661
                                      6.0      1.000      6.070        0.675
                                      8.0      1.000      7.418        0.622
                                     10.0      1.000      8.558        0.526
                                     12.0      1.000      9.522        0.401
                                     14.0      1.000     10.162        0.274
                                     16.0      1.000     10.617        0.196
                                     18.0      1.000     10.944        0.078
                                     20.0      0.926     10.931       -0.056
                                     22.0      0.999     10.719       -0.106
1                               AUTOMATED STABILITY AND CONTROL METHODS PER APRIL 1976 VERSION OF DATCOM
                                                         DYNAMIC DERIVATIVES
                                        WING-BODY-VERTICAL TAIL-HORIZONTAL TAIL CONFIGURATION
                                               B738 M025 CLEAN LOW SPEED HIGH ALPHA
 
 -----------------------  FLIGHT CONDITIONS  ------------------------           --------------  REFERENCE DIMENSIONS  ------------
  MACH    ALTITUDE   VELOCITY    PRESSURE    TEMPERATURE     REYNOLDS             REF.      REFERENCE LENGTH   MOMENT REF. CENTER
 NUMBER                                                       NUMBER              AREA       LONG.     LAT.     HORIZ      VERT
              M        M/SEC      N/ M**2       DEG K         1/ M                M**2         M         M         M         M
0 0.250   12496.80      73.76   1.7943E+04     216.650     1.4902E+06           124.583      3.958    34.315    17.000     0.000
                                                    DYNAMIC DERIVATIVES (PER RADIAN)
0           -------PITCHING-------    -----ACCELERATION------    --------------ROLLING--------------    --------YAWING--------
0   ALPHA       CLQ          CMQ           CLAD         CMAD         CLP          CYP          CNP          CNR          CLR
0
    -8.00    2.657E+01   -6.100E+01     5.090E+00   -2.582E+01   -6.703E-01   -3.171E-01    7.680E-02   -2.991E-01    2.855E-02
    -6.00                               5.093E+00   -2.584E+01   -6.341E-01   -2.695E-01    4.894E-02   -3.067E-01    7.565E-02
    -4.00                               5.193E+00   -2.635E+01   -6.166E-01   -2.229E-01    2.108E-02   -3.145E-01    1.196E-01
    -2.00                               5.479E+00   -2.780E+01   -6.319E-01   -1.758E-01   -7.230E-03   -3.222E-01    1.634E-01
     0.00                               5.832E+00   -2.959E+01   -6.604E-01   -1.275E-01   -3.592E-02   -3.300E-01    2.098E-01
     2.00                               6.231E+00   -3.161E+01   -6.852E-01   -7.823E-02   -6.489E-02   -3.379E-01    2.582E-01
     4.00                               6.627E+00   -3.362E+01   -7.059E-01   -2.804E-02   -9.426E-02   -3.460E-01    3.083E-01
     6.00                               6.775E+00   -3.437E+01   -7.222E-01    2.300E-02   -1.242E-01   -3.542E-01    3.594E-01
     8.00                               6.238E+00   -3.165E+01   -7.339E-01    7.488E-02   -1.550E-01   -3.626E-01    4.112E-01
    10.00                               5.277E+00   -2.677E+01   -6.751E-01    1.316E-01   -1.965E-01   -3.711E-01    4.631E-01
    12.00                               4.023E+00   -2.041E+01   -5.281E-01    1.903E-01   -2.491E-01   -3.784E-01    5.028E-01
    14.00                               2.746E+00   -1.393E+01   -3.782E-01    2.451E-01   -2.992E-01   -3.836E-01    5.271E-01
    16.00                               1.962E+00   -9.956E+00   -2.347E-01    2.960E-01   -3.443E-01   -3.868E-01    5.391E-01
    18.00                               7.856E-01   -3.986E+00   -6.654E-02    3.455E-01   -3.855E-01   -3.875E-01    5.371E-01
    20.00                              -5.249E-01    2.663E+00    1.128E-01    3.952E-01   -4.161E-01   -3.853E-01    5.187E-01
    22.00                              -1.063E+00    5.393E+00    2.898E-01    4.246E-01   -4.155E-01   -3.804E-01    4.845E-01
 Return to main program from M57O71
1          THE FOLLOWING IS A LIST OF ALL INPUT CARDS FOR THIS CASE.
0
 CASEID B738 M025 DOUBLE SLOTTED TE FLAP                                         
 DIM M                                                                           
 DERIV RAD                                                                       
  $FLTCON                                                                        
   LOOP=3.0,                                                                     
   NMACH=1.0,                                                                    
   MACH(1)=0.25,                                                                 
   NALT=4.0,                                                                     
   ALT(1)=0.0,1524.0,3048.0,4572.0,                                              
   NALPHA=16.0,                                                                  
   ALSCHD(1)=-8.0,-6.0,-4.0,-2.0,0.0,2.0,4.0,6.0,                                
   ALSCHD(9)=8.0,10.0,12.0,14.0,16.0,18.0,20.0,22.0$                             
  $OPTINS                                                                        
   SREF=124.583,CBARR=3.9576,BLREF=34.3154$                                      
  $SYNTHS                                                                        
   XCG=17.000,ZCG=0.000,XW=13.610,ZW=-1.270,ALIW=1.000,                          
   SCALE=1.000,VERTUP=.TRUE.$                                                    
  $BODY                                                                          
   NX=15.0,BNOSE=2.0,BTAIL=2.0,BLA=20.0,                                         
   X(1)=0.0000,0.4206,1.4722,2.1031,2.7341,                                      
   X(6)=4.2062,8.4125,16.8250,27.2796,30.4495,                                   
   X(11)=31.4858,33.5890,35.6921,37.7952,38.0086,                                
   ZU(1)=0.2103,0.6309,1.0516,1.3350,1.7892,                                     
   ZU(6)=2.1031,2.5237,2.5237,2.5237,2.5237,                                     
   ZU(11)=2.5237,2.4201,2.3134,2.2860,2.1031,                                    
   ZL(1)=-0.1067,-0.5273,-1.0516,-1.1582,-1.2619,                                
   ZL(6)=-1.3686,-1.4722,-1.4722,-1.4722,-1.0516,                                
   ZL(11)=-0.8412,-0.2469,0.3170,1.2619,1.8928,                                  
   S(1)=0.0511,0.7646,2.6840,4.1165,6.0443,                                      
   S(6)=8.6056,11.8739,11.8739,11.8739,10.0437,                                  
   S(11)=8.8890,5.2843,2.6375,0.3382,0.0102$                                     
  $WGPLNF                                                                        
   CHRDR=7.8770,CHRDBP=5.7117,CHRDTP=1.2510,                                     
   SSPN=17.1577,SSPNE=15.2800,SSPNOP=0.7750,                                     
   SAVSI=25.020,SAVSO=25.020,CHSTAT=0.250,TWISTA=0.000,                          
   DHDADI=6.000,DHDADO=6.000,TYPE=1.000$                                         
 NACA-W-6-64A412                                                                 
  $SYMFLP                                                                        
   FTYPE=4.0,                                                                    
   NTYPE=1.0,                                                                    
   SPANFI=3.4315,                                                                
   SPANFO=12.0104,                                                               
   CHRDFI=1.5600,                                                                
   CHRDFO=0.8100,                                                                
   NDELTA=7.0,                                                                   
   DELTA(1)=0.0,5.0,10.0,15.0,25.0,30.0,40.0$                                    
 NEXT CASE                                                                       
0 INPUT DIMENSIONS ARE IN M , SCALE FACTOR IS 1.0000

 Return to main program from M01O01
1                             AUTOMATED STABILITY AND CONTROL METHODS PER APRIL 1976 VERSION OF DATCOM   
                                                        WING SECTION DEFINITION
0                                 IDEAL ANGLE OF ATTACK =   0.00000 DEG.

                              ZERO LIFT ANGLE OF ATTACK =  -3.09312 DEG.

                                 IDEAL LIFT COEFFICIENT =   0.40000

                  ZERO LIFT PITCHING MOMENT COEFFICIENT =  -0.08720

                             MACH ZERO LIFT-CURVE-SLOPE =   0.09654 /DEG.

                                    LEADING EDGE RADIUS =   0.00993 FRACTION CHORD

                              MAXIMUM AIRFOIL THICKNESS =   0.12000 FRACTION CHORD

                                                DELTA-Y =   2.46808 PERCENT CHORD


0                         MACH= 0.2500 LIFT-CURVE-SLOPE =   0.09903 /DEG.      XAC =   0.26498
 Return to main program from M50O62
 Return to main program from M02O02
 Return to main program from M51O63
1                               AUTOMATED STABILITY AND CONTROL METHODS PER APRIL 1976 VERSION OF DATCOM
                                         CHARACTERISTICS AT ANGLE OF ATTACK AND IN SIDESLIP
                                                       WING-BODY CONFIGURATION
                                                 B738 M025 DOUBLE SLOTTED TE FLAP
 
 -----------------------  FLIGHT CONDITIONS  ------------------------           --------------  REFERENCE DIMENSIONS  ------------
  MACH    ALTITUDE   VELOCITY    PRESSURE    TEMPERATURE     REYNOLDS             REF.      REFERENCE LENGTH   MOMENT REF. CENTER
 NUMBER                                                       NUMBER              AREA       LONG.     LAT.     HORIZ      VERT
              M        M/SEC      N/ M**2       DEG K         1/ M                M**2         M         M         M         M
0 0.250       0.00      85.06   1.0133E+05     288.150     5.7974E+06           124.583      3.958    34.315    17.000     0.000
0                                                               -------------------DERIVATIVE (PER RADIAN)-------------------
0 ALPHA     CD       CL       CM       CN       CA       XCP        CLA          CMA          CYB          CNB          CLB
0
   -8.0    0.032   -0.560    0.4219  -0.560   -0.046   -0.754    8.047E+00   -6.543E+00   -2.603E-01   -1.394E-01    4.328E-03
   -6.0    0.022   -0.285    0.2075  -0.286   -0.008   -0.725    7.713E+00   -5.740E+00                             -3.138E-02
   -4.0    0.019   -0.022    0.0212  -0.023    0.017   -0.910    7.568E+00   -4.993E+00                             -6.557E-02
   -2.0    0.020    0.243   -0.1411   0.242    0.029   -0.583    7.790E+00   -4.250E+00                             -9.997E-02
    0.0    0.028    0.522   -0.2756   0.522    0.028   -0.528    8.167E+00   -3.512E+00                             -1.362E-01
    2.0    0.044    0.813   -0.3862   0.814    0.015   -0.474    8.485E+00   -2.944E+00                             -1.740E-01
    4.0    0.066    1.114   -0.4811   1.116   -0.011   -0.431    8.729E+00   -2.620E+00                             -2.131E-01
    6.0    0.097    1.422   -0.5691   1.425   -0.052   -0.399    8.895E+00   -2.454E+00                             -2.531E-01
    8.0    0.136    1.735   -0.6524   1.737   -0.106   -0.376    8.980E+00   -1.812E+00                             -2.937E-01
   10.0    0.184    2.049   -0.6956   2.050   -0.175   -0.339    8.220E+00   -6.600E-01                             -3.345E-01
   12.0    0.228    2.309   -0.6985   2.306   -0.257   -0.303    6.369E+00    1.588E-01                             -3.682E-01
   14.0    0.263    2.494   -0.6845   2.484   -0.348   -0.276    4.367E+00    7.146E-01                             -3.922E-01
   16.0    0.289    2.614   -0.6486   2.592   -0.443   -0.250    2.437E+00    1.976E+00                             -4.078E-01
   18.0    0.302    2.664   -0.5466   2.627   -0.536   -0.208    2.753E-01    3.373E+00                             -4.143E-01
   20.0    0.299    2.633   -0.4132   2.576   -0.620   -0.160   -1.936E+00    4.588E+00                             -4.103E-01
   22.0    0.280    2.529   -0.2263   2.450   -0.687   -0.092   -4.025E+00    6.121E+00                             -3.967E-01
1                            AUTOMATED STABILITY AND CONTROL METHODS PER APRIL 1976 VERSION OF DATCOM
                                         CHARACTERISTICS OF HIGH LIFT AND CONTROL DEVICES
                                              WING DOUBLE-SLOTTED FLAP CONFIGURATION
                                                 B738 M025 DOUBLE SLOTTED TE FLAP
 -----------------------  FLIGHT CONDITIONS  ------------------------           --------------  REFERENCE DIMENSIONS  ------------
  MACH    ALTITUDE   VELOCITY    PRESSURE    TEMPERATURE     REYNOLDS             REF.      REFERENCE LENGTH   MOMENT REF. CENTER
 NUMBER                                                       NUMBER              AREA       LONG.     LAT.     HORIZ      VERT
              M        M/SEC      N/ M**2       DEG K         1/ M                M**2         M         M         M         M
0 0.250       0.00      85.06   4.4198E+01     933.606     5.3860E+05           124.583      3.958    34.315    17.000     0.000
0            ---------INCREMENTS DUE TO DEFLECTION---------              ---DERIVATIVES (PER DEGREE)---
0     DELTA     D(CL)     D(CM)    D(CL MAX)    D(CD MIN)                (CLA)D     (CH)A       (CH)D


        0.0     0.000    -0.0000     0.000      0.00000                7.764E-02     NDM         NDM 
        5.0     0.000    -0.0000     0.014      0.00139                7.764E-02                 NDM 
       10.0     0.000    -0.0000     0.038      0.00277                7.764E-02                 NDM 
       15.0     0.000    -0.0000     0.101      0.00466                7.764E-02                 NDM 
       25.0     0.000    -0.0000     0.353      0.01265                7.764E-02                 NDM 
       30.0     0.000    -0.0000     0.462      0.01876                7.764E-02                 NDM 
       40.0     0.000    -0.0000     0.650      0.03625                7.764E-02                 NDM 
0  *** NOTE * HINGE MOMENT DERIVATIVES ARE BASED ON TWICE THE AREA-MOMENT OF THE CONTROL ABOUT ITS HINGE LINE

0            --------- INDUCED DRAG COEFFICIENT INCREMENT , D(CDI) , DUE TO DEFLECTION ---------
0       DELTA =   0.0       5.0      10.0      15.0      25.0      30.0      40.0
   ALPHA
0
    -8.0        0.00E+00  0.00E+00  0.00E+00  0.00E+00  0.00E+00  0.00E+00  0.00E+00
    -6.0        0.00E+00  0.00E+00  0.00E+00  0.00E+00  0.00E+00  0.00E+00  0.00E+00
    -4.0        0.00E+00  0.00E+00  0.00E+00  0.00E+00  0.00E+00  0.00E+00  0.00E+00
    -2.0        0.00E+00  0.00E+00  0.00E+00  0.00E+00  0.00E+00  0.00E+00  0.00E+00
     0.0        0.00E+00  0.00E+00  0.00E+00  0.00E+00  0.00E+00  0.00E+00  0.00E+00
     2.0        0.00E+00  0.00E+00  0.00E+00  0.00E+00  0.00E+00  0.00E+00  0.00E+00
     4.0        0.00E+00  0.00E+00  0.00E+00  0.00E+00  0.00E+00  0.00E+00  0.00E+00
     6.0        0.00E+00  0.00E+00  0.00E+00  0.00E+00  0.00E+00  0.00E+00  0.00E+00
     8.0        0.00E+00  0.00E+00  0.00E+00  0.00E+00  0.00E+00  0.00E+00  0.00E+00
    10.0        0.00E+00  0.00E+00  0.00E+00  0.00E+00  0.00E+00  0.00E+00  0.00E+00
    12.0        0.00E+00  0.00E+00  0.00E+00  0.00E+00  0.00E+00  0.00E+00  0.00E+00
    14.0        0.00E+00  0.00E+00  0.00E+00  0.00E+00  0.00E+00  0.00E+00  0.00E+00
    16.0        0.00E+00  0.00E+00  0.00E+00  0.00E+00  0.00E+00  0.00E+00  0.00E+00
    18.0        0.00E+00  0.00E+00  0.00E+00  0.00E+00  0.00E+00  0.00E+00  0.00E+00
    20.0        0.00E+00  0.00E+00  0.00E+00  0.00E+00  0.00E+00  0.00E+00  0.00E+00
    22.0        0.00E+00  0.00E+00  0.00E+00  0.00E+00  0.00E+00  0.00E+00  0.00E+00
0***NDM PRINTED WHEN NO DATCOM METHODS EXIST
1                               AUTOMATED STABILITY AND CONTROL METHODS PER APRIL 1976 VERSION OF DATCOM
                                         CHARACTERISTICS AT ANGLE OF ATTACK AND IN SIDESLIP
                                                       WING-BODY CONFIGURATION
                                                 B738 M025 DOUBLE SLOTTED TE FLAP
 
 -----------------------  FLIGHT CONDITIONS  ------------------------           --------------  REFERENCE DIMENSIONS  ------------
  MACH    ALTITUDE   VELOCITY    PRESSURE    TEMPERATURE     REYNOLDS             REF.      REFERENCE LENGTH   MOMENT REF. CENTER
 NUMBER                                                       NUMBER              AREA       LONG.     LAT.     HORIZ      VERT
              M        M/SEC      N/ M**2       DEG K         1/ M                M**2         M         M         M         M
0 0.250    1524.00      83.59   8.4311E+04     278.246     5.0449E+06           124.583      3.958    34.315    17.000     0.000
0                                                               -------------------DERIVATIVE (PER RADIAN)-------------------
0 ALPHA     CD       CL       CM       CN       CA       XCP        CLA          CMA          CYB          CNB          CLB
0
   -8.0    0.033   -0.560    0.4218  -0.560   -0.046   -0.754    8.047E+00   -6.544E+00   -2.603E-01   -1.375E-01    4.326E-03
   -6.0    0.023   -0.285    0.2074  -0.286   -0.007   -0.725    7.712E+00   -5.740E+00                             -3.138E-02
   -4.0    0.019   -0.022    0.0211  -0.023    0.017   -0.908    7.568E+00   -4.993E+00                             -6.557E-02
   -2.0    0.021    0.243   -0.1411   0.242    0.029   -0.583    7.790E+00   -4.251E+00                             -9.997E-02
    0.0    0.029    0.522   -0.2756   0.522    0.029   -0.528    8.167E+00   -3.512E+00                             -1.362E-01
    2.0    0.044    0.813   -0.3863   0.814    0.015   -0.474    8.485E+00   -2.944E+00                             -1.740E-01
    4.0    0.067    1.114   -0.4812   1.116   -0.011   -0.431    8.729E+00   -2.620E+00                             -2.131E-01
    6.0    0.098    1.422   -0.5692   1.425   -0.052   -0.399    8.895E+00   -2.454E+00                             -2.531E-01
    8.0    0.137    1.735   -0.6525   1.737   -0.106   -0.376    8.980E+00   -1.812E+00                             -2.937E-01
   10.0    0.184    2.049   -0.6956   2.050   -0.175   -0.339    8.220E+00   -6.600E-01                             -3.345E-01
   12.0    0.228    2.309   -0.6986   2.306   -0.257   -0.303    6.369E+00    1.588E-01                             -3.682E-01
   14.0    0.264    2.494   -0.6845   2.484   -0.348   -0.276    4.367E+00    7.146E-01                             -3.922E-01
   16.0    0.289    2.614   -0.6487   2.592   -0.442   -0.250    2.437E+00    1.976E+00                             -4.078E-01
   18.0    0.302    2.664   -0.5466   2.627   -0.536   -0.208    2.752E-01    3.373E+00                             -4.143E-01
   20.0    0.299    2.633   -0.4132   2.577   -0.620   -0.160   -1.936E+00    4.588E+00                             -4.102E-01
   22.0    0.281    2.529   -0.2263   2.450   -0.687   -0.092   -4.025E+00    6.121E+00                             -3.967E-01
1                            AUTOMATED STABILITY AND CONTROL METHODS PER APRIL 1976 VERSION OF DATCOM
                                         CHARACTERISTICS OF HIGH LIFT AND CONTROL DEVICES
                                              WING DOUBLE-SLOTTED FLAP CONFIGURATION
                                                 B738 M025 DOUBLE SLOTTED TE FLAP
 -----------------------  FLIGHT CONDITIONS  ------------------------           --------------  REFERENCE DIMENSIONS  ------------
  MACH    ALTITUDE   VELOCITY    PRESSURE    TEMPERATURE     REYNOLDS             REF.      REFERENCE LENGTH   MOMENT REF. CENTER
 NUMBER                                                       NUMBER              AREA       LONG.     LAT.     HORIZ      VERT
              M        M/SEC      N/ M**2       DEG K         1/ M                M**2         M         M         M         M
0 0.250    1524.00      83.59   3.6776E+01     901.518     4.6868E+05           124.583      3.958    34.315    17.000     0.000
0            ---------INCREMENTS DUE TO DEFLECTION---------              ---DERIVATIVES (PER DEGREE)---
0     DELTA     D(CL)     D(CM)    D(CL MAX)    D(CD MIN)                (CLA)D     (CH)A       (CH)D


        0.0     0.000    -0.0000     0.000      0.00000                7.764E-02     NDM         NDM 
        5.0     0.000    -0.0000     0.014      0.00139                7.764E-02                 NDM 
       10.0     0.000    -0.0000     0.038      0.00277                7.764E-02                 NDM 
       15.0     0.000    -0.0000     0.101      0.00466                7.764E-02                 NDM 
       25.0     0.000    -0.0000     0.353      0.01265                7.764E-02                 NDM 
       30.0     0.000    -0.0000     0.462      0.01876                7.764E-02                 NDM 
       40.0     0.000    -0.0000     0.650      0.03625                7.764E-02                 NDM 
0  *** NOTE * HINGE MOMENT DERIVATIVES ARE BASED ON TWICE THE AREA-MOMENT OF THE CONTROL ABOUT ITS HINGE LINE

0            --------- INDUCED DRAG COEFFICIENT INCREMENT , D(CDI) , DUE TO DEFLECTION ---------
0       DELTA =   0.0       5.0      10.0      15.0      25.0      30.0      40.0
   ALPHA
0
    -8.0        0.00E+00  0.00E+00  0.00E+00  0.00E+00  0.00E+00  0.00E+00  0.00E+00
    -6.0        0.00E+00  0.00E+00  0.00E+00  0.00E+00  0.00E+00  0.00E+00  0.00E+00
    -4.0        0.00E+00  0.00E+00  0.00E+00  0.00E+00  0.00E+00  0.00E+00  0.00E+00
    -2.0        0.00E+00  0.00E+00  0.00E+00  0.00E+00  0.00E+00  0.00E+00  0.00E+00
     0.0        0.00E+00  0.00E+00  0.00E+00  0.00E+00  0.00E+00  0.00E+00  0.00E+00
     2.0        0.00E+00  0.00E+00  0.00E+00  0.00E+00  0.00E+00  0.00E+00  0.00E+00
     4.0        0.00E+00  0.00E+00  0.00E+00  0.00E+00  0.00E+00  0.00E+00  0.00E+00
     6.0        0.00E+00  0.00E+00  0.00E+00  0.00E+00  0.00E+00  0.00E+00  0.00E+00
     8.0        0.00E+00  0.00E+00  0.00E+00  0.00E+00  0.00E+00  0.00E+00  0.00E+00
    10.0        0.00E+00  0.00E+00  0.00E+00  0.00E+00  0.00E+00  0.00E+00  0.00E+00
    12.0        0.00E+00  0.00E+00  0.00E+00  0.00E+00  0.00E+00  0.00E+00  0.00E+00
    14.0        0.00E+00  0.00E+00  0.00E+00  0.00E+00  0.00E+00  0.00E+00  0.00E+00
    16.0        0.00E+00  0.00E+00  0.00E+00  0.00E+00  0.00E+00  0.00E+00  0.00E+00
    18.0        0.00E+00  0.00E+00  0.00E+00  0.00E+00  0.00E+00  0.00E+00  0.00E+00
    20.0        0.00E+00  0.00E+00  0.00E+00  0.00E+00  0.00E+00  0.00E+00  0.00E+00
    22.0        0.00E+00  0.00E+00  0.00E+00  0.00E+00  0.00E+00  0.00E+00  0.00E+00
0***NDM PRINTED WHEN NO DATCOM METHODS EXIST
1                               AUTOMATED STABILITY AND CONTROL METHODS PER APRIL 1976 VERSION OF DATCOM
                                         CHARACTERISTICS AT ANGLE OF ATTACK AND IN SIDESLIP
                                                       WING-BODY CONFIGURATION
                                                 B738 M025 DOUBLE SLOTTED TE FLAP
 
 -----------------------  FLIGHT CONDITIONS  ------------------------           --------------  REFERENCE DIMENSIONS  ------------
  MACH    ALTITUDE   VELOCITY    PRESSURE    TEMPERATURE     REYNOLDS             REF.      REFERENCE LENGTH   MOMENT REF. CENTER
 NUMBER                                                       NUMBER              AREA       LONG.     LAT.     HORIZ      VERT
              M        M/SEC      N/ M**2       DEG K         1/ M                M**2         M         M         M         M
0 0.250    3048.00      82.09   6.9695E+04     268.347     4.3694E+06           124.583      3.958    34.315    17.000     0.000
0                                                               -------------------DERIVATIVE (PER RADIAN)-------------------
0 ALPHA     CD       CL       CM       CN       CA       XCP        CLA          CMA          CYB          CNB          CLB
0
   -8.0    0.033   -0.560    0.4218  -0.560   -0.045   -0.754    8.047E+00   -6.544E+00   -2.603E-01   -1.356E-01    4.324E-03
   -6.0    0.023   -0.285    0.2074  -0.286   -0.007   -0.725    7.712E+00   -5.739E+00                             -3.138E-02
   -4.0    0.019   -0.022    0.0211  -0.023    0.018   -0.905    7.568E+00   -4.993E+00                             -6.557E-02
   -2.0    0.021    0.243   -0.1412   0.242    0.029   -0.583    7.790E+00   -4.251E+00                             -9.997E-02
    0.0    0.029    0.522   -0.2757   0.522    0.029   -0.528    8.166E+00   -3.512E+00                             -1.362E-01
    2.0    0.044    0.813   -0.3863   0.814    0.016   -0.475    8.485E+00   -2.944E+00                             -1.740E-01
    4.0    0.067    1.114   -0.4812   1.116   -0.011   -0.431    8.729E+00   -2.620E+00                             -2.131E-01
    6.0    0.098    1.422   -0.5692   1.425   -0.051   -0.399    8.894E+00   -2.454E+00                             -2.531E-01
    8.0    0.137    1.735   -0.6526   1.737   -0.106   -0.376    8.980E+00   -1.812E+00                             -2.937E-01
   10.0    0.184    2.049   -0.6957   2.050   -0.174   -0.339    8.220E+00   -6.600E-01                             -3.345E-01
   12.0    0.229    2.309   -0.6987   2.306   -0.256   -0.303    6.369E+00    1.588E-01                             -3.682E-01
   14.0    0.264    2.494   -0.6846   2.484   -0.347   -0.276    4.367E+00    7.146E-01                             -3.922E-01
   16.0    0.290    2.614   -0.6488   2.592   -0.442   -0.250    2.437E+00    1.976E+00                             -4.077E-01
   18.0    0.302    2.664   -0.5467   2.627   -0.536   -0.208    2.751E-01    3.373E+00                             -4.143E-01
   20.0    0.299    2.633   -0.4133   2.577   -0.619   -0.160   -1.936E+00    4.588E+00                             -4.102E-01
   22.0    0.281    2.529   -0.2264   2.450   -0.687   -0.092   -4.025E+00    6.121E+00                             -3.967E-01
1                            AUTOMATED STABILITY AND CONTROL METHODS PER APRIL 1976 VERSION OF DATCOM
                                         CHARACTERISTICS OF HIGH LIFT AND CONTROL DEVICES
                                              WING DOUBLE-SLOTTED FLAP CONFIGURATION
                                                 B738 M025 DOUBLE SLOTTED TE FLAP
 -----------------------  FLIGHT CONDITIONS  ------------------------           --------------  REFERENCE DIMENSIONS  ------------
  MACH    ALTITUDE   VELOCITY    PRESSURE    TEMPERATURE     REYNOLDS             REF.      REFERENCE LENGTH   MOMENT REF. CENTER
 NUMBER                                                       NUMBER              AREA       LONG.     LAT.     HORIZ      VERT
              M        M/SEC      N/ M**2       DEG K         1/ M                M**2         M         M         M         M
0 0.250    3048.00      82.09   3.0401E+01     869.445     4.0593E+05           124.583      3.958    34.315    17.000     0.000
0            ---------INCREMENTS DUE TO DEFLECTION---------              ---DERIVATIVES (PER DEGREE)---
0     DELTA     D(CL)     D(CM)    D(CL MAX)    D(CD MIN)                (CLA)D     (CH)A       (CH)D


        0.0     0.000    -0.0000     0.000      0.00000                7.764E-02     NDM         NDM 
        5.0     0.000    -0.0000     0.014      0.00139                7.764E-02                 NDM 
       10.0     0.000    -0.0000     0.038      0.00277                7.764E-02                 NDM 
       15.0     0.000    -0.0000     0.101      0.00466                7.764E-02                 NDM 
       25.0     0.000    -0.0000     0.353      0.01265                7.764E-02                 NDM 
       30.0     0.000    -0.0000     0.462      0.01876                7.764E-02                 NDM 
       40.0     0.000    -0.0000     0.650      0.03625                7.764E-02                 NDM 
0  *** NOTE * HINGE MOMENT DERIVATIVES ARE BASED ON TWICE THE AREA-MOMENT OF THE CONTROL ABOUT ITS HINGE LINE

0            --------- INDUCED DRAG COEFFICIENT INCREMENT , D(CDI) , DUE TO DEFLECTION ---------
0       DELTA =   0.0       5.0      10.0      15.0      25.0      30.0      40.0
   ALPHA
0
    -8.0        0.00E+00  0.00E+00  0.00E+00  0.00E+00  0.00E+00  0.00E+00  0.00E+00
    -6.0        0.00E+00  0.00E+00  0.00E+00  0.00E+00  0.00E+00  0.00E+00  0.00E+00
    -4.0        0.00E+00  0.00E+00  0.00E+00  0.00E+00  0.00E+00  0.00E+00  0.00E+00
    -2.0        0.00E+00  0.00E+00  0.00E+00  0.00E+00  0.00E+00  0.00E+00  0.00E+00
     0.0        0.00E+00  0.00E+00  0.00E+00  0.00E+00  0.00E+00  0.00E+00  0.00E+00
     2.0        0.00E+00  0.00E+00  0.00E+00  0.00E+00  0.00E+00  0.00E+00  0.00E+00
     4.0        0.00E+00  0.00E+00  0.00E+00  0.00E+00  0.00E+00  0.00E+00  0.00E+00
     6.0        0.00E+00  0.00E+00  0.00E+00  0.00E+00  0.00E+00  0.00E+00  0.00E+00
     8.0        0.00E+00  0.00E+00  0.00E+00  0.00E+00  0.00E+00  0.00E+00  0.00E+00
    10.0        0.00E+00  0.00E+00  0.00E+00  0.00E+00  0.00E+00  0.00E+00  0.00E+00
    12.0        0.00E+00  0.00E+00  0.00E+00  0.00E+00  0.00E+00  0.00E+00  0.00E+00
    14.0        0.00E+00  0.00E+00  0.00E+00  0.00E+00  0.00E+00  0.00E+00  0.00E+00
    16.0        0.00E+00  0.00E+00  0.00E+00  0.00E+00  0.00E+00  0.00E+00  0.00E+00
    18.0        0.00E+00  0.00E+00  0.00E+00  0.00E+00  0.00E+00  0.00E+00  0.00E+00
    20.0        0.00E+00  0.00E+00  0.00E+00  0.00E+00  0.00E+00  0.00E+00  0.00E+00
    22.0        0.00E+00  0.00E+00  0.00E+00  0.00E+00  0.00E+00  0.00E+00  0.00E+00
0***NDM PRINTED WHEN NO DATCOM METHODS EXIST
1                               AUTOMATED STABILITY AND CONTROL METHODS PER APRIL 1976 VERSION OF DATCOM
                                         CHARACTERISTICS AT ANGLE OF ATTACK AND IN SIDESLIP
                                                       WING-BODY CONFIGURATION
                                                 B738 M025 DOUBLE SLOTTED TE FLAP
 
 -----------------------  FLIGHT CONDITIONS  ------------------------           --------------  REFERENCE DIMENSIONS  ------------
  MACH    ALTITUDE   VELOCITY    PRESSURE    TEMPERATURE     REYNOLDS             REF.      REFERENCE LENGTH   MOMENT REF. CENTER
 NUMBER                                                       NUMBER              AREA       LONG.     LAT.     HORIZ      VERT
              M        M/SEC      N/ M**2       DEG K         1/ M                M**2         M         M         M         M
0 0.250    4572.00      80.56   5.7207E+04     258.453     3.7653E+06           124.583      3.958    34.315    17.000     0.000
0                                                               -------------------DERIVATIVE (PER RADIAN)-------------------
0 ALPHA     CD       CL       CM       CN       CA       XCP        CLA          CMA          CYB          CNB          CLB
0
   -8.0    0.033   -0.560    0.4217  -0.560   -0.045   -0.754    8.047E+00   -6.544E+00   -2.603E-01   -1.335E-01    4.322E-03
   -6.0    0.023   -0.285    0.2073  -0.286   -0.007   -0.724    7.712E+00   -5.739E+00                             -3.138E-02
   -4.0    0.019   -0.022    0.0210  -0.023    0.018   -0.902    7.568E+00   -4.993E+00                             -6.557E-02
   -2.0    0.021    0.243   -0.1413   0.242    0.030   -0.584    7.790E+00   -4.251E+00                             -9.997E-02
    0.0    0.029    0.522   -0.2758   0.522    0.029   -0.528    8.166E+00   -3.512E+00                             -1.362E-01
    2.0    0.044    0.813   -0.3864   0.814    0.016   -0.475    8.485E+00   -2.944E+00                             -1.740E-01
    4.0    0.067    1.114   -0.4813   1.116   -0.011   -0.431    8.728E+00   -2.620E+00                             -2.131E-01
    6.0    0.098    1.422   -0.5693   1.425   -0.051   -0.400    8.894E+00   -2.454E+00                             -2.531E-01
    8.0    0.137    1.735   -0.6527   1.737   -0.105   -0.376    8.980E+00   -1.812E+00                             -2.937E-01
   10.0    0.185    2.049   -0.6958   2.050   -0.174   -0.339    8.220E+00   -6.600E-01                             -3.345E-01
   12.0    0.229    2.309   -0.6987   2.306   -0.256   -0.303    6.369E+00    1.589E-01                             -3.682E-01
   14.0    0.264    2.494   -0.6847   2.484   -0.347   -0.276    4.367E+00    7.146E-01                             -3.922E-01
   16.0    0.290    2.614   -0.6488   2.592   -0.442   -0.250    2.437E+00    1.976E+00                             -4.077E-01
   18.0    0.303    2.664   -0.5468   2.627   -0.535   -0.208    2.749E-01    3.373E+00                             -4.143E-01
   20.0    0.300    2.633   -0.4134   2.577   -0.619   -0.160   -1.936E+00    4.588E+00                             -4.102E-01
   22.0    0.281    2.529   -0.2265   2.450   -0.687   -0.092   -4.026E+00    6.121E+00                             -3.967E-01
1                            AUTOMATED STABILITY AND CONTROL METHODS PER APRIL 1976 VERSION OF DATCOM
                                         CHARACTERISTICS OF HIGH LIFT AND CONTROL DEVICES
                                              WING DOUBLE-SLOTTED FLAP CONFIGURATION
                                                 B738 M025 DOUBLE SLOTTED TE FLAP
 -----------------------  FLIGHT CONDITIONS  ------------------------           --------------  REFERENCE DIMENSIONS  ------------
  MACH    ALTITUDE   VELOCITY    PRESSURE    TEMPERATURE     REYNOLDS             REF.      REFERENCE LENGTH   MOMENT REF. CENTER
 NUMBER                                                       NUMBER              AREA       LONG.     LAT.     HORIZ      VERT
              M        M/SEC      N/ M**2       DEG K         1/ M                M**2         M         M         M         M
0 0.250    4572.00      80.56   2.4954E+01     837.388     3.4981E+05           124.583      3.958    34.315    17.000     0.000
0            ---------INCREMENTS DUE TO DEFLECTION---------              ---DERIVATIVES (PER DEGREE)---
0     DELTA     D(CL)     D(CM)    D(CL MAX)    D(CD MIN)                (CLA)D     (CH)A       (CH)D


        0.0     0.000    -0.0000     0.000      0.00000                7.764E-02     NDM         NDM 
        5.0     0.000    -0.0000     0.014      0.00139                7.764E-02                 NDM 
       10.0     0.000    -0.0000     0.038      0.00277                7.764E-02                 NDM 
       15.0     0.000    -0.0000     0.101      0.00466                7.764E-02                 NDM 
       25.0     0.000    -0.0000     0.353      0.01265                7.764E-02                 NDM 
       30.0     0.000    -0.0000     0.462      0.01876                7.764E-02                 NDM 
       40.0     0.000    -0.0000     0.650      0.03625                7.764E-02                 NDM 
0  *** NOTE * HINGE MOMENT DERIVATIVES ARE BASED ON TWICE THE AREA-MOMENT OF THE CONTROL ABOUT ITS HINGE LINE

0            --------- INDUCED DRAG COEFFICIENT INCREMENT , D(CDI) , DUE TO DEFLECTION ---------
0       DELTA =   0.0       5.0      10.0      15.0      25.0      30.0      40.0
   ALPHA
0
    -8.0        0.00E+00  0.00E+00  0.00E+00  0.00E+00  0.00E+00  0.00E+00  0.00E+00
    -6.0        0.00E+00  0.00E+00  0.00E+00  0.00E+00  0.00E+00  0.00E+00  0.00E+00
    -4.0        0.00E+00  0.00E+00  0.00E+00  0.00E+00  0.00E+00  0.00E+00  0.00E+00
    -2.0        0.00E+00  0.00E+00  0.00E+00  0.00E+00  0.00E+00  0.00E+00  0.00E+00
     0.0        0.00E+00  0.00E+00  0.00E+00  0.00E+00  0.00E+00  0.00E+00  0.00E+00
     2.0        0.00E+00  0.00E+00  0.00E+00  0.00E+00  0.00E+00  0.00E+00  0.00E+00
     4.0        0.00E+00  0.00E+00  0.00E+00  0.00E+00  0.00E+00  0.00E+00  0.00E+00
     6.0        0.00E+00  0.00E+00  0.00E+00  0.00E+00  0.00E+00  0.00E+00  0.00E+00
     8.0        0.00E+00  0.00E+00  0.00E+00  0.00E+00  0.00E+00  0.00E+00  0.00E+00
    10.0        0.00E+00  0.00E+00  0.00E+00  0.00E+00  0.00E+00  0.00E+00  0.00E+00
    12.0        0.00E+00  0.00E+00  0.00E+00  0.00E+00  0.00E+00  0.00E+00  0.00E+00
    14.0        0.00E+00  0.00E+00  0.00E+00  0.00E+00  0.00E+00  0.00E+00  0.00E+00
    16.0        0.00E+00  0.00E+00  0.00E+00  0.00E+00  0.00E+00  0.00E+00  0.00E+00
    18.0        0.00E+00  0.00E+00  0.00E+00  0.00E+00  0.00E+00  0.00E+00  0.00E+00
    20.0        0.00E+00  0.00E+00  0.00E+00  0.00E+00  0.00E+00  0.00E+00  0.00E+00
    22.0        0.00E+00  0.00E+00  0.00E+00  0.00E+00  0.00E+00  0.00E+00  0.00E+00
0***NDM PRINTED WHEN NO DATCOM METHODS EXIST
 Return to main program from M57O71
1          THE FOLLOWING IS A LIST OF ALL INPUT CARDS FOR THIS CASE.
0
 CASEID B738 M025 ELEVATOR FULL AIRCRAFT                                         
 DIM M                                                                           
 DERIV RAD                                                                       
  $FLTCON                                                                        
   LOOP=3.0,                                                                     
   NMACH=1.0,                                                                    
   MACH(1)=0.25,                                                                 
   NALT=10.0,                                                                    
   ALT(1)=0.0,1524.0,3048.0,4572.0,6096.0,                                       
   ALT(6)=7620.0,9144.0,10668.0,11887.2,12496.8,                                 
   NALPHA=12.0,                                                                  
   ALSCHD(1)=-6.0,-4.0,-2.0,0.0,2.0,4.0,                                         
   ALSCHD(7)=6.0,8.0,10.0,12.0,14.0,16.0$                                        
  $OPTINS                                                                        
   SREF=124.583,CBARR=3.9576,BLREF=34.3154$                                      
  $SYNTHS                                                                        
   XCG=17.000,ZCG=0.000,XW=13.610,ZW=-1.270,ALIW=1.000,                          
   XH=33.800,ZH=1.890,ALIH=0.000,XV=32.130,ZV=2.320,                             
   SCALE=1.000,VERTUP=.TRUE.$                                                    
  $BODY                                                                          
   NX=15.0,BNOSE=2.0,BTAIL=2.0,BLA=20.0,                                         
   X(1)=0.0000,0.4206,1.4722,2.1031,2.7341,                                      
   X(6)=4.2062,8.4125,16.8250,27.2796,30.4495,                                   
   X(11)=31.4858,33.5890,35.6921,37.7952,38.0086,                                
   ZU(1)=0.2103,0.6309,1.0516,1.3350,1.7892,                                     
   ZU(6)=2.1031,2.5237,2.5237,2.5237,2.5237,                                     
   ZU(11)=2.5237,2.4201,2.3134,2.2860,2.1031,                                    
   ZL(1)=-0.1067,-0.5273,-1.0516,-1.1582,-1.2619,                                
   ZL(6)=-1.3686,-1.4722,-1.4722,-1.4722,-1.0516,                                
   ZL(11)=-0.8412,-0.2469,0.3170,1.2619,1.8928,                                  
   S(1)=0.0511,0.7646,2.6840,4.1165,6.0443,                                      
   S(6)=8.6056,11.8739,11.8739,11.8739,10.0437,                                  
   S(11)=8.8890,5.2843,2.6375,0.3382,0.0102$                                     
  $WGPLNF                                                                        
   CHRDR=7.8770,CHRDBP=5.7117,CHRDTP=1.2510,                                     
   SSPN=17.1577,SSPNE=15.2800,SSPNOP=0.7750,                                     
   SAVSI=25.020,SAVSO=25.020,CHSTAT=0.250,TWISTA=0.000,                          
   DHDADI=6.000,DHDADO=6.000,TYPE=1.000$                                         
 NACA-W-6-64A412                                                                 
  $VTPLNF                                                                        
   CHRDR=5.8074,CHRDTP=1.5748,SSPN=7.1628,SSPNE=6.4000,                          
   SAVSI=35.000,CHSTAT=0.250,TWISTA=0.000,TYPE=1.000$                            
 NACA-V-4-0012                                                                   
  $HTPLNF                                                                        
   CHRDR=3.7980,CHRDTP=0.7710,SSPN=7.1750,SSPNE=5.3000,                          
   SAVSI=30.000,CHSTAT=0.250,TWISTA=0.000,DHDADI=7.000,                          
   TYPE=1.000$                                                                   
 NACA-H-4-0012                                                                   
  $SYMFLP                                                                        
   FTYPE=1.0,                                                                    
   NTYPE=1.0,                                                                    
   SPANFI=1.8750,                                                                
   SPANFO=6.8000,                                                                
   CHRDFI=0.9500,                                                                
   CHRDFO=0.3000,                                                                
   NDELTA=9.0,                                                                   
   DELTA(1)=-25.0,-20.0,-10.0,-5.0,0.0,                                          
   DELTA(6)=5.0,10.0,15.0,25.0$                                                  
 NEXT CASE                                                                       
0 INPUT DIMENSIONS ARE IN M , SCALE FACTOR IS 1.0000

 Return to main program from M01O01
1                             AUTOMATED STABILITY AND CONTROL METHODS PER APRIL 1976 VERSION OF DATCOM   
                                                        WING SECTION DEFINITION
0                                 IDEAL ANGLE OF ATTACK =   0.00000 DEG.

                              ZERO LIFT ANGLE OF ATTACK =  -3.09312 DEG.

                                 IDEAL LIFT COEFFICIENT =   0.40000

                  ZERO LIFT PITCHING MOMENT COEFFICIENT =  -0.08720

                             MACH ZERO LIFT-CURVE-SLOPE =   0.09654 /DEG.

                                    LEADING EDGE RADIUS =   0.00993 FRACTION CHORD

                              MAXIMUM AIRFOIL THICKNESS =   0.12000 FRACTION CHORD

                                                DELTA-Y =   2.46808 PERCENT CHORD


0                         MACH= 0.2500 LIFT-CURVE-SLOPE =   0.09903 /DEG.      XAC =   0.26498
1                             AUTOMATED STABILITY AND CONTROL METHODS PER APRIL 1976 VERSION OF DATCOM   
                                                   HORIZONTAL TAIL SECTION DEFINITION
0                                 IDEAL ANGLE OF ATTACK =   0.00000 DEG.

                              ZERO LIFT ANGLE OF ATTACK =   0.00000 DEG.

                                 IDEAL LIFT COEFFICIENT =   0.00000

                  ZERO LIFT PITCHING MOMENT COEFFICIENT =   0.00000

                             MACH ZERO LIFT-CURVE-SLOPE =   0.09596 /DEG.

                                    LEADING EDGE RADIUS =   0.01587 FRACTION CHORD

                              MAXIMUM AIRFOIL THICKNESS =   0.12000 FRACTION CHORD

                                                DELTA-Y =   3.16898 PERCENT CHORD


0                         MACH= 0.2500 LIFT-CURVE-SLOPE =   0.09859 /DEG.      XAC =   0.25902
1                             AUTOMATED STABILITY AND CONTROL METHODS PER APRIL 1976 VERSION OF DATCOM   
                                                    VERTICAL TAIL SECTION DEFINITION
0                                 IDEAL ANGLE OF ATTACK =   0.00000 DEG.

                              ZERO LIFT ANGLE OF ATTACK =   0.00000 DEG.

                                 IDEAL LIFT COEFFICIENT =   0.00000

                  ZERO LIFT PITCHING MOMENT COEFFICIENT =   0.00000

                             MACH ZERO LIFT-CURVE-SLOPE =   0.09596 /DEG.

                                    LEADING EDGE RADIUS =   0.01587 FRACTION CHORD

                              MAXIMUM AIRFOIL THICKNESS =   0.12000 FRACTION CHORD

                                                DELTA-Y =   3.16898 PERCENT CHORD


0                         MACH= 0.2500 LIFT-CURVE-SLOPE =   0.09859 /DEG.      XAC =   0.25902
 Return to main program from M50O62
 Return to main program from M02O02
 Return to main program from M51O63
1                               AUTOMATED STABILITY AND CONTROL METHODS PER APRIL 1976 VERSION OF DATCOM
                                         CHARACTERISTICS AT ANGLE OF ATTACK AND IN SIDESLIP
                                        WING-BODY-VERTICAL TAIL-HORIZONTAL TAIL CONFIGURATION
                                                 B738 M025 ELEVATOR FULL AIRCRAFT
 
 -----------------------  FLIGHT CONDITIONS  ------------------------           --------------  REFERENCE DIMENSIONS  ------------
  MACH    ALTITUDE   VELOCITY    PRESSURE    TEMPERATURE     REYNOLDS             REF.      REFERENCE LENGTH   MOMENT REF. CENTER
 NUMBER                                                       NUMBER              AREA       LONG.     LAT.     HORIZ      VERT
              M        M/SEC      N/ M**2       DEG K         1/ M                M**2         M         M         M         M
0 0.250       0.00      85.06   1.0133E+05     288.150     5.7974E+06           124.583      3.958    34.315    17.000     0.000
0                                                               -------------------DERIVATIVE (PER RADIAN)-------------------
0 ALPHA     CD       CL       CM       CN       CA       XCP        CLA          CMA          CYB          CNB          CLB
0
   -6.0    0.028   -0.376    0.6696  -0.377   -0.012   -1.776    7.977E+00   -8.440E+00   -8.510E-01    1.595E-01   -1.501E-01
   -4.0    0.022   -0.095    0.3899  -0.096    0.015   -4.049    8.070E+00   -7.568E+00                             -1.754E-01
   -2.0    0.023    0.187    0.1412   0.186    0.029    0.758    8.263E+00   -6.627E+00                             -2.008E-01
    0.0    0.030    0.482   -0.0728   0.482    0.030   -0.151    8.601E+00   -5.705E+00                             -2.278E-01
    2.0    0.045    0.788   -0.2570   0.789    0.018   -0.326    8.874E+00   -4.914E+00                             -2.563E-01
    4.0    0.068    1.101   -0.4158   1.103   -0.009   -0.377    9.073E+00   -4.370E+00                             -2.861E-01
    6.0    0.099    1.421   -0.5621   1.424   -0.050   -0.395    9.223E+00   -4.135E+00                             -3.168E-01
    8.0    0.140    1.745   -0.7045   1.748   -0.105   -0.403    9.357E+00   -3.752E+00                             -3.480E-01
   10.0    0.188    2.074   -0.8241   2.076   -0.175   -0.397    8.686E+00   -3.079E+00                             -3.794E-01
   12.0    0.235    2.352   -0.9194   2.349   -0.259   -0.391    6.960E+00   -2.928E+00                             -4.036E-01
   14.0    0.274    2.560   -1.0285   2.551   -0.353   -0.403    5.085E+00   -3.054E+00                             -4.180E-01
   16.0    0.305    2.707   -1.1327   2.686   -0.453   -0.422    3.304E+00   -2.911E+00                             -4.235E-01
0                                    ALPHA     Q/QINF    EPSLON  D(EPSLON)/D(ALPHA)
0
                                     -6.0      1.000     -0.968        0.508
                                     -4.0      1.000      0.048        0.520
                                     -2.0      1.000      1.113        0.551
                                      0.0      1.000      2.254        0.581
                                      2.0      1.000      3.439        0.618
                                      4.0      1.000      4.725        0.660
                                      6.0      1.000      6.078        0.675
                                      8.0      1.000      7.426        0.622
                                     10.0      1.000      8.565        0.526
                                     12.0      1.000      9.529        0.401
                                     14.0      1.000     10.168        0.282
                                     16.0      1.000     10.656        0.244
1                            AUTOMATED STABILITY AND CONTROL METHODS PER APRIL 1976 VERSION OF DATCOM
                                         CHARACTERISTICS OF HIGH LIFT AND CONTROL DEVICES
                                            TAIL PLAIN TRAILING-EDGE FLAP CONFIGURATION
                                                 B738 M025 ELEVATOR FULL AIRCRAFT
 -----------------------  FLIGHT CONDITIONS  ------------------------           --------------  REFERENCE DIMENSIONS  ------------
  MACH    ALTITUDE   VELOCITY    PRESSURE    TEMPERATURE     REYNOLDS             REF.      REFERENCE LENGTH   MOMENT REF. CENTER
 NUMBER                                                       NUMBER              AREA       LONG.     LAT.     HORIZ      VERT
              M        M/SEC      N/ M**2       DEG K         1/ M                M**2         M         M         M         M
0 0.250       0.00      85.06   4.4198E+01     933.606     5.3860E+05           124.583      3.958    34.315    17.000     0.000
0            ---------INCREMENTS DUE TO DEFLECTION---------              ---DERIVATIVES (PER DEGREE)---
0     DELTA     D(CL)     D(CM)    D(CL MAX)    D(CD MIN)                (CLA)D     (CH)A       (CH)D


      -25.0    -0.087     0.4290     0.086      0.00668                  NDM      -6.341E-03  -1.205E-02
      -20.0    -0.082     0.4080     0.073      0.00456                  NDM                  -1.178E-02
      -10.0    -0.052     0.2573     0.042      0.00146                  NDM                  -1.133E-02
       -5.0    -0.026     0.1287     0.022      0.00065                  NDM                  -1.133E-02
        0.0     0.000    -0.0003     0.000      0.00000                  NDM                  -1.133E-02
        5.0     0.026    -0.1287     0.022      0.00065                  NDM                  -1.133E-02
       10.0     0.052    -0.2573     0.042      0.00146                  NDM                  -1.133E-02
       15.0     0.076    -0.3745     0.059      0.00306                  NDM                  -1.139E-02
       25.0     0.087    -0.4294     0.086      0.00668                  NDM                  -1.205E-02
0  *** NOTE * HINGE MOMENT DERIVATIVES ARE BASED ON TWICE THE AREA-MOMENT OF THE CONTROL ABOUT ITS HINGE LINE

0            --------- INDUCED DRAG COEFFICIENT INCREMENT , D(CDI) , DUE TO DEFLECTION ---------
0       DELTA = -25.0     -20.0     -10.0      -5.0       0.0       5.0      10.0      15.0      25.0
   ALPHA
0
    -6.0        4.88E-03  4.49E-03  2.10E-03  7.32E-04 -8.26E-07 -9.54E-05  4.45E-04  1.49E-03  2.13E-03
    -4.0        4.18E-03  3.83E-03  1.68E-03  5.22E-04 -4.06E-07  1.14E-04  8.65E-04  2.10E-03  2.83E-03
    -2.0        3.52E-03  3.20E-03  1.28E-03  3.22E-04 -7.13E-09  3.14E-04  1.26E-03  2.69E-03  3.49E-03
     0.0        2.91E-03  2.62E-03  9.14E-04  1.39E-04  3.59E-07  4.97E-04  1.63E-03  3.22E-03  4.10E-03
     2.0        2.34E-03  2.07E-03  5.67E-04 -3.48E-05  7.07E-07  6.71E-04  1.98E-03  3.73E-03  4.68E-03
     4.0        1.83E-03  1.59E-03  2.63E-04 -1.87E-04  1.01E-06  8.23E-04  2.28E-03  4.17E-03  5.18E-03
     6.0        1.37E-03  1.15E-03 -1.36E-05 -3.25E-04  1.29E-06  9.61E-04  2.56E-03  4.57E-03  5.64E-03
     8.0        9.10E-04  7.09E-04 -2.92E-04 -4.64E-04  1.57E-06  1.10E-03  2.84E-03  4.98E-03  6.11E-03
    10.0        3.01E-04  1.28E-04 -6.59E-04 -6.48E-04  1.93E-06  1.28E-03  3.20E-03  5.51E-03  6.71E-03
    12.0       -4.33E-04 -5.70E-04 -1.10E-03 -8.69E-04  2.37E-06  1.50E-03  3.65E-03  6.15E-03  7.45E-03
    14.0       -1.40E-03 -1.49E-03 -1.68E-03 -1.16E-03  2.96E-06  1.80E-03  4.23E-03  7.00E-03  8.41E-03
    16.0       -2.47E-03 -2.51E-03 -2.33E-03 -1.48E-03  3.60E-06  2.12E-03  4.87E-03  7.94E-03  9.48E-03
0***NDM PRINTED WHEN NO DATCOM METHODS EXIST
1                               AUTOMATED STABILITY AND CONTROL METHODS PER APRIL 1976 VERSION OF DATCOM
                                         CHARACTERISTICS AT ANGLE OF ATTACK AND IN SIDESLIP
                                        WING-BODY-VERTICAL TAIL-HORIZONTAL TAIL CONFIGURATION
                                                 B738 M025 ELEVATOR FULL AIRCRAFT
 
 -----------------------  FLIGHT CONDITIONS  ------------------------           --------------  REFERENCE DIMENSIONS  ------------
  MACH    ALTITUDE   VELOCITY    PRESSURE    TEMPERATURE     REYNOLDS             REF.      REFERENCE LENGTH   MOMENT REF. CENTER
 NUMBER                                                       NUMBER              AREA       LONG.     LAT.     HORIZ      VERT
              M        M/SEC      N/ M**2       DEG K         1/ M                M**2         M         M         M         M
0 0.250    1524.00      83.59   8.4311E+04     278.246     5.0449E+06           124.583      3.958    34.315    17.000     0.000
0                                                               -------------------DERIVATIVE (PER RADIAN)-------------------
0 ALPHA     CD       CL       CM       CN       CA       XCP        CLA          CMA          CYB          CNB          CLB
0
   -6.0    0.028   -0.376    0.6695  -0.377   -0.012   -1.776    7.977E+00   -8.440E+00   -8.510E-01    1.614E-01   -1.501E-01
   -4.0    0.022   -0.095    0.3898  -0.096    0.016   -4.049    8.070E+00   -7.568E+00                             -1.754E-01
   -2.0    0.023    0.187    0.1412   0.186    0.030    0.758    8.263E+00   -6.627E+00                             -2.008E-01
    0.0    0.030    0.482   -0.0728   0.482    0.030   -0.151    8.601E+00   -5.705E+00                             -2.278E-01
    2.0    0.045    0.788   -0.2571   0.789    0.018   -0.326    8.874E+00   -4.914E+00                             -2.563E-01
    4.0    0.068    1.101   -0.4159   1.103   -0.009   -0.377    9.073E+00   -4.370E+00                             -2.861E-01
    6.0    0.100    1.421   -0.5622   1.424   -0.049   -0.395    9.223E+00   -4.135E+00                             -3.168E-01
    8.0    0.140    1.745   -0.7045   1.748   -0.104   -0.403    9.357E+00   -3.753E+00                             -3.480E-01
   10.0    0.189    2.074   -0.8242   2.076   -0.174   -0.397    8.686E+00   -3.079E+00                             -3.794E-01
   12.0    0.236    2.352   -0.9195   2.349   -0.258   -0.391    6.960E+00   -2.929E+00                             -4.036E-01
   14.0    0.274    2.560   -1.0286   2.551   -0.353   -0.403    5.085E+00   -3.054E+00                             -4.180E-01
   16.0    0.305    2.707   -1.1327   2.686   -0.453   -0.422    3.304E+00   -2.911E+00                             -4.235E-01
0                                    ALPHA     Q/QINF    EPSLON  D(EPSLON)/D(ALPHA)
0
                                     -6.0      1.000     -0.968        0.508
                                     -4.0      1.000      0.048        0.520
                                     -2.0      1.000      1.113        0.551
                                      0.0      1.000      2.254        0.581
                                      2.0      1.000      3.439        0.618
                                      4.0      1.000      4.725        0.660
                                      6.0      1.000      6.078        0.675
                                      8.0      1.000      7.426        0.622
                                     10.0      1.000      8.565        0.526
                                     12.0      1.000      9.529        0.401
                                     14.0      1.000     10.168        0.282
                                     16.0      1.000     10.656        0.244
1                            AUTOMATED STABILITY AND CONTROL METHODS PER APRIL 1976 VERSION OF DATCOM
                                         CHARACTERISTICS OF HIGH LIFT AND CONTROL DEVICES
                                            TAIL PLAIN TRAILING-EDGE FLAP CONFIGURATION
                                                 B738 M025 ELEVATOR FULL AIRCRAFT
 -----------------------  FLIGHT CONDITIONS  ------------------------           --------------  REFERENCE DIMENSIONS  ------------
  MACH    ALTITUDE   VELOCITY    PRESSURE    TEMPERATURE     REYNOLDS             REF.      REFERENCE LENGTH   MOMENT REF. CENTER
 NUMBER                                                       NUMBER              AREA       LONG.     LAT.     HORIZ      VERT
              M        M/SEC      N/ M**2       DEG K         1/ M                M**2         M         M         M         M
0 0.250    1524.00      83.59   3.6776E+01     901.518     4.6868E+05           124.583      3.958    34.315    17.000     0.000
0            ---------INCREMENTS DUE TO DEFLECTION---------              ---DERIVATIVES (PER DEGREE)---
0     DELTA     D(CL)     D(CM)    D(CL MAX)    D(CD MIN)                (CLA)D     (CH)A       (CH)D


      -25.0    -0.086     0.4025     0.086      0.00667                  NDM      -6.345E-03  -1.206E-02
      -20.0    -0.082     0.3829     0.073      0.00455                  NDM                  -1.179E-02
      -10.0    -0.052     0.2414     0.042      0.00146                  NDM                  -1.134E-02
       -5.0    -0.026     0.1208     0.022      0.00065                  NDM                  -1.134E-02
        0.0     0.000    -0.0002     0.000      0.00000                  NDM                  -1.134E-02
        5.0     0.026    -0.1208     0.022      0.00065                  NDM                  -1.134E-02
       10.0     0.052    -0.2414     0.042      0.00146                  NDM                  -1.134E-02
       15.0     0.076    -0.3514     0.059      0.00306                  NDM                  -1.140E-02
       25.0     0.086    -0.4031     0.086      0.00667                  NDM                  -1.206E-02
0  *** NOTE * HINGE MOMENT DERIVATIVES ARE BASED ON TWICE THE AREA-MOMENT OF THE CONTROL ABOUT ITS HINGE LINE

0            --------- INDUCED DRAG COEFFICIENT INCREMENT , D(CDI) , DUE TO DEFLECTION ---------
0       DELTA = -25.0     -20.0     -10.0      -5.0       0.0       5.0      10.0      15.0      25.0
   ALPHA
0
    -6.0        4.87E-03  4.48E-03  2.09E-03  7.30E-04 -8.24E-07 -9.57E-05  4.43E-04  1.49E-03  2.13E-03
    -4.0        4.17E-03  3.82E-03  1.68E-03  5.21E-04 -4.05E-07  1.14E-04  8.62E-04  2.10E-03  2.82E-03
    -2.0        3.51E-03  3.19E-03  1.28E-03  3.21E-04 -7.12E-09  3.13E-04  1.26E-03  2.68E-03  3.48E-03
     0.0        2.90E-03  2.61E-03  9.11E-04  1.38E-04  3.59E-07  4.96E-04  1.63E-03  3.21E-03  4.09E-03
     2.0        2.33E-03  2.06E-03  5.64E-04 -3.52E-05  7.06E-07  6.69E-04  1.97E-03  3.72E-03  4.67E-03
     4.0        1.82E-03  1.58E-03  2.60E-04 -1.87E-04  1.01E-06  8.21E-04  2.28E-03  4.16E-03  5.17E-03
     6.0        1.37E-03  1.14E-03 -1.55E-05 -3.25E-04  1.29E-06  9.59E-04  2.55E-03  4.56E-03  5.63E-03
     8.0        9.04E-04  7.03E-04 -2.93E-04 -4.64E-04  1.56E-06  1.10E-03  2.83E-03  4.96E-03  6.09E-03
    10.0        2.95E-04  1.23E-04 -6.60E-04 -6.47E-04  1.93E-06  1.28E-03  3.20E-03  5.50E-03  6.70E-03
    12.0       -4.37E-04 -5.74E-04 -1.10E-03 -8.68E-04  2.37E-06  1.50E-03  3.64E-03  6.14E-03  7.43E-03
    14.0       -1.40E-03 -1.49E-03 -1.68E-03 -1.16E-03  2.95E-06  1.79E-03  4.22E-03  6.98E-03  8.39E-03
    16.0       -2.47E-03 -2.51E-03 -2.32E-03 -1.48E-03  3.59E-06  2.11E-03  4.86E-03  7.92E-03  9.46E-03
0***NDM PRINTED WHEN NO DATCOM METHODS EXIST
1                               AUTOMATED STABILITY AND CONTROL METHODS PER APRIL 1976 VERSION OF DATCOM
                                         CHARACTERISTICS AT ANGLE OF ATTACK AND IN SIDESLIP
                                        WING-BODY-VERTICAL TAIL-HORIZONTAL TAIL CONFIGURATION
                                                 B738 M025 ELEVATOR FULL AIRCRAFT
 
 -----------------------  FLIGHT CONDITIONS  ------------------------           --------------  REFERENCE DIMENSIONS  ------------
  MACH    ALTITUDE   VELOCITY    PRESSURE    TEMPERATURE     REYNOLDS             REF.      REFERENCE LENGTH   MOMENT REF. CENTER
 NUMBER                                                       NUMBER              AREA       LONG.     LAT.     HORIZ      VERT
              M        M/SEC      N/ M**2       DEG K         1/ M                M**2         M         M         M         M
0 0.250    3048.00      82.09   6.9695E+04     268.347     4.3694E+06           124.583      3.958    34.315    17.000     0.000
0                                                               -------------------DERIVATIVE (PER RADIAN)-------------------
0 ALPHA     CD       CL       CM       CN       CA       XCP        CLA          CMA          CYB          CNB          CLB
0
   -6.0    0.028   -0.376    0.6695  -0.377   -0.011   -1.775    7.976E+00   -8.439E+00   -8.510E-01    1.633E-01   -1.501E-01
   -4.0    0.023   -0.095    0.3898  -0.096    0.016   -4.048    8.070E+00   -7.568E+00                             -1.754E-01
   -2.0    0.023    0.187    0.1411   0.186    0.030    0.758    8.262E+00   -6.628E+00                             -2.008E-01
    0.0    0.031    0.482   -0.0729   0.482    0.031   -0.151    8.601E+00   -5.705E+00                             -2.278E-01
    2.0    0.046    0.788   -0.2572   0.789    0.018   -0.326    8.874E+00   -4.914E+00                             -2.563E-01
    4.0    0.069    1.101   -0.4159   1.103   -0.008   -0.377    9.073E+00   -4.370E+00                             -2.861E-01
    6.0    0.100    1.421   -0.5623   1.424   -0.049   -0.395    9.223E+00   -4.135E+00                             -3.168E-01
    8.0    0.140    1.745   -0.7046   1.748   -0.104   -0.403    9.356E+00   -3.753E+00                             -3.480E-01
   10.0    0.189    2.074   -0.8242   2.076   -0.174   -0.397    8.686E+00   -3.080E+00                             -3.794E-01
   12.0    0.236    2.352   -0.9196   2.349   -0.258   -0.391    6.960E+00   -2.929E+00                             -4.036E-01
   14.0    0.275    2.560   -1.0287   2.551   -0.353   -0.403    5.085E+00   -3.054E+00                             -4.180E-01
   16.0    0.305    2.707   -1.1328   2.686   -0.453   -0.422    3.304E+00   -2.911E+00                             -4.235E-01
0                                    ALPHA     Q/QINF    EPSLON  D(EPSLON)/D(ALPHA)
0
                                     -6.0      1.000     -0.968        0.508
                                     -4.0      1.000      0.048        0.520
                                     -2.0      1.000      1.113        0.551
                                      0.0      1.000      2.254        0.581
                                      2.0      1.000      3.439        0.618
                                      4.0      1.000      4.725        0.660
                                      6.0      1.000      6.078        0.675
                                      8.0      1.000      7.426        0.622
                                     10.0      1.000      8.565        0.526
                                     12.0      1.000      9.529        0.401
                                     14.0      1.000     10.168        0.282
                                     16.0      1.000     10.656        0.244
1                            AUTOMATED STABILITY AND CONTROL METHODS PER APRIL 1976 VERSION OF DATCOM
                                         CHARACTERISTICS OF HIGH LIFT AND CONTROL DEVICES
                                            TAIL PLAIN TRAILING-EDGE FLAP CONFIGURATION
                                                 B738 M025 ELEVATOR FULL AIRCRAFT
 -----------------------  FLIGHT CONDITIONS  ------------------------           --------------  REFERENCE DIMENSIONS  ------------
  MACH    ALTITUDE   VELOCITY    PRESSURE    TEMPERATURE     REYNOLDS             REF.      REFERENCE LENGTH   MOMENT REF. CENTER
 NUMBER                                                       NUMBER              AREA       LONG.     LAT.     HORIZ      VERT
              M        M/SEC      N/ M**2       DEG K         1/ M                M**2         M         M         M         M
0 0.250    3048.00      82.09   3.0401E+01     869.445     4.0593E+05           124.583      3.958    34.315    17.000     0.000
0            ---------INCREMENTS DUE TO DEFLECTION---------              ---DERIVATIVES (PER DEGREE)---
0     DELTA     D(CL)     D(CM)    D(CL MAX)    D(CD MIN)                (CLA)D     (CH)A       (CH)D


      -25.0    -0.086     0.3767     0.086      0.00667                  NDM      -6.356E-03  -1.209E-02
      -20.0    -0.082     0.3583     0.073      0.00455                  NDM                  -1.182E-02
      -10.0    -0.052     0.2258     0.042      0.00145                  NDM                  -1.137E-02
       -5.0    -0.026     0.1129     0.022      0.00065                  NDM                  -1.137E-02
        0.0     0.000    -0.0002     0.000      0.00000                  NDM                  -1.137E-02
        5.0     0.026    -0.1129     0.022      0.00065                  NDM                  -1.137E-02
       10.0     0.052    -0.2258     0.042      0.00145                  NDM                  -1.137E-02
       15.0     0.076    -0.3286     0.059      0.00306                  NDM                  -1.143E-02
       25.0     0.086    -0.3772     0.086      0.00667                  NDM                  -1.209E-02
0  *** NOTE * HINGE MOMENT DERIVATIVES ARE BASED ON TWICE THE AREA-MOMENT OF THE CONTROL ABOUT ITS HINGE LINE

0            --------- INDUCED DRAG COEFFICIENT INCREMENT , D(CDI) , DUE TO DEFLECTION ---------
0       DELTA = -25.0     -20.0     -10.0      -5.0       0.0       5.0      10.0      15.0      25.0
   ALPHA
0
    -6.0        4.84E-03  4.45E-03  2.08E-03  7.27E-04 -8.22E-07 -9.64E-05  4.37E-04  1.47E-03  2.11E-03
    -4.0        4.15E-03  3.79E-03  1.67E-03  5.18E-04 -4.04E-07  1.12E-04  8.55E-04  2.08E-03  2.80E-03
    -2.0        3.49E-03  3.17E-03  1.27E-03  3.19E-04 -7.10E-09  3.11E-04  1.25E-03  2.66E-03  3.46E-03
     0.0        2.88E-03  2.59E-03  9.04E-04  1.37E-04  3.58E-07  4.93E-04  1.62E-03  3.19E-03  4.07E-03
     2.0        2.31E-03  2.04E-03  5.58E-04 -3.61E-05  7.04E-07  6.66E-04  1.96E-03  3.69E-03  4.64E-03
     4.0        1.81E-03  1.56E-03  2.55E-04 -1.87E-04  1.01E-06  8.18E-04  2.27E-03  4.13E-03  5.14E-03
     6.0        1.35E-03  1.13E-03 -1.96E-05 -3.25E-04  1.28E-06  9.55E-04  2.54E-03  4.53E-03  5.60E-03
     8.0        8.89E-04  6.91E-04 -2.97E-04 -4.63E-04  1.56E-06  1.09E-03  2.82E-03  4.94E-03  6.06E-03
    10.0        2.82E-04  1.13E-04 -6.62E-04 -6.46E-04  1.92E-06  1.28E-03  3.18E-03  5.47E-03  6.67E-03
    12.0       -4.47E-04 -5.83E-04 -1.10E-03 -8.66E-04  2.36E-06  1.50E-03  3.62E-03  6.11E-03  7.40E-03
    14.0       -1.41E-03 -1.50E-03 -1.68E-03 -1.15E-03  2.94E-06  1.78E-03  4.20E-03  6.95E-03  8.35E-03
    16.0       -2.47E-03 -2.51E-03 -2.32E-03 -1.48E-03  3.58E-06  2.11E-03  4.84E-03  7.89E-03  9.42E-03
0***NDM PRINTED WHEN NO DATCOM METHODS EXIST
1                               AUTOMATED STABILITY AND CONTROL METHODS PER APRIL 1976 VERSION OF DATCOM
                                         CHARACTERISTICS AT ANGLE OF ATTACK AND IN SIDESLIP
                                        WING-BODY-VERTICAL TAIL-HORIZONTAL TAIL CONFIGURATION
                                                 B738 M025 ELEVATOR FULL AIRCRAFT
 
 -----------------------  FLIGHT CONDITIONS  ------------------------           --------------  REFERENCE DIMENSIONS  ------------
  MACH    ALTITUDE   VELOCITY    PRESSURE    TEMPERATURE     REYNOLDS             REF.      REFERENCE LENGTH   MOMENT REF. CENTER
 NUMBER                                                       NUMBER              AREA       LONG.     LAT.     HORIZ      VERT
              M        M/SEC      N/ M**2       DEG K         1/ M                M**2         M         M         M         M
0 0.250    4572.00      80.56   5.7207E+04     258.453     3.7653E+06           124.583      3.958    34.315    17.000     0.000
0                                                               -------------------DERIVATIVE (PER RADIAN)-------------------
0 ALPHA     CD       CL       CM       CN       CA       XCP        CLA          CMA          CYB          CNB          CLB
0
   -6.0    0.029   -0.376    0.6694  -0.377   -0.011   -1.775    7.976E+00   -8.438E+00   -8.510E-01    1.653E-01   -1.501E-01
   -4.0    0.023   -0.095    0.3898  -0.096    0.016   -4.046    8.070E+00   -7.568E+00                             -1.754E-01
   -2.0    0.024    0.187    0.1411   0.186    0.030    0.757    8.262E+00   -6.628E+00                             -2.008E-01
    0.0    0.031    0.482   -0.0729   0.482    0.031   -0.151    8.601E+00   -5.706E+00                             -2.278E-01
    2.0    0.046    0.788   -0.2572   0.789    0.019   -0.326    8.874E+00   -4.914E+00                             -2.563E-01
    4.0    0.069    1.101   -0.4160   1.104   -0.008   -0.377    9.072E+00   -4.370E+00                             -2.861E-01
    6.0    0.101    1.421   -0.5623   1.424   -0.049   -0.395    9.223E+00   -4.135E+00                             -3.168E-01
    8.0    0.141    1.745   -0.7047   1.748   -0.104   -0.403    9.356E+00   -3.753E+00                             -3.480E-01
   10.0    0.190    2.074   -0.8243   2.076   -0.174   -0.397    8.685E+00   -3.080E+00                             -3.794E-01
   12.0    0.236    2.352   -0.9197   2.349   -0.258   -0.391    6.960E+00   -2.929E+00                             -4.036E-01
   14.0    0.275    2.560   -1.0288   2.551   -0.352   -0.403    5.084E+00   -3.055E+00                             -4.180E-01
   16.0    0.306    2.707   -1.1329   2.686   -0.452   -0.422    3.304E+00   -2.911E+00                             -4.235E-01
0                                    ALPHA     Q/QINF    EPSLON  D(EPSLON)/D(ALPHA)
0
                                     -6.0      1.000     -0.968        0.508
                                     -4.0      1.000      0.048        0.520
                                     -2.0      1.000      1.113        0.551
                                      0.0      1.000      2.254        0.581
                                      2.0      1.000      3.439        0.618
                                      4.0      1.000      4.725        0.660
                                      6.0      1.000      6.078        0.675
                                      8.0      1.000      7.426        0.622
                                     10.0      1.000      8.565        0.526
                                     12.0      1.000      9.529        0.401
                                     14.0      1.000     10.168        0.282
                                     16.0      1.000     10.656        0.244
1                            AUTOMATED STABILITY AND CONTROL METHODS PER APRIL 1976 VERSION OF DATCOM
                                         CHARACTERISTICS OF HIGH LIFT AND CONTROL DEVICES
                                            TAIL PLAIN TRAILING-EDGE FLAP CONFIGURATION
                                                 B738 M025 ELEVATOR FULL AIRCRAFT
 -----------------------  FLIGHT CONDITIONS  ------------------------           --------------  REFERENCE DIMENSIONS  ------------
  MACH    ALTITUDE   VELOCITY    PRESSURE    TEMPERATURE     REYNOLDS             REF.      REFERENCE LENGTH   MOMENT REF. CENTER
 NUMBER                                                       NUMBER              AREA       LONG.     LAT.     HORIZ      VERT
              M        M/SEC      N/ M**2       DEG K         1/ M                M**2         M         M         M         M
0 0.250    4572.00      80.56   2.4954E+01     837.388     3.4981E+05           124.583      3.958    34.315    17.000     0.000
0            ---------INCREMENTS DUE TO DEFLECTION---------              ---DERIVATIVES (PER DEGREE)---
0     DELTA     D(CL)     D(CM)    D(CL MAX)    D(CD MIN)                (CLA)D     (CH)A       (CH)D


      -25.0    -0.086     0.3262     0.086      0.00666                  NDM      -6.371E-03  -1.212E-02
      -20.0    -0.082     0.3102     0.073      0.00454                  NDM                  -1.185E-02
      -10.0    -0.052     0.1954     0.042      0.00145                  NDM                  -1.141E-02
       -5.0    -0.026     0.0978     0.022      0.00065                  NDM                  -1.141E-02
        0.0     0.000    -0.0002     0.000      0.00000                  NDM                  -1.141E-02
        5.0     0.026    -0.0978     0.022      0.00065                  NDM                  -1.141E-02
       10.0     0.052    -0.1954     0.042      0.00145                  NDM                  -1.141E-02
       15.0     0.075    -0.2844     0.059      0.00305                  NDM                  -1.147E-02
       25.0     0.086    -0.3268     0.086      0.00666                  NDM                  -1.212E-02
0  *** NOTE * HINGE MOMENT DERIVATIVES ARE BASED ON TWICE THE AREA-MOMENT OF THE CONTROL ABOUT ITS HINGE LINE

0            --------- INDUCED DRAG COEFFICIENT INCREMENT , D(CDI) , DUE TO DEFLECTION ---------
0       DELTA = -25.0     -20.0     -10.0      -5.0       0.0       5.0      10.0      15.0      25.0
   ALPHA
0
    -6.0        4.80E-03  4.42E-03  2.07E-03  7.21E-04 -8.18E-07 -9.75E-05  4.29E-04  1.45E-03  2.08E-03
    -4.0        4.11E-03  3.76E-03  1.65E-03  5.14E-04 -4.02E-07  1.10E-04  8.45E-04  2.06E-03  2.77E-03
    -2.0        3.45E-03  3.14E-03  1.26E-03  3.16E-04 -7.07E-09  3.08E-04  1.24E-03  2.63E-03  3.43E-03
     0.0        2.85E-03  2.56E-03  8.93E-04  1.35E-04  3.56E-07  4.89E-04  1.60E-03  3.16E-03  4.03E-03
     2.0        2.28E-03  2.02E-03  5.49E-04 -3.74E-05  7.00E-07  6.61E-04  1.95E-03  3.66E-03  4.60E-03
     4.0        1.78E-03  1.54E-03  2.48E-04 -1.88E-04  1.00E-06  8.12E-04  2.25E-03  4.10E-03  5.10E-03
     6.0        1.33E-03  1.11E-03 -2.55E-05 -3.25E-04  1.28E-06  9.49E-04  2.52E-03  4.50E-03  5.56E-03
     8.0        8.68E-04  6.72E-04 -3.01E-04 -4.63E-04  1.55E-06  1.09E-03  2.80E-03  4.90E-03  6.01E-03
    10.0        2.65E-04  9.71E-05 -6.65E-04 -6.44E-04  1.91E-06  1.27E-03  3.16E-03  5.43E-03  6.62E-03
    12.0       -4.62E-04 -5.95E-04 -1.10E-03 -8.63E-04  2.35E-06  1.49E-03  3.60E-03  6.07E-03  7.34E-03
    14.0       -1.42E-03 -1.50E-03 -1.68E-03 -1.15E-03  2.93E-06  1.77E-03  4.17E-03  6.90E-03  8.30E-03
    16.0       -2.48E-03 -2.51E-03 -2.32E-03 -1.47E-03  3.56E-06  2.09E-03  4.81E-03  7.83E-03  9.36E-03
0***NDM PRINTED WHEN NO DATCOM METHODS EXIST
1                               AUTOMATED STABILITY AND CONTROL METHODS PER APRIL 1976 VERSION OF DATCOM
                                         CHARACTERISTICS AT ANGLE OF ATTACK AND IN SIDESLIP
                                        WING-BODY-VERTICAL TAIL-HORIZONTAL TAIL CONFIGURATION
                                                 B738 M025 ELEVATOR FULL AIRCRAFT
 
 -----------------------  FLIGHT CONDITIONS  ------------------------           --------------  REFERENCE DIMENSIONS  ------------
  MACH    ALTITUDE   VELOCITY    PRESSURE    TEMPERATURE     REYNOLDS             REF.      REFERENCE LENGTH   MOMENT REF. CENTER
 NUMBER                                                       NUMBER              AREA       LONG.     LAT.     HORIZ      VERT
              M        M/SEC      N/ M**2       DEG K         1/ M                M**2         M         M         M         M
0 0.250    6096.00      79.01   4.6600E+04     248.564     3.2272E+06           124.583      3.958    34.315    17.000     0.000
0                                                               -------------------DERIVATIVE (PER RADIAN)-------------------
0 ALPHA     CD       CL       CM       CN       CA       XCP        CLA          CMA          CYB          CNB          CLB
0
   -6.0    0.029   -0.376    0.6694  -0.377   -0.010   -1.775    7.976E+00   -8.437E+00   -8.510E-01    1.674E-01   -1.501E-01
   -4.0    0.024   -0.095    0.3897  -0.096    0.017   -4.045    8.070E+00   -7.568E+00                             -1.754E-01
   -2.0    0.024    0.187    0.1410   0.186    0.031    0.757    8.262E+00   -6.628E+00                             -2.008E-01
    0.0    0.032    0.482   -0.0730   0.482    0.032   -0.152    8.601E+00   -5.706E+00                             -2.278E-01
    2.0    0.047    0.788   -0.2573   0.789    0.019   -0.326    8.874E+00   -4.914E+00                             -2.563E-01
    4.0    0.070    1.101   -0.4161   1.104   -0.007   -0.377    9.072E+00   -4.370E+00                             -2.861E-01
    6.0    0.101    1.421   -0.5624   1.424   -0.048   -0.395    9.222E+00   -4.135E+00                             -3.168E-01
    8.0    0.141    1.745   -0.7048   1.748   -0.103   -0.403    9.356E+00   -3.753E+00                             -3.480E-01
   10.0    0.190    2.074   -0.8244   2.076   -0.173   -0.397    8.685E+00   -3.080E+00                             -3.794E-01
   12.0    0.237    2.352   -0.9198   2.349   -0.257   -0.391    6.960E+00   -2.929E+00                             -4.036E-01
   14.0    0.276    2.560   -1.0289   2.551   -0.352   -0.403    5.084E+00   -3.055E+00                             -4.180E-01
   16.0    0.306    2.707   -1.1330   2.686   -0.452   -0.422    3.303E+00   -2.912E+00                             -4.235E-01
0                                    ALPHA     Q/QINF    EPSLON  D(EPSLON)/D(ALPHA)
0
                                     -6.0      1.000     -0.968        0.508
                                     -4.0      1.000      0.048        0.520
                                     -2.0      1.000      1.113        0.551
                                      0.0      1.000      2.254        0.581
                                      2.0      1.000      3.439        0.618
                                      4.0      1.000      4.725        0.660
                                      6.0      1.000      6.078        0.675
                                      8.0      1.000      7.426        0.622
                                     10.0      1.000      8.565        0.526
                                     12.0      1.000      9.529        0.401
                                     14.0      1.000     10.168        0.282
                                     16.0      1.000     10.656        0.244
1                            AUTOMATED STABILITY AND CONTROL METHODS PER APRIL 1976 VERSION OF DATCOM
                                         CHARACTERISTICS OF HIGH LIFT AND CONTROL DEVICES
                                            TAIL PLAIN TRAILING-EDGE FLAP CONFIGURATION
                                                 B738 M025 ELEVATOR FULL AIRCRAFT
 -----------------------  FLIGHT CONDITIONS  ------------------------           --------------  REFERENCE DIMENSIONS  ------------
  MACH    ALTITUDE   VELOCITY    PRESSURE    TEMPERATURE     REYNOLDS             REF.      REFERENCE LENGTH   MOMENT REF. CENTER
 NUMBER                                                       NUMBER              AREA       LONG.     LAT.     HORIZ      VERT
              M        M/SEC      N/ M**2       DEG K         1/ M                M**2         M         M         M         M
0 0.250    6096.00      79.01   2.0327E+01     805.346     2.9982E+05           124.583      3.958    34.315    17.000     0.000
0            ---------INCREMENTS DUE TO DEFLECTION---------              ---DERIVATIVES (PER DEGREE)---
0     DELTA     D(CL)     D(CM)    D(CL MAX)    D(CD MIN)                (CLA)D     (CH)A       (CH)D


      -25.0    -0.085     0.2866     0.086      0.00665                  NDM      -6.387E-03  -1.216E-02
      -20.0    -0.081     0.2748     0.073      0.00454                  NDM                  -1.189E-02
      -10.0    -0.051     0.1727     0.042      0.00145                  NDM                  -1.145E-02
       -5.0    -0.026     0.0864     0.022      0.00065                  NDM                  -1.145E-02
        0.0     0.000    -0.0002     0.000      0.00000                  NDM                  -1.145E-02
        5.0     0.026    -0.0864     0.022      0.00065                  NDM                  -1.145E-02
       10.0     0.051    -0.1727     0.042      0.00145                  NDM                  -1.145E-02
       15.0     0.075    -0.2515     0.059      0.00305                  NDM                  -1.151E-02
       25.0     0.085    -0.2898     0.086      0.00665                  NDM                  -1.216E-02
0  *** NOTE * HINGE MOMENT DERIVATIVES ARE BASED ON TWICE THE AREA-MOMENT OF THE CONTROL ABOUT ITS HINGE LINE

0            --------- INDUCED DRAG COEFFICIENT INCREMENT , D(CDI) , DUE TO DEFLECTION ---------
0       DELTA = -25.0     -20.0     -10.0      -5.0       0.0       5.0      10.0      15.0      25.0
   ALPHA
0
    -6.0        4.76E-03  4.38E-03  2.05E-03  7.16E-04 -8.14E-07 -9.85E-05  4.21E-04  1.43E-03  2.05E-03
    -4.0        4.07E-03  3.73E-03  1.64E-03  5.10E-04 -4.00E-07  1.08E-04  8.34E-04  2.03E-03  2.74E-03
    -2.0        3.42E-03  3.10E-03  1.24E-03  3.13E-04 -7.04E-09  3.05E-04  1.23E-03  2.61E-03  3.39E-03
     0.0        2.82E-03  2.53E-03  8.83E-04  1.33E-04  3.54E-07  4.85E-04  1.59E-03  3.13E-03  3.99E-03
     2.0        2.25E-03  1.99E-03  5.40E-04 -3.88E-05  6.97E-07  6.57E-04  1.93E-03  3.63E-03  4.56E-03
     4.0        1.75E-03  1.52E-03  2.41E-04 -1.89E-04  9.96E-07  8.06E-04  2.23E-03  4.07E-03  5.06E-03
     6.0        1.30E-03  1.09E-03 -3.16E-05 -3.25E-04  1.27E-06  9.42E-04  2.50E-03  4.46E-03  5.51E-03
     8.0        8.47E-04  6.53E-04 -3.06E-04 -4.62E-04  1.54E-06  1.08E-03  2.78E-03  4.86E-03  5.97E-03
    10.0        2.46E-04  8.11E-05 -6.68E-04 -6.43E-04  1.90E-06  1.26E-03  3.14E-03  5.39E-03  6.57E-03
    12.0       -4.76E-04 -6.07E-04 -1.10E-03 -8.60E-04  2.34E-06  1.48E-03  3.57E-03  6.02E-03  7.29E-03
    14.0       -1.43E-03 -1.51E-03 -1.67E-03 -1.15E-03  2.91E-06  1.76E-03  4.15E-03  6.86E-03  8.24E-03
    16.0       -2.48E-03 -2.52E-03 -2.31E-03 -1.46E-03  3.55E-06  2.08E-03  4.78E-03  7.78E-03  9.29E-03
0***NDM PRINTED WHEN NO DATCOM METHODS EXIST
1                               AUTOMATED STABILITY AND CONTROL METHODS PER APRIL 1976 VERSION OF DATCOM
                                         CHARACTERISTICS AT ANGLE OF ATTACK AND IN SIDESLIP
                                        WING-BODY-VERTICAL TAIL-HORIZONTAL TAIL CONFIGURATION
                                                 B738 M025 ELEVATOR FULL AIRCRAFT
 
 -----------------------  FLIGHT CONDITIONS  ------------------------           --------------  REFERENCE DIMENSIONS  ------------
  MACH    ALTITUDE   VELOCITY    PRESSURE    TEMPERATURE     REYNOLDS             REF.      REFERENCE LENGTH   MOMENT REF. CENTER
 NUMBER                                                       NUMBER              AREA       LONG.     LAT.     HORIZ      VERT
              M        M/SEC      N/ M**2       DEG K         1/ M                M**2         M         M         M         M
0 0.250    7620.00      77.42   3.7650E+04     238.679     2.7499E+06           124.583      3.958    34.315    17.000     0.000
0                                                               -------------------DERIVATIVE (PER RADIAN)-------------------
0 ALPHA     CD       CL       CM       CN       CA       XCP        CLA          CMA          CYB          CNB          CLB
0
