 THIS SOFTWARE AND ANY ACCOMPANYING DOCUMENTATION
 IS RELEASED "AS IS".  THE U.S. GOVERNMENT MAKES NO
 WARRANTY OF ANY KIND, EXPRESS OR IMPLIED, CONCERNING
 THIS SOFTWARE AND ANY ACCOMPANYING DOCUMENTATION,
 INCLUDING, WITHOUT LIMITATION, ANY WARRANTIES OF
 MERCHANTABILITY OR FITNESS FOR A PARTICULAR PURPOSE.
 IN NO EVENT WILL THE U.S. GOVERNMENT BE LIABLE FOR ANY
 DAMAGES, INCLUDING LOST PROFITS, LOST SAVINGS OR OTHER
 INCIDENTAL OR CONSEQUENTIAL DAMAGES ARISING OUT OF THE 
 USE, OR INABILITY TO USE, THIS SOFTWARE OR ANY
 ACCOMPANYING DOCUMENTATION, EVEN IF INFORMED IN ADVANCE
 OF THE POSSIBILITY OF SUCH DAMAGES.
  ****************************************************
  *    USAF STABILITY AND CONTROL  DIGITAL DATCOM    *
  *    PROGRAM REV. JAN 96   DIRECT INQUIRIES TO:    *
  *    WRIGHT LABORATORY  (WL/FIGC)  ATTN: W. BLAKE  *
  *      WRIGHT PATTERSON AFB, OHIO  45433           *
  *    PHONE (513) 255-6764,   FAX (513) 258-4054    *
  ****************************************************
 Preparing to start the big loop
 At 1000
1                         CONERR - INPUT ERROR CHECKING
0 ERROR CODES - N* DENOTES THE NUMBER OF OCCURENCES OF EACH ERROR
0 A - UNKNOWN VARIABLE NAME
0 B - MISSING EQUAL SIGN FOLLOWING VARIABLE NAME
0 C - NON-ARRAY VARIABLE HAS AN ARRAY ELEMENT DESIGNATION - (N)
0 D - NON-ARRAY VARIABLE HAS MULTIPLE VALUES ASSIGNED
0 E - ASSIGNED VALUES EXCEED ARRAY DIMENSION
0 F - SYNTAX ERROR

0******************************  INPUT DATA CARDS  ******************************

 CASEID B738 M050 CLEAN CRUISE FULL AIRCRAFT                                     
 DIM M                                                                           
 DERIV RAD                                                                       
  $FLTCON                                                                        
   LOOP=3.0,                                                                     
   NMACH=1.0,                                                                    
   MACH(1)=0.50,                                                                 
   NALT=10.0,                                                                    
   ALT(1)=0.0,1524.0,3048.0,4572.0,6096.0,                                       
   ALT(6)=7620.0,9144.0,10668.0,11887.2,12496.8,                                 
   NALPHA=12.0,                                                                  
   ALSCHD(1)=-6.0,-4.0,-2.0,0.0,2.0,4.0,                                         
   ALSCHD(7)=6.0,8.0,10.0,12.0,14.0,16.0$                                        
  $OPTINS                                                                        
   SREF=124.583,                                                                 
   CBARR=3.9576,                                                                 
   BLREF=34.3154$                                                                
  $SYNTHS                                                                        
   XCG=17.000,                                                                   
   ZCG=0.000,                                                                    
   XW=13.610,                                                                    
   ZW=-1.270,                                                                    
   ALIW=1.000,                                                                   
   XH=33.800,                                                                    
   ZH=1.890,                                                                     
   ALIH=0.000,                                                                   
   XV=32.130,                                                                    
   ZV=2.320,                                                                     
   SCALE=1.000,                                                                  
   VERTUP=.TRUE.$                                                                
  $BODY                                                                          
   NX=15.0,                                                                      
   BNOSE=2.0,                                                                    
   BTAIL=2.0,                                                                    
   BLA=20.0,                                                                     
   X(1)=0.0000,0.4206,1.4722,2.1031,2.7341,                                      
   X(6)=4.2062,8.4125,16.8250,27.2796,30.4495,                                   
   X(11)=31.4858,33.5890,35.6921,37.7952,38.0086,                                
   ZU(1)=0.2103,0.6309,1.0516,1.3350,1.7892,                                     
   ZU(6)=2.1031,2.5237,2.5237,2.5237,2.5237,                                     
   ZU(11)=2.5237,2.4201,2.3134,2.2860,2.1031,                                    
   ZL(1)=-0.1067,-0.5273,-1.0516,-1.1582,-1.2619,                                
   ZL(6)=-1.3686,-1.4722,-1.4722,-1.4722,-1.0516,                                
   ZL(11)=-0.8412,-0.2469,0.3170,1.2619,1.8928,                                  
   S(1)=0.0511,0.7646,2.6840,4.1165,6.0443,                                      
   S(6)=8.6056,11.8739,11.8739,11.8739,10.0437,                                  
   S(11)=8.8890,5.2843,2.6375,0.3382,0.0102$                                     
  $WGPLNF                                                                        
   CHRDR=7.8770,                                                                 
   CHRDBP=5.7117,                                                                
   CHRDTP=1.2510,                                                                
   SSPN=17.1577,                                                                 
   SSPNE=15.2800,                                                                
   SSPNOP=0.7750,                                                                
   SAVSI=25.020,                                                                 
   SAVSO=25.020,                                                                 
   CHSTAT=0.250,                                                                 
   TWISTA=0.000,                                                                 
   DHDADI=6.000,                                                                 
   DHDADO=6.000,                                                                 
   TYPE=1.000$                                                                   
 NACA-W-6-64A412                                                                 
  $VTPLNF                                                                        
   CHRDR=5.8074,                                                                 
   CHRDTP=1.5748,                                                                
   SSPN=7.1628,                                                                  
   SSPNE=6.4000,                                                                 
   SAVSI=35.000,                                                                 
   CHSTAT=0.250,                                                                 
   TWISTA=0.000,                                                                 
   TYPE=1.000$                                                                   
 NACA-V-4-0012                                                                   
  $HTPLNF                                                                        
   CHRDR=3.7980,                                                                 
   CHRDTP=0.7710,                                                                
   SSPN=7.1750,                                                                  
   SSPNE=5.3000,                                                                 
   SAVSI=30.000,                                                                 
   CHSTAT=0.250,                                                                 
   TWISTA=0.000,                                                                 
   DHDADI=7.000,                                                                 
   TYPE=1.000$                                                                   
 NACA-H-4-0012                                                                   
 DAMP                                                                            
 NEXT CASE                                                                       
 CASEID B738 M050 ELEVATOR FULL AIRCRAFT                                         
 DIM M                                                                           
 DERIV RAD                                                                       
  $FLTCON                                                                        
   LOOP=3.0,                                                                     
   NMACH=1.0,                                                                    
   MACH(1)=0.50,                                                                 
   NALT=10.0,                                                                    
   ALT(1)=0.0,1524.0,3048.0,4572.0,6096.0,                                       
   ALT(6)=7620.0,9144.0,10668.0,11887.2,12496.8,                                 
   NALPHA=12.0,                                                                  
   ALSCHD(1)=-6.0,-4.0,-2.0,0.0,2.0,4.0,                                         
   ALSCHD(7)=6.0,8.0,10.0,12.0,14.0,16.0$                                        
  $OPTINS                                                                        
   SREF=124.583,CBARR=3.9576,BLREF=34.3154$                                      
  $SYNTHS                                                                        
   XCG=17.000,ZCG=0.000,XW=13.610,ZW=-1.270,ALIW=1.000,                          
   XH=33.800,ZH=1.890,ALIH=0.000,XV=32.130,ZV=2.320,                             
   SCALE=1.000,VERTUP=.TRUE.$                                                    
  $BODY                                                                          
   NX=15.0,BNOSE=2.0,BTAIL=2.0,BLA=20.0,                                         
   X(1)=0.0000,0.4206,1.4722,2.1031,2.7341,                                      
   X(6)=4.2062,8.4125,16.8250,27.2796,30.4495,                                   
   X(11)=31.4858,33.5890,35.6921,37.7952,38.0086,                                
   ZU(1)=0.2103,0.6309,1.0516,1.3350,1.7892,                                     
   ZU(6)=2.1031,2.5237,2.5237,2.5237,2.5237,                                     
   ZU(11)=2.5237,2.4201,2.3134,2.2860,2.1031,                                    
   ZL(1)=-0.1067,-0.5273,-1.0516,-1.1582,-1.2619,                                
   ZL(6)=-1.3686,-1.4722,-1.4722,-1.4722,-1.0516,                                
   ZL(11)=-0.8412,-0.2469,0.3170,1.2619,1.8928,                                  
   S(1)=0.0511,0.7646,2.6840,4.1165,6.0443,                                      
   S(6)=8.6056,11.8739,11.8739,11.8739,10.0437,                                  
   S(11)=8.8890,5.2843,2.6375,0.3382,0.0102$                                     
  $WGPLNF                                                                        
   CHRDR=7.8770,CHRDBP=5.7117,CHRDTP=1.2510,                                     
   SSPN=17.1577,SSPNE=15.2800,SSPNOP=0.7750,                                     
   SAVSI=25.020,SAVSO=25.020,CHSTAT=0.250,TWISTA=0.000,                          
   DHDADI=6.000,DHDADO=6.000,TYPE=1.000$                                         
 NACA-W-6-64A412                                                                 
  $VTPLNF                                                                        
   CHRDR=5.8074,CHRDTP=1.5748,SSPN=7.1628,SSPNE=6.4000,                          
   SAVSI=35.000,CHSTAT=0.250,TWISTA=0.000,TYPE=1.000$                            
 NACA-V-4-0012                                                                   
  $HTPLNF                                                                        
   CHRDR=3.7980,CHRDTP=0.7710,SSPN=7.1750,SSPNE=5.3000,                          
   SAVSI=30.000,CHSTAT=0.250,TWISTA=0.000,DHDADI=7.000,                          
   TYPE=1.000$                                                                   
 NACA-H-4-0012                                                                   
  $SYMFLP                                                                        
   FTYPE=1.0,                                                                    
   NTYPE=1.0,                                                                    
   SPANFI=1.8750,                                                                
   SPANFO=6.8000,                                                                
   CHRDFI=0.9500,                                                                
   CHRDFO=0.3000,                                                                
   NDELTA=9.0,                                                                   
   DELTA(1)=-25.0,-20.0,-10.0,-5.0,0.0,                                          
   DELTA(6)=5.0,10.0,15.0,25.0$                                                  
 NEXT CASE                                                                       
 CASEID B738 M050 AILERON FULL AIRCRAFT                                          
 DIM M                                                                           
 DERIV RAD                                                                       
  $FLTCON                                                                        
   LOOP=3.0,                                                                     
   NMACH=1.0,                                                                    
   MACH(1)=0.50,                                                                 
   NALT=10.0,                                                                    
   ALT(1)=0.0,1524.0,3048.0,4572.0,6096.0,                                       
   ALT(6)=7620.0,9144.0,10668.0,11887.2,12496.8,                                 
   NALPHA=12.0,                                                                  
   ALSCHD(1)=-6.0,-4.0,-2.0,0.0,2.0,4.0,                                         
   ALSCHD(7)=6.0,8.0,10.0,12.0,14.0,16.0$                                        
  $OPTINS                                                                        
   SREF=124.583,CBARR=3.9576,BLREF=34.3154$                                      
  $SYNTHS                                                                        
   XCG=17.000,ZCG=0.000,XW=13.610,ZW=-1.270,ALIW=1.000,                          
   XH=33.800,ZH=1.890,ALIH=0.000,XV=32.130,ZV=2.320,                             
   SCALE=1.000,VERTUP=.TRUE.$                                                    
  $BODY                                                                          
   NX=15.0,BNOSE=2.0,BTAIL=2.0,BLA=20.0,                                         
   X(1)=0.0000,0.4206,1.4722,2.1031,2.7341,                                      
   X(6)=4.2062,8.4125,16.8250,27.2796,30.4495,                                   
   X(11)=31.4858,33.5890,35.6921,37.7952,38.0086,                                
   ZU(1)=0.2103,0.6309,1.0516,1.3350,1.7892,                                     
   ZU(6)=2.1031,2.5237,2.5237,2.5237,2.5237,                                     
   ZU(11)=2.5237,2.4201,2.3134,2.2860,2.1031,                                    
   ZL(1)=-0.1067,-0.5273,-1.0516,-1.1582,-1.2619,                                
   ZL(6)=-1.3686,-1.4722,-1.4722,-1.4722,-1.0516,                                
   ZL(11)=-0.8412,-0.2469,0.3170,1.2619,1.8928,                                  
   S(1)=0.0511,0.7646,2.6840,4.1165,6.0443,                                      
   S(6)=8.6056,11.8739,11.8739,11.8739,10.0437,                                  
   S(11)=8.8890,5.2843,2.6375,0.3382,0.0102$                                     
  $WGPLNF                                                                        
   CHRDR=7.8770,CHRDBP=5.7117,CHRDTP=1.2510,                                     
   SSPN=17.1577,SSPNE=15.2800,SSPNOP=0.7750,                                     
   SAVSI=25.020,SAVSO=25.020,CHSTAT=0.250,TWISTA=0.000,                          
   DHDADI=6.000,DHDADO=6.000,TYPE=1.000$                                         
 NACA-W-6-64A412                                                                 
  $VTPLNF                                                                        
   CHRDR=5.8074,CHRDTP=1.5748,SSPN=7.1628,SSPNE=6.4000,                          
   SAVSI=35.000,CHSTAT=0.250,TWISTA=0.000,TYPE=1.000$                            
 NACA-V-4-0012                                                                   
  $HTPLNF                                                                        
   CHRDR=3.7980,CHRDTP=0.7710,SSPN=7.1750,SSPNE=5.3000,                          
   SAVSI=30.000,CHSTAT=0.250,TWISTA=0.000,DHDADI=7.000,                          
   TYPE=1.000$                                                                   
 NACA-H-4-0012                                                                   
  $ASYFLP                                                                        
   STYPE=4.0,                                                                    
   NDELTA=9.0,                                                                   
   DELTAL(1)=-20.0,-15.0,-10.0,-5.0,0.0,                                         
   DELTAL(6)=5.0,10.0,15.0,20.0,                                                 
   DELTAR(1)=20.0,15.0,10.0,5.0,0.0,                                             
   DELTAR(6)=-5.0,-10.0,-15.0,-20.0,                                             
   SPANFI=12.0104,                                                               
   SPANFO=16.5227,                                                               
   CHRDFI=0.4300,                                                                
   CHRDFO=0.2200$                                                                
 NEXT CASE                                                                       
1          THE FOLLOWING IS A LIST OF ALL INPUT CARDS FOR THIS CASE.
0
 CASEID B738 M050 CLEAN CRUISE FULL AIRCRAFT                                     
 DIM M                                                                           
 DERIV RAD                                                                       
  $FLTCON                                                                        
   LOOP=3.0,                                                                     
   NMACH=1.0,                                                                    
   MACH(1)=0.50,                                                                 
   NALT=10.0,                                                                    
   ALT(1)=0.0,1524.0,3048.0,4572.0,6096.0,                                       
   ALT(6)=7620.0,9144.0,10668.0,11887.2,12496.8,                                 
   NALPHA=12.0,                                                                  
   ALSCHD(1)=-6.0,-4.0,-2.0,0.0,2.0,4.0,                                         
   ALSCHD(7)=6.0,8.0,10.0,12.0,14.0,16.0$                                        
  $OPTINS                                                                        
   SREF=124.583,                                                                 
   CBARR=3.9576,                                                                 
   BLREF=34.3154$                                                                
  $SYNTHS                                                                        
   XCG=17.000,                                                                   
   ZCG=0.000,                                                                    
   XW=13.610,                                                                    
   ZW=-1.270,                                                                    
   ALIW=1.000,                                                                   
   XH=33.800,                                                                    
   ZH=1.890,                                                                     
   ALIH=0.000,                                                                   
   XV=32.130,                                                                    
   ZV=2.320,                                                                     
   SCALE=1.000,                                                                  
   VERTUP=.TRUE.$                                                                
  $BODY                                                                          
   NX=15.0,                                                                      
   BNOSE=2.0,                                                                    
   BTAIL=2.0,                                                                    
   BLA=20.0,                                                                     
   X(1)=0.0000,0.4206,1.4722,2.1031,2.7341,                                      
   X(6)=4.2062,8.4125,16.8250,27.2796,30.4495,                                   
   X(11)=31.4858,33.5890,35.6921,37.7952,38.0086,                                
   ZU(1)=0.2103,0.6309,1.0516,1.3350,1.7892,                                     
   ZU(6)=2.1031,2.5237,2.5237,2.5237,2.5237,                                     
   ZU(11)=2.5237,2.4201,2.3134,2.2860,2.1031,                                    
   ZL(1)=-0.1067,-0.5273,-1.0516,-1.1582,-1.2619,                                
   ZL(6)=-1.3686,-1.4722,-1.4722,-1.4722,-1.0516,                                
   ZL(11)=-0.8412,-0.2469,0.3170,1.2619,1.8928,                                  
   S(1)=0.0511,0.7646,2.6840,4.1165,6.0443,                                      
   S(6)=8.6056,11.8739,11.8739,11.8739,10.0437,                                  
   S(11)=8.8890,5.2843,2.6375,0.3382,0.0102$                                     
  $WGPLNF                                                                        
   CHRDR=7.8770,                                                                 
   CHRDBP=5.7117,                                                                
   CHRDTP=1.2510,                                                                
   SSPN=17.1577,                                                                 
   SSPNE=15.2800,                                                                
   SSPNOP=0.7750,                                                                
   SAVSI=25.020,                                                                 
   SAVSO=25.020,                                                                 
   CHSTAT=0.250,                                                                 
   TWISTA=0.000,                                                                 
   DHDADI=6.000,                                                                 
   DHDADO=6.000,                                                                 
   TYPE=1.000$                                                                   
 NACA-W-6-64A412                                                                 
  $VTPLNF                                                                        
   CHRDR=5.8074,                                                                 
   CHRDTP=1.5748,                                                                
   SSPN=7.1628,                                                                  
   SSPNE=6.4000,                                                                 
   SAVSI=35.000,                                                                 
   CHSTAT=0.250,                                                                 
   TWISTA=0.000,                                                                 
   TYPE=1.000$                                                                   
 NACA-V-4-0012                                                                   
  $HTPLNF                                                                        
   CHRDR=3.7980,                                                                 
   CHRDTP=0.7710,                                                                
   SSPN=7.1750,                                                                  
   SSPNE=5.3000,                                                                 
   SAVSI=30.000,                                                                 
   CHSTAT=0.250,                                                                 
   TWISTA=0.000,                                                                 
   DHDADI=7.000,                                                                 
   TYPE=1.000$                                                                   
 NACA-H-4-0012                                                                   
 DAMP                                                                            
 NEXT CASE                                                                       
0 INPUT DIMENSIONS ARE IN M , SCALE FACTOR IS 1.0000

 Return to main program from M01O01
1                             AUTOMATED STABILITY AND CONTROL METHODS PER APRIL 1976 VERSION OF DATCOM   
                                                        WING SECTION DEFINITION
0                                 IDEAL ANGLE OF ATTACK =   0.00000 DEG.

                              ZERO LIFT ANGLE OF ATTACK =  -3.09312 DEG.

                                 IDEAL LIFT COEFFICIENT =   0.40000

                  ZERO LIFT PITCHING MOMENT COEFFICIENT =  -0.08720

                             MACH ZERO LIFT-CURVE-SLOPE =   0.09654 /DEG.

                                    LEADING EDGE RADIUS =   0.00993 FRACTION CHORD

                              MAXIMUM AIRFOIL THICKNESS =   0.12000 FRACTION CHORD

                                                DELTA-Y =   2.46808 PERCENT CHORD


0                         MACH= 0.5000 LIFT-CURVE-SLOPE =   0.10841 /DEG.      XAC =   0.26880
1                             AUTOMATED STABILITY AND CONTROL METHODS PER APRIL 1976 VERSION OF DATCOM   
                                                   HORIZONTAL TAIL SECTION DEFINITION
0                                 IDEAL ANGLE OF ATTACK =   0.00000 DEG.

                              ZERO LIFT ANGLE OF ATTACK =   0.00000 DEG.

                                 IDEAL LIFT COEFFICIENT =   0.00000

                  ZERO LIFT PITCHING MOMENT COEFFICIENT =   0.00000

                             MACH ZERO LIFT-CURVE-SLOPE =   0.09596 /DEG.

                                    LEADING EDGE RADIUS =   0.01587 FRACTION CHORD

                              MAXIMUM AIRFOIL THICKNESS =   0.12000 FRACTION CHORD

                                                DELTA-Y =   3.16898 PERCENT CHORD


0                         MACH= 0.5000 LIFT-CURVE-SLOPE =   0.10855 /DEG.      XAC =   0.26074
1                             AUTOMATED STABILITY AND CONTROL METHODS PER APRIL 1976 VERSION OF DATCOM   
                                                    VERTICAL TAIL SECTION DEFINITION
0                                 IDEAL ANGLE OF ATTACK =   0.00000 DEG.

                              ZERO LIFT ANGLE OF ATTACK =   0.00000 DEG.

                                 IDEAL LIFT COEFFICIENT =   0.00000

                  ZERO LIFT PITCHING MOMENT COEFFICIENT =   0.00000

                             MACH ZERO LIFT-CURVE-SLOPE =   0.09596 /DEG.

                                    LEADING EDGE RADIUS =   0.01587 FRACTION CHORD

                              MAXIMUM AIRFOIL THICKNESS =   0.12000 FRACTION CHORD

                                                DELTA-Y =   3.16898 PERCENT CHORD


0                         MACH= 0.5000 LIFT-CURVE-SLOPE =   0.10855 /DEG.      XAC =   0.26074
 Return to main program from M50O62
 Return to main program from M02O02
 Return to main program from M51O63
 WARNING*** BODY ALONE DYNAMIC DERIVATIVE METHOD VALID FOR NOSE CYLINDER ONLY
            TAIL EFFECTS IGNORED]
1                               AUTOMATED STABILITY AND CONTROL METHODS PER APRIL 1976 VERSION OF DATCOM
                                         CHARACTERISTICS AT ANGLE OF ATTACK AND IN SIDESLIP
                                        WING-BODY-VERTICAL TAIL-HORIZONTAL TAIL CONFIGURATION
                                               B738 M050 CLEAN CRUISE FULL AIRCRAFT
 
 -----------------------  FLIGHT CONDITIONS  ------------------------           --------------  REFERENCE DIMENSIONS  ------------
  MACH    ALTITUDE   VELOCITY    PRESSURE    TEMPERATURE     REYNOLDS             REF.      REFERENCE LENGTH   MOMENT REF. CENTER
 NUMBER                                                       NUMBER              AREA       LONG.     LAT.     HORIZ      VERT
              M        M/SEC      N/ M**2       DEG K         1/ M                M**2         M         M         M         M
0 0.500       0.00     170.13   1.0133E+05     288.150     1.1595E+07           124.583      3.958    34.315    17.000     0.000
0                                                               -------------------DERIVATIVE (PER RADIAN)-------------------
0 ALPHA     CD       CL       CM       CN       CA       XCP        CLA          CMA          CYB          CNB          CLB
0
   -6.0    0.028   -0.392    0.6850  -0.393   -0.013   -1.743    8.287E+00   -8.910E+00   -8.655E-01    1.574E-01   -1.537E-01
   -4.0    0.022   -0.101    0.3947  -0.103    0.015   -3.849    8.346E+00   -7.854E+00                             -1.812E-01
   -2.0    0.023    0.190    0.1366   0.190    0.029    0.721    8.488E+00   -6.792E+00                             -2.087E-01
    0.0    0.030    0.491   -0.0795   0.491    0.030   -0.162    8.732E+00   -5.711E+00                             -2.375E-01
    2.0    0.045    0.800   -0.2620   0.801    0.017   -0.327    8.910E+00   -4.860E+00                             -2.674E-01
    4.0    0.068    1.113   -0.4188   1.115   -0.010   -0.375    9.013E+00   -4.334E+00                             -2.981E-01
    6.0    0.099    1.429   -0.5646   1.432   -0.051   -0.394    9.074E+00   -3.704E+00                             -3.291E-01
    8.0    0.138    1.747   -0.6774   1.749   -0.107   -0.387    8.386E+00   -2.989E+00                             -3.603E-01
   10.0    0.176    2.015   -0.7733   2.015   -0.177   -0.384    6.768E+00   -2.853E+00                             -3.839E-01
   12.0    0.208    2.219   -0.8765   2.214   -0.258   -0.396    4.990E+00   -2.662E+00                             -3.983E-01
   14.0    0.233    2.363   -0.9591   2.349   -0.346   -0.408    3.047E+00   -1.898E+00                             -4.037E-01
   16.0    0.246    2.432   -1.0091   2.406   -0.433   -0.419    9.073E-01   -9.620E-01                             -3.983E-01
0                                    ALPHA     Q/QINF    EPSLON  D(EPSLON)/D(ALPHA)
0
                                     -6.0      1.000     -1.013        0.523
                                     -4.0      1.000      0.033        0.534
                                     -2.0      1.000      1.124        0.563
                                      0.0      1.000      2.285        0.590
                                      2.0      1.000      3.483        0.619
                                      4.0      1.000      4.763        0.654
                                      6.0      1.000      6.100        0.656
                                      8.0      1.000      7.388        0.562
                                     10.0      1.000      8.349        0.407
                                     12.0      1.000      9.018        0.287
                                     14.0      1.000      9.498        0.191
                                     16.0      1.000      9.784        0.143
1                               AUTOMATED STABILITY AND CONTROL METHODS PER APRIL 1976 VERSION OF DATCOM
                                                         DYNAMIC DERIVATIVES
                                        WING-BODY-VERTICAL TAIL-HORIZONTAL TAIL CONFIGURATION
                                               B738 M050 CLEAN CRUISE FULL AIRCRAFT
 
 -----------------------  FLIGHT CONDITIONS  ------------------------           --------------  REFERENCE DIMENSIONS  ------------
  MACH    ALTITUDE   VELOCITY    PRESSURE    TEMPERATURE     REYNOLDS             REF.      REFERENCE LENGTH   MOMENT REF. CENTER
 NUMBER                                                       NUMBER              AREA       LONG.     LAT.     HORIZ      VERT
              M        M/SEC      N/ M**2       DEG K         1/ M                M**2         M         M         M         M
0 0.500       0.00     170.13   1.0133E+05     288.150     1.1595E+07           124.583      3.958    34.315    17.000     0.000
                                                    DYNAMIC DERIVATIVES (PER RADIAN)
0           -------PITCHING-------    -----ACCELERATION------    --------------ROLLING--------------    --------YAWING--------
0   ALPHA       CLQ          CMQ           CLAD         CMAD         CLP          CYP          CNP          CNR          CLR
0
    -6.00    2.797E+01   -6.422E+01     5.528E+00   -2.805E+01   -6.261E-01   -2.793E-01    5.023E-02   -3.131E-01    7.220E-02
    -4.00                               5.647E+00   -2.865E+01   -6.243E-01   -2.317E-01    2.188E-02   -3.210E-01    1.217E-01
    -2.00                               5.949E+00   -3.019E+01   -6.345E-01   -1.838E-01   -6.638E-03   -3.289E-01    1.711E-01
     0.00                               6.232E+00   -3.162E+01   -6.541E-01   -1.349E-01   -3.558E-02   -3.369E-01    2.223E-01
     2.00                               6.546E+00   -3.322E+01   -6.700E-01   -8.528E-02   -6.492E-02   -3.449E-01    2.750E-01
     4.00                               6.913E+00   -3.508E+01   -6.820E-01   -3.487E-02   -9.479E-02   -3.529E-01    3.286E-01
     6.00                               6.937E+00   -3.520E+01   -6.897E-01    1.624E-02   -1.254E-01   -3.611E-01    3.826E-01
     8.00                               5.943E+00   -3.016E+01   -6.288E-01    7.134E-02   -1.646E-01   -3.692E-01    4.366E-01
    10.00                               4.305E+00   -2.185E+01   -4.893E-01    1.269E-01   -2.114E-01   -3.762E-01    4.774E-01
    12.00                               3.036E+00   -1.541E+01   -3.441E-01    1.788E-01   -2.565E-01   -3.816E-01    5.028E-01
    14.00                               2.024E+00   -1.027E+01   -1.931E-01    2.275E-01   -2.980E-01   -3.850E-01    5.144E-01
    16.00                               1.509E+00   -7.657E+00   -2.950E-02    2.626E-01   -3.249E-01   -3.860E-01    5.097E-01
 WARNING*** BODY ALONE DYNAMIC DERIVATIVE METHOD VALID FOR NOSE CYLINDER ONLY
            TAIL EFFECTS IGNORED]
1                               AUTOMATED STABILITY AND CONTROL METHODS PER APRIL 1976 VERSION OF DATCOM
                                         CHARACTERISTICS AT ANGLE OF ATTACK AND IN SIDESLIP
                                        WING-BODY-VERTICAL TAIL-HORIZONTAL TAIL CONFIGURATION
                                               B738 M050 CLEAN CRUISE FULL AIRCRAFT
 
 -----------------------  FLIGHT CONDITIONS  ------------------------           --------------  REFERENCE DIMENSIONS  ------------
  MACH    ALTITUDE   VELOCITY    PRESSURE    TEMPERATURE     REYNOLDS             REF.      REFERENCE LENGTH   MOMENT REF. CENTER
 NUMBER                                                       NUMBER              AREA       LONG.     LAT.     HORIZ      VERT
              M        M/SEC      N/ M**2       DEG K         1/ M                M**2         M         M         M         M
0 0.500    1524.00     167.18   8.4311E+04     278.246     1.0090E+07           124.583      3.958    34.315    17.000     0.000
0                                                               -------------------DERIVATIVE (PER RADIAN)-------------------
0 ALPHA     CD       CL       CM       CN       CA       XCP        CLA          CMA          CYB          CNB          CLB
0
   -6.0    0.028   -0.392    0.6849  -0.393   -0.013   -1.743    8.287E+00   -8.909E+00   -8.655E-01    1.593E-01   -1.537E-01
   -4.0    0.022   -0.101    0.3946  -0.103    0.015   -3.849    8.346E+00   -7.854E+00                             -1.812E-01
   -2.0    0.023    0.190    0.1366   0.190    0.030    0.721    8.488E+00   -6.792E+00                             -2.087E-01
    0.0    0.030    0.491   -0.0796   0.491    0.030   -0.162    8.732E+00   -5.711E+00                             -2.375E-01
    2.0    0.046    0.800   -0.2621   0.801    0.018   -0.327    8.910E+00   -4.860E+00                             -2.674E-01
    4.0    0.069    1.113   -0.4189   1.115   -0.009   -0.376    9.013E+00   -4.334E+00                             -2.981E-01
    6.0    0.099    1.429   -0.5647   1.432   -0.051   -0.394    9.074E+00   -3.704E+00                             -3.291E-01
    8.0    0.138    1.747   -0.6774   1.749   -0.106   -0.387    8.386E+00   -2.989E+00                             -3.603E-01
   10.0    0.176    2.015   -0.7734   2.015   -0.177   -0.384    6.768E+00   -2.853E+00                             -3.839E-01
   12.0    0.208    2.219   -0.8766   2.214   -0.258   -0.396    4.990E+00   -2.662E+00                             -3.983E-01
   14.0    0.233    2.363   -0.9592   2.349   -0.346   -0.408    3.047E+00   -1.898E+00                             -4.037E-01
   16.0    0.247    2.432   -1.0091   2.406   -0.433   -0.419    9.072E-01   -9.620E-01                             -3.983E-01
0                                    ALPHA     Q/QINF    EPSLON  D(EPSLON)/D(ALPHA)
0
                                     -6.0      1.000     -1.013        0.523
                                     -4.0      1.000      0.033        0.534
                                     -2.0      1.000      1.124        0.563
                                      0.0      1.000      2.285        0.590
                                      2.0      1.000      3.483        0.619
                                      4.0      1.000      4.763        0.654
                                      6.0      1.000      6.100        0.656
                                      8.0      1.000      7.388        0.562
                                     10.0      1.000      8.349        0.407
                                     12.0      1.000      9.018        0.287
                                     14.0      1.000      9.498        0.191
                                     16.0      1.000      9.784        0.143
1                               AUTOMATED STABILITY AND CONTROL METHODS PER APRIL 1976 VERSION OF DATCOM
                                                         DYNAMIC DERIVATIVES
                                        WING-BODY-VERTICAL TAIL-HORIZONTAL TAIL CONFIGURATION
                                               B738 M050 CLEAN CRUISE FULL AIRCRAFT
 
 -----------------------  FLIGHT CONDITIONS  ------------------------           --------------  REFERENCE DIMENSIONS  ------------
  MACH    ALTITUDE   VELOCITY    PRESSURE    TEMPERATURE     REYNOLDS             REF.      REFERENCE LENGTH   MOMENT REF. CENTER
 NUMBER                                                       NUMBER              AREA       LONG.     LAT.     HORIZ      VERT
              M        M/SEC      N/ M**2       DEG K         1/ M                M**2         M         M         M         M
0 0.500    1524.00     167.18   8.4311E+04     278.246     1.0090E+07           124.583      3.958    34.315    17.000     0.000
                                                    DYNAMIC DERIVATIVES (PER RADIAN)
0           -------PITCHING-------    -----ACCELERATION------    --------------ROLLING--------------    --------YAWING--------
0   ALPHA       CLQ          CMQ           CLAD         CMAD         CLP          CYP          CNP          CNR          CLR
0
    -6.00    2.797E+01   -6.422E+01     5.528E+00   -2.805E+01   -6.261E-01   -2.793E-01    5.023E-02   -3.131E-01    7.220E-02
    -4.00                               5.647E+00   -2.865E+01   -6.244E-01   -2.317E-01    2.188E-02   -3.211E-01    1.217E-01
    -2.00                               5.949E+00   -3.019E+01   -6.345E-01   -1.838E-01   -6.638E-03   -3.290E-01    1.711E-01
     0.00                               6.232E+00   -3.162E+01   -6.541E-01   -1.349E-01   -3.558E-02   -3.369E-01    2.223E-01
     2.00                               6.546E+00   -3.322E+01   -6.700E-01   -8.528E-02   -6.492E-02   -3.449E-01    2.750E-01
     4.00                               6.913E+00   -3.508E+01   -6.820E-01   -3.487E-02   -9.479E-02   -3.530E-01    3.286E-01
     6.00                               6.937E+00   -3.520E+01   -6.898E-01    1.624E-02   -1.254E-01   -3.611E-01    3.826E-01
     8.00                               5.943E+00   -3.016E+01   -6.288E-01    7.134E-02   -1.646E-01   -3.693E-01    4.366E-01
    10.00                               4.305E+00   -2.185E+01   -4.893E-01    1.269E-01   -2.114E-01   -3.763E-01    4.774E-01
    12.00                               3.036E+00   -1.541E+01   -3.441E-01    1.788E-01   -2.565E-01   -3.817E-01    5.028E-01
    14.00                               2.024E+00   -1.027E+01   -1.931E-01    2.275E-01   -2.980E-01   -3.850E-01    5.144E-01
    16.00                               1.509E+00   -7.657E+00   -2.952E-02    2.626E-01   -3.249E-01   -3.861E-01    5.097E-01
 WARNING*** BODY ALONE DYNAMIC DERIVATIVE METHOD VALID FOR NOSE CYLINDER ONLY
            TAIL EFFECTS IGNORED]
1                               AUTOMATED STABILITY AND CONTROL METHODS PER APRIL 1976 VERSION OF DATCOM
                                         CHARACTERISTICS AT ANGLE OF ATTACK AND IN SIDESLIP
                                        WING-BODY-VERTICAL TAIL-HORIZONTAL TAIL CONFIGURATION
                                               B738 M050 CLEAN CRUISE FULL AIRCRAFT
 
 -----------------------  FLIGHT CONDITIONS  ------------------------           --------------  REFERENCE DIMENSIONS  ------------
  MACH    ALTITUDE   VELOCITY    PRESSURE    TEMPERATURE     REYNOLDS             REF.      REFERENCE LENGTH   MOMENT REF. CENTER
 NUMBER                                                       NUMBER              AREA       LONG.     LAT.     HORIZ      VERT
              M        M/SEC      N/ M**2       DEG K         1/ M                M**2         M         M         M         M
0 0.500    3048.00     164.18   6.9695E+04     268.347     8.7388E+06           124.583      3.958    34.315    17.000     0.000
0                                                               -------------------DERIVATIVE (PER RADIAN)-------------------
0 ALPHA     CD       CL       CM       CN       CA       XCP        CLA          CMA          CYB          CNB          CLB
0
   -6.0    0.028   -0.392    0.6849  -0.393   -0.013   -1.743    8.287E+00   -8.908E+00   -8.655E-01    1.613E-01   -1.537E-01
   -4.0    0.022   -0.101    0.3946  -0.103    0.015   -3.848    8.346E+00   -7.854E+00                             -1.812E-01
   -2.0    0.023    0.190    0.1365   0.190    0.030    0.721    8.487E+00   -6.793E+00                             -2.087E-01
    0.0    0.031    0.491   -0.0796   0.491    0.031   -0.162    8.732E+00   -5.711E+00                             -2.375E-01
    2.0    0.046    0.800   -0.2622   0.801    0.018   -0.327    8.910E+00   -4.860E+00                             -2.674E-01
    4.0    0.069    1.113   -0.4189   1.115   -0.009   -0.376    9.013E+00   -4.335E+00                             -2.981E-01
    6.0    0.100    1.429   -0.5648   1.432   -0.050   -0.394    9.074E+00   -3.704E+00                             -3.291E-01
    8.0    0.138    1.747   -0.6775   1.749   -0.106   -0.387    8.386E+00   -2.989E+00                             -3.603E-01
   10.0    0.176    2.015   -0.7734   2.015   -0.176   -0.384    6.768E+00   -2.853E+00                             -3.839E-01
   12.0    0.209    2.219   -0.8767   2.214   -0.257   -0.396    4.990E+00   -2.662E+00                             -3.983E-01
   14.0    0.233    2.363   -0.9593   2.349   -0.345   -0.408    3.047E+00   -1.899E+00                             -4.037E-01
   16.0    0.247    2.432   -1.0092   2.406   -0.433   -0.419    9.071E-01   -9.622E-01                             -3.983E-01
0                                    ALPHA     Q/QINF    EPSLON  D(EPSLON)/D(ALPHA)
0
                                     -6.0      1.000     -1.013        0.523
                                     -4.0      1.000      0.033        0.534
                                     -2.0      1.000      1.124        0.563
                                      0.0      1.000      2.285        0.590
                                      2.0      1.000      3.483        0.619
                                      4.0      1.000      4.763        0.654
                                      6.0      1.000      6.100        0.656
                                      8.0      1.000      7.388        0.562
                                     10.0      1.000      8.349        0.407
                                     12.0      1.000      9.018        0.287
                                     14.0      1.000      9.498        0.191
                                     16.0      1.000      9.784        0.143
1                               AUTOMATED STABILITY AND CONTROL METHODS PER APRIL 1976 VERSION OF DATCOM
                                                         DYNAMIC DERIVATIVES
                                        WING-BODY-VERTICAL TAIL-HORIZONTAL TAIL CONFIGURATION
                                               B738 M050 CLEAN CRUISE FULL AIRCRAFT
 
 -----------------------  FLIGHT CONDITIONS  ------------------------           --------------  REFERENCE DIMENSIONS  ------------
  MACH    ALTITUDE   VELOCITY    PRESSURE    TEMPERATURE     REYNOLDS             REF.      REFERENCE LENGTH   MOMENT REF. CENTER
 NUMBER                                                       NUMBER              AREA       LONG.     LAT.     HORIZ      VERT
              M        M/SEC      N/ M**2       DEG K         1/ M                M**2         M         M         M         M
0 0.500    3048.00     164.18   6.9695E+04     268.347     8.7388E+06           124.583      3.958    34.315    17.000     0.000
                                                    DYNAMIC DERIVATIVES (PER RADIAN)
0           -------PITCHING-------    -----ACCELERATION------    --------------ROLLING--------------    --------YAWING--------
0   ALPHA       CLQ          CMQ           CLAD         CMAD         CLP          CYP          CNP          CNR          CLR
0
    -6.00    2.797E+01   -6.422E+01     5.528E+00   -2.805E+01   -6.261E-01   -2.793E-01    5.023E-02   -3.132E-01    7.220E-02
    -4.00                               5.647E+00   -2.865E+01   -6.244E-01   -2.317E-01    2.188E-02   -3.212E-01    1.217E-01
    -2.00                               5.949E+00   -3.019E+01   -6.346E-01   -1.838E-01   -6.638E-03   -3.291E-01    1.711E-01
     0.00                               6.232E+00   -3.162E+01   -6.542E-01   -1.349E-01   -3.558E-02   -3.370E-01    2.223E-01
     2.00                               6.546E+00   -3.322E+01   -6.701E-01   -8.528E-02   -6.491E-02   -3.450E-01    2.750E-01
     4.00                               6.913E+00   -3.508E+01   -6.820E-01   -3.487E-02   -9.479E-02   -3.531E-01    3.286E-01
     6.00                               6.937E+00   -3.520E+01   -6.898E-01    1.624E-02   -1.254E-01   -3.612E-01    3.826E-01
     8.00                               5.943E+00   -3.016E+01   -6.289E-01    7.134E-02   -1.646E-01   -3.694E-01    4.366E-01
    10.00                               4.305E+00   -2.185E+01   -4.893E-01    1.269E-01   -2.114E-01   -3.764E-01    4.774E-01
    12.00                               3.036E+00   -1.541E+01   -3.442E-01    1.788E-01   -2.565E-01   -3.817E-01    5.028E-01
    14.00                               2.024E+00   -1.027E+01   -1.931E-01    2.275E-01   -2.980E-01   -3.851E-01    5.144E-01
    16.00                               1.509E+00   -7.657E+00   -2.954E-02    2.626E-01   -3.249E-01   -3.862E-01    5.097E-01
 WARNING*** BODY ALONE DYNAMIC DERIVATIVE METHOD VALID FOR NOSE CYLINDER ONLY
            TAIL EFFECTS IGNORED]
1                               AUTOMATED STABILITY AND CONTROL METHODS PER APRIL 1976 VERSION OF DATCOM
                                         CHARACTERISTICS AT ANGLE OF ATTACK AND IN SIDESLIP
                                        WING-BODY-VERTICAL TAIL-HORIZONTAL TAIL CONFIGURATION
                                               B738 M050 CLEAN CRUISE FULL AIRCRAFT
 
 -----------------------  FLIGHT CONDITIONS  ------------------------           --------------  REFERENCE DIMENSIONS  ------------
  MACH    ALTITUDE   VELOCITY    PRESSURE    TEMPERATURE     REYNOLDS             REF.      REFERENCE LENGTH   MOMENT REF. CENTER
 NUMBER                                                       NUMBER              AREA       LONG.     LAT.     HORIZ      VERT
              M        M/SEC      N/ M**2       DEG K         1/ M                M**2         M         M         M         M
0 0.500    4572.00     161.12   5.7207E+04     258.453     7.5306E+06           124.583      3.958    34.315    17.000     0.000
0                                                               -------------------DERIVATIVE (PER RADIAN)-------------------
0 ALPHA     CD       CL       CM       CN       CA       XCP        CLA          CMA          CYB          CNB          CLB
0
   -6.0    0.029   -0.392    0.6848  -0.393   -0.012   -1.742    8.287E+00   -8.906E+00   -8.655E-01    1.633E-01   -1.537E-01
   -4.0    0.023   -0.101    0.3946  -0.103    0.016   -3.847    8.346E+00   -7.855E+00                             -1.812E-01
   -2.0    0.024    0.190    0.1365   0.189    0.030    0.720    8.487E+00   -6.793E+00                             -2.087E-01
    0.0    0.031    0.491   -0.0797   0.491    0.031   -0.162    8.732E+00   -5.711E+00                             -2.375E-01
    2.0    0.046    0.800   -0.2622   0.801    0.018   -0.327    8.910E+00   -4.860E+00                             -2.674E-01
    4.0    0.069    1.113   -0.4190   1.115   -0.009   -0.376    9.012E+00   -4.335E+00                             -2.981E-01
    6.0    0.100    1.429   -0.5648   1.432   -0.050   -0.394    9.074E+00   -3.704E+00                             -3.291E-01
    8.0    0.139    1.747   -0.6776   1.749   -0.106   -0.387    8.386E+00   -2.989E+00                             -3.603E-01
   10.0    0.177    2.015   -0.7735   2.015   -0.176   -0.384    6.768E+00   -2.853E+00                             -3.839E-01
   12.0    0.209    2.219   -0.8768   2.214   -0.257   -0.396    4.990E+00   -2.662E+00                             -3.983E-01
   14.0    0.234    2.363   -0.9594   2.349   -0.345   -0.408    3.047E+00   -1.899E+00                             -4.036E-01
   16.0    0.248    2.432   -1.0093   2.406   -0.432   -0.419    9.070E-01   -9.623E-01                             -3.983E-01
0                                    ALPHA     Q/QINF    EPSLON  D(EPSLON)/D(ALPHA)
0
                                     -6.0      1.000     -1.013        0.523
                                     -4.0      1.000      0.033        0.534
                                     -2.0      1.000      1.124        0.563
                                      0.0      1.000      2.285        0.590
                                      2.0      1.000      3.483        0.619
                                      4.0      1.000      4.763        0.654
                                      6.0      1.000      6.100        0.656
                                      8.0      1.000      7.388        0.562
                                     10.0      1.000      8.349        0.407
                                     12.0      1.000      9.018        0.287
                                     14.0      1.000      9.498        0.191
                                     16.0      1.000      9.784        0.143
1                               AUTOMATED STABILITY AND CONTROL METHODS PER APRIL 1976 VERSION OF DATCOM
                                                         DYNAMIC DERIVATIVES
                                        WING-BODY-VERTICAL TAIL-HORIZONTAL TAIL CONFIGURATION
                                               B738 M050 CLEAN CRUISE FULL AIRCRAFT
 
 -----------------------  FLIGHT CONDITIONS  ------------------------           --------------  REFERENCE DIMENSIONS  ------------
  MACH    ALTITUDE   VELOCITY    PRESSURE    TEMPERATURE     REYNOLDS             REF.      REFERENCE LENGTH   MOMENT REF. CENTER
 NUMBER                                                       NUMBER              AREA       LONG.     LAT.     HORIZ      VERT
              M        M/SEC      N/ M**2       DEG K         1/ M                M**2         M         M         M         M
0 0.500    4572.00     161.12   5.7207E+04     258.453     7.5306E+06           124.583      3.958    34.315    17.000     0.000
                                                    DYNAMIC DERIVATIVES (PER RADIAN)
0           -------PITCHING-------    -----ACCELERATION------    --------------ROLLING--------------    --------YAWING--------
0   ALPHA       CLQ          CMQ           CLAD         CMAD         CLP          CYP          CNP          CNR          CLR
0
    -6.00    2.797E+01   -6.422E+01     5.528E+00   -2.805E+01   -6.262E-01   -2.793E-01    5.023E-02   -3.133E-01    7.220E-02
    -4.00                               5.647E+00   -2.865E+01   -6.244E-01   -2.317E-01    2.188E-02   -3.212E-01    1.217E-01
    -2.00                               5.949E+00   -3.019E+01   -6.346E-01   -1.838E-01   -6.637E-03   -3.292E-01    1.711E-01
     0.00                               6.232E+00   -3.162E+01   -6.542E-01   -1.349E-01   -3.558E-02   -3.371E-01    2.223E-01
     2.00                               6.546E+00   -3.322E+01   -6.701E-01   -8.528E-02   -6.491E-02   -3.451E-01    2.750E-01
     4.00                               6.913E+00   -3.508E+01   -6.820E-01   -3.487E-02   -9.479E-02   -3.532E-01    3.286E-01
     6.00                               6.937E+00   -3.520E+01   -6.898E-01    1.624E-02   -1.254E-01   -3.613E-01    3.826E-01
     8.00                               5.943E+00   -3.016E+01   -6.289E-01    7.134E-02   -1.646E-01   -3.695E-01    4.366E-01
    10.00                               4.305E+00   -2.185E+01   -4.894E-01    1.269E-01   -2.114E-01   -3.765E-01    4.774E-01
    12.00                               3.036E+00   -1.541E+01   -3.442E-01    1.788E-01   -2.565E-01   -3.818E-01    5.028E-01
    14.00                               2.024E+00   -1.027E+01   -1.931E-01    2.275E-01   -2.980E-01   -3.852E-01    5.144E-01
    16.00                               1.509E+00   -7.657E+00   -2.957E-02    2.626E-01   -3.249E-01   -3.863E-01    5.097E-01
 WARNING*** BODY ALONE DYNAMIC DERIVATIVE METHOD VALID FOR NOSE CYLINDER ONLY
            TAIL EFFECTS IGNORED]
1                               AUTOMATED STABILITY AND CONTROL METHODS PER APRIL 1976 VERSION OF DATCOM
                                         CHARACTERISTICS AT ANGLE OF ATTACK AND IN SIDESLIP
                                        WING-BODY-VERTICAL TAIL-HORIZONTAL TAIL CONFIGURATION
                                               B738 M050 CLEAN CRUISE FULL AIRCRAFT
 
 -----------------------  FLIGHT CONDITIONS  ------------------------           --------------  REFERENCE DIMENSIONS  ------------
  MACH    ALTITUDE   VELOCITY    PRESSURE    TEMPERATURE     REYNOLDS             REF.      REFERENCE LENGTH   MOMENT REF. CENTER
 NUMBER                                                       NUMBER              AREA       LONG.     LAT.     HORIZ      VERT
              M        M/SEC      N/ M**2       DEG K         1/ M                M**2         M         M         M         M
0 0.500    6096.00     158.01   4.6600E+04     248.564     6.4544E+06           124.583      3.958    34.315    17.000     0.000
0                                                               -------------------DERIVATIVE (PER RADIAN)-------------------
0 ALPHA     CD       CL       CM       CN       CA       XCP        CLA          CMA          CYB          CNB          CLB
0
   -6.0    0.029   -0.392    0.6848  -0.393   -0.012   -1.742    8.287E+00   -8.905E+00   -8.655E-01    1.654E-01   -1.537E-01
   -4.0    0.023   -0.101    0.3946  -0.103    0.016   -3.846    8.346E+00   -7.855E+00                             -1.812E-01
   -2.0    0.024    0.190    0.1364   0.189    0.031    0.720    8.487E+00   -6.794E+00                             -2.087E-01
    0.0    0.032    0.491   -0.0797   0.491    0.032   -0.162    8.732E+00   -5.711E+00                             -2.375E-01
    2.0    0.047    0.800   -0.2623   0.801    0.019   -0.327    8.910E+00   -4.861E+00                             -2.674E-01
    4.0    0.070    1.113   -0.4191   1.115   -0.008   -0.376    9.012E+00   -4.335E+00                             -2.981E-01
    6.0    0.100    1.429   -0.5649   1.432   -0.050   -0.395    9.074E+00   -3.704E+00                             -3.291E-01
    8.0    0.139    1.747   -0.6777   1.749   -0.105   -0.387    8.386E+00   -2.989E+00                             -3.603E-01
   10.0    0.177    2.015   -0.7736   2.015   -0.175   -0.384    6.768E+00   -2.853E+00                             -3.839E-01
   12.0    0.209    2.219   -0.8768   2.214   -0.257   -0.396    4.989E+00   -2.663E+00                             -3.983E-01
   14.0    0.234    2.363   -0.9595   2.349   -0.345   -0.408    3.047E+00   -1.899E+00                             -4.036E-01
   16.0    0.248    2.432   -1.0094   2.406   -0.432   -0.420    9.069E-01   -9.624E-01                             -3.983E-01
0                                    ALPHA     Q/QINF    EPSLON  D(EPSLON)/D(ALPHA)
0
                                     -6.0      1.000     -1.013        0.523
                                     -4.0      1.000      0.033        0.534
                                     -2.0      1.000      1.124        0.563
                                      0.0      1.000      2.285        0.590
                                      2.0      1.000      3.483        0.619
                                      4.0      1.000      4.763        0.654
                                      6.0      1.000      6.100        0.656
                                      8.0      1.000      7.388        0.562
                                     10.0      1.000      8.349        0.407
                                     12.0      1.000      9.018        0.287
                                     14.0      1.000      9.498        0.191
                                     16.0      1.000      9.784        0.143
1                               AUTOMATED STABILITY AND CONTROL METHODS PER APRIL 1976 VERSION OF DATCOM
                                                         DYNAMIC DERIVATIVES
                                        WING-BODY-VERTICAL TAIL-HORIZONTAL TAIL CONFIGURATION
                                               B738 M050 CLEAN CRUISE FULL AIRCRAFT
 
 -----------------------  FLIGHT CONDITIONS  ------------------------           --------------  REFERENCE DIMENSIONS  ------------
  MACH    ALTITUDE   VELOCITY    PRESSURE    TEMPERATURE     REYNOLDS             REF.      REFERENCE LENGTH   MOMENT REF. CENTER
 NUMBER                                                       NUMBER              AREA       LONG.     LAT.     HORIZ      VERT
              M        M/SEC      N/ M**2       DEG K         1/ M                M**2         M         M         M         M
0 0.500    6096.00     158.01   4.6600E+04     248.564     6.4544E+06           124.583      3.958    34.315    17.000     0.000
                                                    DYNAMIC DERIVATIVES (PER RADIAN)
0           -------PITCHING-------    -----ACCELERATION------    --------------ROLLING--------------    --------YAWING--------
0   ALPHA       CLQ          CMQ           CLAD         CMAD         CLP          CYP          CNP          CNR          CLR
0
    -6.00    2.797E+01   -6.422E+01     5.528E+00   -2.805E+01   -6.262E-01   -2.793E-01    5.023E-02   -3.134E-01    7.220E-02
    -4.00                               5.647E+00   -2.865E+01   -6.245E-01   -2.317E-01    2.188E-02   -3.213E-01    1.217E-01
    -2.00                               5.949E+00   -3.019E+01   -6.346E-01   -1.838E-01   -6.637E-03   -3.293E-01    1.711E-01
     0.00                               6.232E+00   -3.162E+01   -6.542E-01   -1.349E-01   -3.558E-02   -3.372E-01    2.223E-01
     2.00                               6.546E+00   -3.322E+01   -6.701E-01   -8.528E-02   -6.491E-02   -3.452E-01    2.750E-01
     4.00                               6.913E+00   -3.508E+01   -6.821E-01   -3.487E-02   -9.479E-02   -3.533E-01    3.286E-01
     6.00                               6.937E+00   -3.520E+01   -6.898E-01    1.624E-02   -1.254E-01   -3.614E-01    3.826E-01
     8.00                               5.943E+00   -3.016E+01   -6.289E-01    7.134E-02   -1.646E-01   -3.696E-01    4.366E-01
    10.00                               4.305E+00   -2.185E+01   -4.894E-01    1.269E-01   -2.114E-01   -3.766E-01    4.774E-01
    12.00                               3.036E+00   -1.541E+01   -3.442E-01    1.788E-01   -2.565E-01   -3.819E-01    5.028E-01
    14.00                               2.024E+00   -1.027E+01   -1.932E-01    2.275E-01   -2.980E-01   -3.853E-01    5.144E-01
    16.00                               1.509E+00   -7.657E+00   -2.960E-02    2.626E-01   -3.249E-01   -3.863E-01    5.097E-01
 WARNING*** BODY ALONE DYNAMIC DERIVATIVE METHOD VALID FOR NOSE CYLINDER ONLY
            TAIL EFFECTS IGNORED]
1                               AUTOMATED STABILITY AND CONTROL METHODS PER APRIL 1976 VERSION OF DATCOM
                                         CHARACTERISTICS AT ANGLE OF ATTACK AND IN SIDESLIP
                                        WING-BODY-VERTICAL TAIL-HORIZONTAL TAIL CONFIGURATION
                                               B738 M050 CLEAN CRUISE FULL AIRCRAFT
 
 -----------------------  FLIGHT CONDITIONS  ------------------------           --------------  REFERENCE DIMENSIONS  ------------
  MACH    ALTITUDE   VELOCITY    PRESSURE    TEMPERATURE     REYNOLDS             REF.      REFERENCE LENGTH   MOMENT REF. CENTER
 NUMBER                                                       NUMBER              AREA       LONG.     LAT.     HORIZ      VERT
              M        M/SEC      N/ M**2       DEG K         1/ M                M**2         M         M         M         M
0 0.500    7620.00     154.84   3.7650E+04     238.679     5.4998E+06           124.583      3.958    34.315    17.000     0.000
0                                                               -------------------DERIVATIVE (PER RADIAN)-------------------
0 ALPHA     CD       CL       CM       CN       CA       XCP        CLA          CMA          CYB          CNB          CLB
0
   -6.0    0.030   -0.392    0.6848  -0.393   -0.012   -1.742    8.286E+00   -8.903E+00   -8.655E-01    1.676E-01   -1.537E-01
   -4.0    0.024   -0.101    0.3946  -0.103    0.017   -3.845    8.345E+00   -7.855E+00                             -1.812E-01
   -2.0    0.024    0.190    0.1364   0.189    0.031    0.720    8.487E+00   -6.795E+00                             -2.087E-01
    0.0    0.032    0.491   -0.0798   0.491    0.032   -0.162    8.731E+00   -5.711E+00                             -2.375E-01
    2.0    0.047    0.800   -0.2623   0.801    0.019   -0.327    8.910E+00   -4.861E+00                             -2.674E-01
    4.0    0.070    1.113   -0.4191   1.116   -0.008   -0.376    9.012E+00   -4.335E+00                             -2.981E-01
    6.0    0.101    1.429   -0.5650   1.432   -0.049   -0.395    9.073E+00   -3.704E+00                             -3.291E-01
    8.0    0.140    1.747   -0.6777   1.749   -0.105   -0.387    8.385E+00   -2.989E+00                             -3.603E-01
   10.0    0.177    2.015   -0.7737   2.015   -0.175   -0.384    6.767E+00   -2.853E+00                             -3.839E-01
   12.0    0.210    2.219   -0.8769   2.214   -0.256   -0.396    4.989E+00   -2.663E+00                             -3.983E-01
   14.0    0.234    2.363   -0.9596   2.349   -0.344   -0.408    3.046E+00   -1.899E+00                             -4.036E-01
   16.0    0.248    2.432   -1.0095   2.406   -0.432   -0.420    9.068E-01   -9.626E-01                             -3.983E-01
0                                    ALPHA     Q/QINF    EPSLON  D(EPSLON)/D(ALPHA)
0
                                     -6.0      1.000     -1.013        0.523
                                     -4.0      1.000      0.033        0.534
                                     -2.0      1.000      1.124        0.563
                                      0.0      1.000      2.285        0.590
                                      2.0      1.000      3.483        0.619
                                      4.0      1.000      4.763        0.654
                                      6.0      1.000      6.100        0.656
                                      8.0      1.000      7.388        0.562
                                     10.0      1.000      8.349        0.407
                                     12.0      1.000      9.018        0.287
                                     14.0      1.000      9.498        0.191
                                     16.0      1.000      9.784        0.143
1                               AUTOMATED STABILITY AND CONTROL METHODS PER APRIL 1976 VERSION OF DATCOM
                                                         DYNAMIC DERIVATIVES
                                        WING-BODY-VERTICAL TAIL-HORIZONTAL TAIL CONFIGURATION
                                               B738 M050 CLEAN CRUISE FULL AIRCRAFT
 
 -----------------------  FLIGHT CONDITIONS  ------------------------           --------------  REFERENCE DIMENSIONS  ------------
  MACH    ALTITUDE   VELOCITY    PRESSURE    TEMPERATURE     REYNOLDS             REF.      REFERENCE LENGTH   MOMENT REF. CENTER
 NUMBER                                                       NUMBER              AREA       LONG.     LAT.     HORIZ      VERT
              M        M/SEC      N/ M**2       DEG K         1/ M                M**2         M         M         M         M
0 0.500    7620.00     154.84   3.7650E+04     238.679     5.4998E+06           124.583      3.958    34.315    17.000     0.000
                                                    DYNAMIC DERIVATIVES (PER RADIAN)
0           -------PITCHING-------    -----ACCELERATION------    --------------ROLLING--------------    --------YAWING--------
0   ALPHA       CLQ          CMQ           CLAD         CMAD         CLP          CYP          CNP          CNR          CLR
0
    -6.00    2.797E+01   -6.422E+01     5.528E+00   -2.805E+01   -6.262E-01   -2.793E-01    5.023E-02   -3.135E-01    7.220E-02
    -4.00                               5.647E+00   -2.865E+01   -6.245E-01   -2.317E-01    2.188E-02   -3.214E-01    1.217E-01
    -2.00                               5.949E+00   -3.019E+01   -6.347E-01   -1.838E-01   -6.637E-03   -3.294E-01    1.711E-01
     0.00                               6.232E+00   -3.162E+01   -6.542E-01   -1.349E-01   -3.558E-02   -3.373E-01    2.223E-01
     2.00                               6.546E+00   -3.322E+01   -6.701E-01   -8.528E-02   -6.491E-02   -3.453E-01    2.750E-01
     4.00                               6.913E+00   -3.508E+01   -6.821E-01   -3.487E-02   -9.478E-02   -3.534E-01    3.286E-01
     6.00                               6.937E+00   -3.520E+01   -6.899E-01    1.624E-02   -1.254E-01   -3.615E-01    3.826E-01
     8.00                               5.943E+00   -3.016E+01   -6.290E-01    7.134E-02   -1.646E-01   -3.696E-01    4.366E-01
    10.00                               4.305E+00   -2.185E+01   -4.894E-01    1.269E-01   -2.114E-01   -3.767E-01    4.774E-01
    12.00                               3.036E+00   -1.541E+01   -3.443E-01    1.788E-01   -2.565E-01   -3.820E-01    5.028E-01
    14.00                               2.024E+00   -1.027E+01   -1.932E-01    2.275E-01   -2.980E-01   -3.854E-01    5.144E-01
    16.00                               1.509E+00   -7.657E+00   -2.963E-02    2.626E-01   -3.249E-01   -3.864E-01    5.097E-01
 WARNING*** BODY ALONE DYNAMIC DERIVATIVE METHOD VALID FOR NOSE CYLINDER ONLY
            TAIL EFFECTS IGNORED]
1                               AUTOMATED STABILITY AND CONTROL METHODS PER APRIL 1976 VERSION OF DATCOM
                                         CHARACTERISTICS AT ANGLE OF ATTACK AND IN SIDESLIP
                                        WING-BODY-VERTICAL TAIL-HORIZONTAL TAIL CONFIGURATION
                                               B738 M050 CLEAN CRUISE FULL AIRCRAFT
 
 -----------------------  FLIGHT CONDITIONS  ------------------------           --------------  REFERENCE DIMENSIONS  ------------
  MACH    ALTITUDE   VELOCITY    PRESSURE    TEMPERATURE     REYNOLDS             REF.      REFERENCE LENGTH   MOMENT REF. CENTER
 NUMBER                                                       NUMBER              AREA       LONG.     LAT.     HORIZ      VERT
              M        M/SEC      N/ M**2       DEG K         1/ M                M**2         M         M         M         M
0 0.500    9144.00     151.60   3.0148E+04     228.799     4.6569E+06           124.583      3.958    34.315    17.000     0.000
0                                                               -------------------DERIVATIVE (PER RADIAN)-------------------
0 ALPHA     CD       CL       CM       CN       CA       XCP        CLA          CMA          CYB          CNB          CLB
0
   -6.0    0.030   -0.392    0.6847  -0.393   -0.011   -1.742    8.286E+00   -8.901E+00   -8.655E-01    1.698E-01   -1.537E-01
   -4.0    0.024   -0.101    0.3946  -0.103    0.017   -3.844    8.345E+00   -7.855E+00                             -1.812E-01
   -2.0    0.025    0.190    0.1363   0.189    0.031    0.719    8.487E+00   -6.795E+00                             -2.087E-01
    0.0    0.032    0.491   -0.0799   0.491    0.032   -0.163    8.731E+00   -5.712E+00                             -2.375E-01
    2.0    0.048    0.800   -0.2624   0.801    0.020   -0.328    8.910E+00   -4.861E+00                             -2.674E-01
    4.0    0.071    1.113   -0.4192   1.116   -0.007   -0.376    9.012E+00   -4.335E+00                             -2.981E-01
    6.0    0.101    1.429   -0.5651   1.432   -0.049   -0.395    9.073E+00   -3.705E+00                             -3.291E-01
    8.0    0.140    1.747   -0.6778   1.749   -0.104   -0.387    8.385E+00   -2.990E+00                             -3.603E-01
   10.0    0.178    2.015   -0.7738   2.015   -0.175   -0.384    6.767E+00   -2.853E+00                             -3.839E-01
   12.0    0.210    2.219   -0.8770   2.214   -0.256   -0.396    4.989E+00   -2.663E+00                             -3.983E-01
   14.0    0.235    2.363   -0.9597   2.350   -0.344   -0.408    3.046E+00   -1.899E+00                             -4.036E-01
   16.0    0.249    2.432   -1.0096   2.406   -0.431   -0.420    9.066E-01   -9.627E-01                             -3.983E-01
0                                    ALPHA     Q/QINF    EPSLON  D(EPSLON)/D(ALPHA)
0
                                     -6.0      1.000     -1.013        0.523
                                     -4.0      1.000      0.033        0.534
                                     -2.0      1.000      1.124        0.563
                                      0.0      1.000      2.285        0.590
                                      2.0      1.000      3.483        0.619
                                      4.0      1.000      4.763        0.654
                                      6.0      1.000      6.100        0.656
                                      8.0      1.000      7.388        0.562
                                     10.0      1.000      8.349        0.407
                                     12.0      1.000      9.018        0.287
                                     14.0      1.000      9.498        0.191
                                     16.0      1.000      9.784        0.143
1                               AUTOMATED STABILITY AND CONTROL METHODS PER APRIL 1976 VERSION OF DATCOM
                                                         DYNAMIC DERIVATIVES
                                        WING-BODY-VERTICAL TAIL-HORIZONTAL TAIL CONFIGURATION
                                               B738 M050 CLEAN CRUISE FULL AIRCRAFT
 
 -----------------------  FLIGHT CONDITIONS  ------------------------           --------------  REFERENCE DIMENSIONS  ------------
  MACH    ALTITUDE   VELOCITY    PRESSURE    TEMPERATURE     REYNOLDS             REF.      REFERENCE LENGTH   MOMENT REF. CENTER
 NUMBER                                                       NUMBER              AREA       LONG.     LAT.     HORIZ      VERT
              M        M/SEC      N/ M**2       DEG K         1/ M                M**2         M         M         M         M
0 0.500    9144.00     151.60   3.0148E+04     228.799     4.6569E+06           124.583      3.958    34.315    17.000     0.000
                                                    DYNAMIC DERIVATIVES (PER RADIAN)
0           -------PITCHING-------    -----ACCELERATION------    --------------ROLLING--------------    --------YAWING--------
0   ALPHA       CLQ          CMQ           CLAD         CMAD         CLP          CYP          CNP          CNR          CLR
0
    -6.00    2.797E+01   -6.422E+01     5.528E+00   -2.805E+01   -6.263E-01   -2.793E-01    5.023E-02   -3.136E-01    7.220E-02
    -4.00                               5.647E+00   -2.865E+01   -6.245E-01   -2.317E-01    2.188E-02   -3.215E-01    1.217E-01
    -2.00                               5.949E+00   -3.019E+01   -6.347E-01   -1.838E-01   -6.637E-03   -3.295E-01    1.711E-01
     0.00                               6.232E+00   -3.162E+01   -6.543E-01   -1.349E-01   -3.558E-02   -3.374E-01    2.223E-01
     2.00                               6.546E+00   -3.322E+01   -6.702E-01   -8.528E-02   -6.491E-02   -3.454E-01    2.750E-01
     4.00                               6.913E+00   -3.508E+01   -6.821E-01   -3.487E-02   -9.478E-02   -3.535E-01    3.286E-01
     6.00                               6.937E+00   -3.520E+01   -6.899E-01    1.624E-02   -1.254E-01   -3.616E-01    3.826E-01
     8.00                               5.943E+00   -3.016E+01   -6.290E-01    7.134E-02   -1.646E-01   -3.698E-01    4.366E-01
    10.00                               4.305E+00   -2.185E+01   -4.895E-01    1.269E-01   -2.114E-01   -3.768E-01    4.774E-01
    12.00                               3.036E+00   -1.541E+01   -3.443E-01    1.788E-01   -2.565E-01   -3.821E-01    5.028E-01
    14.00                               2.024E+00   -1.027E+01   -1.932E-01    2.275E-01   -2.980E-01   -3.855E-01    5.144E-01
    16.00                               1.509E+00   -7.657E+00   -2.966E-02    2.626E-01   -3.249E-01   -3.866E-01    5.097E-01
 WARNING*** BODY ALONE DYNAMIC DERIVATIVE METHOD VALID FOR NOSE CYLINDER ONLY
            TAIL EFFECTS IGNORED]
1                               AUTOMATED STABILITY AND CONTROL METHODS PER APRIL 1976 VERSION OF DATCOM
                                         CHARACTERISTICS AT ANGLE OF ATTACK AND IN SIDESLIP
                                        WING-BODY-VERTICAL TAIL-HORIZONTAL TAIL CONFIGURATION
                                               B738 M050 CLEAN CRUISE FULL AIRCRAFT
 
 -----------------------  FLIGHT CONDITIONS  ------------------------           --------------  REFERENCE DIMENSIONS  ------------
  MACH    ALTITUDE   VELOCITY    PRESSURE    TEMPERATURE     REYNOLDS             REF.      REFERENCE LENGTH   MOMENT REF. CENTER
 NUMBER                                                       NUMBER              AREA       LONG.     LAT.     HORIZ      VERT
              M        M/SEC      N/ M**2       DEG K         1/ M                M**2         M         M         M         M
0 0.500   10668.00     148.29   2.3909E+04     218.924     3.9163E+06           124.583      3.958    34.315    17.000     0.000
0                                                               -------------------DERIVATIVE (PER RADIAN)-------------------
0 ALPHA     CD       CL       CM       CN       CA       XCP        CLA          CMA          CYB          CNB          CLB
0
   -6.0    0.031   -0.392    0.6846  -0.393   -0.011   -1.741    8.286E+00   -8.900E+00   -8.655E-01    1.722E-01   -1.537E-01
   -4.0    0.025   -0.101    0.3945  -0.103    0.017   -3.843    8.345E+00   -7.855E+00                             -1.812E-01
   -2.0    0.025    0.190    0.1363   0.189    0.032    0.719    8.487E+00   -6.796E+00                             -2.087E-01
    0.0    0.033    0.491   -0.0799   0.491    0.033   -0.163    8.731E+00   -5.712E+00                             -2.375E-01
    2.0    0.048    0.800   -0.2625   0.801    0.020   -0.328    8.910E+00   -4.861E+00                             -2.674E-01
    4.0    0.071    1.113   -0.4193   1.116   -0.007   -0.376    9.012E+00   -4.335E+00                             -2.981E-01
    6.0    0.102    1.429   -0.5652   1.432   -0.048   -0.395    9.073E+00   -3.705E+00                             -3.291E-01
    8.0    0.141    1.747   -0.6779   1.749   -0.104   -0.388    8.385E+00   -2.990E+00                             -3.603E-01
   10.0    0.178    2.015   -0.7739   2.015   -0.174   -0.384    6.767E+00   -2.854E+00                             -3.839E-01
   12.0    0.211    2.219   -0.8771   2.214   -0.255   -0.396    4.989E+00   -2.663E+00                             -3.983E-01
   14.0    0.235    2.363   -0.9598   2.350   -0.343   -0.408    3.046E+00   -1.899E+00                             -4.036E-01
   16.0    0.249    2.432   -1.0097   2.406   -0.431   -0.420    9.065E-01   -9.629E-01                             -3.983E-01
0                                    ALPHA     Q/QINF    EPSLON  D(EPSLON)/D(ALPHA)
0
                                     -6.0      1.000     -1.013        0.523
                                     -4.0      1.000      0.033        0.534
                                     -2.0      1.000      1.124        0.563
                                      0.0      1.000      2.285        0.590
                                      2.0      1.000      3.483        0.619
                                      4.0      1.000      4.763        0.654
                                      6.0      1.000      6.100        0.656
                                      8.0      1.000      7.388        0.562
                                     10.0      1.000      8.349        0.407
                                     12.0      1.000      9.018        0.287
                                     14.0      1.000      9.498        0.191
                                     16.0      1.000      9.784        0.143
1                               AUTOMATED STABILITY AND CONTROL METHODS PER APRIL 1976 VERSION OF DATCOM
                                                         DYNAMIC DERIVATIVES
                                        WING-BODY-VERTICAL TAIL-HORIZONTAL TAIL CONFIGURATION
                                               B738 M050 CLEAN CRUISE FULL AIRCRAFT
 
 -----------------------  FLIGHT CONDITIONS  ------------------------           --------------  REFERENCE DIMENSIONS  ------------
  MACH    ALTITUDE   VELOCITY    PRESSURE    TEMPERATURE     REYNOLDS             REF.      REFERENCE LENGTH   MOMENT REF. CENTER
 NUMBER                                                       NUMBER              AREA       LONG.     LAT.     HORIZ      VERT
              M        M/SEC      N/ M**2       DEG K         1/ M                M**2         M         M         M         M
0 0.500   10668.00     148.29   2.3909E+04     218.924     3.9163E+06           124.583      3.958    34.315    17.000     0.000
                                                    DYNAMIC DERIVATIVES (PER RADIAN)
0           -------PITCHING-------    -----ACCELERATION------    --------------ROLLING--------------    --------YAWING--------
0   ALPHA       CLQ          CMQ           CLAD         CMAD         CLP          CYP          CNP          CNR          CLR
0
    -6.00    2.797E+01   -6.422E+01     5.528E+00   -2.805E+01   -6.263E-01   -2.793E-01    5.023E-02   -3.137E-01    7.220E-02
    -4.00                               5.647E+00   -2.865E+01   -6.245E-01   -2.317E-01    2.188E-02   -3.216E-01    1.217E-01
    -2.00                               5.949E+00   -3.019E+01   -6.347E-01   -1.838E-01   -6.637E-03   -3.296E-01    1.711E-01
     0.00                               6.232E+00   -3.162E+01   -6.543E-01   -1.349E-01   -3.558E-02   -3.375E-01    2.223E-01
     2.00                               6.546E+00   -3.322E+01   -6.702E-01   -8.528E-02   -6.491E-02   -3.455E-01    2.750E-01
     4.00                               6.913E+00   -3.508E+01   -6.822E-01   -3.487E-02   -9.478E-02   -3.536E-01    3.286E-01
     6.00                               6.937E+00   -3.520E+01   -6.899E-01    1.624E-02   -1.254E-01   -3.617E-01    3.826E-01
     8.00                               5.943E+00   -3.016E+01   -6.290E-01    7.134E-02   -1.646E-01   -3.699E-01    4.366E-01
    10.00                               4.305E+00   -2.185E+01   -4.895E-01    1.269E-01   -2.114E-01   -3.769E-01    4.774E-01
    12.00                               3.036E+00   -1.541E+01   -3.443E-01    1.788E-01   -2.565E-01   -3.822E-01    5.028E-01
    14.00                               2.024E+00   -1.027E+01   -1.933E-01    2.275E-01   -2.980E-01   -3.856E-01    5.144E-01
    16.00                               1.509E+00   -7.657E+00   -2.970E-02    2.626E-01   -3.249E-01   -3.867E-01    5.097E-01
 WARNING*** BODY ALONE DYNAMIC DERIVATIVE METHOD VALID FOR NOSE CYLINDER ONLY
            TAIL EFFECTS IGNORED]
1                               AUTOMATED STABILITY AND CONTROL METHODS PER APRIL 1976 VERSION OF DATCOM
                                         CHARACTERISTICS AT ANGLE OF ATTACK AND IN SIDESLIP
                                        WING-BODY-VERTICAL TAIL-HORIZONTAL TAIL CONFIGURATION
                                               B738 M050 CLEAN CRUISE FULL AIRCRAFT
 
 -----------------------  FLIGHT CONDITIONS  ------------------------           --------------  REFERENCE DIMENSIONS  ------------
  MACH    ALTITUDE   VELOCITY    PRESSURE    TEMPERATURE     REYNOLDS             REF.      REFERENCE LENGTH   MOMENT REF. CENTER
 NUMBER                                                       NUMBER              AREA       LONG.     LAT.     HORIZ      VERT
              M        M/SEC      N/ M**2       DEG K         1/ M                M**2         M         M         M         M
0 0.500   11887.20     147.52   1.9746E+04     216.650     3.2799E+06           124.583      3.958    34.315    17.000     0.000
0                                                               -------------------DERIVATIVE (PER RADIAN)-------------------
0 ALPHA     CD       CL       CM       CN       CA       XCP        CLA          CMA          CYB          CNB          CLB
0
   -6.0    0.031   -0.392    0.6846  -0.393   -0.010   -1.741    8.286E+00   -8.898E+00   -8.655E-01    1.746E-01   -1.537E-01
   -4.0    0.025   -0.101    0.3945  -0.103    0.018   -3.842    8.345E+00   -7.855E+00                             -1.812E-01
   -2.0    0.026    0.190    0.1362   0.189    0.032    0.719    8.487E+00   -6.797E+00                             -2.087E-01
    0.0    0.033    0.491   -0.0800   0.491    0.033   -0.163    8.731E+00   -5.712E+00                             -2.375E-01
    2.0    0.049    0.800   -0.2626   0.801    0.021   -0.328    8.909E+00   -4.861E+00                             -2.674E-01
    4.0    0.072    1.113   -0.4194   1.116   -0.006   -0.376    9.012E+00   -4.336E+00                             -2.981E-01
    6.0    0.102    1.429   -0.5653   1.432   -0.048   -0.395    9.073E+00   -3.705E+00                             -3.291E-01
    8.0    0.141    1.747   -0.6780   1.749   -0.103   -0.388    8.385E+00   -2.990E+00                             -3.603E-01
   10.0    0.179    2.015   -0.7740   2.015   -0.174   -0.384    6.767E+00   -2.854E+00                             -3.839E-01
   12.0    0.211    2.219   -0.8773   2.215   -0.255   -0.396    4.989E+00   -2.663E+00                             -3.983E-01
   14.0    0.236    2.363   -0.9599   2.350   -0.343   -0.409    3.046E+00   -1.899E+00                             -4.036E-01
   16.0    0.250    2.432   -1.0099   2.406   -0.430   -0.420    9.063E-01   -9.630E-01                             -3.982E-01
0                                    ALPHA     Q/QINF    EPSLON  D(EPSLON)/D(ALPHA)
0
                                     -6.0      1.000     -1.013        0.523
                                     -4.0      1.000      0.033        0.534
                                     -2.0      1.000      1.124        0.563
                                      0.0      1.000      2.285        0.590
                                      2.0      1.000      3.483        0.619
                                      4.0      1.000      4.763        0.654
                                      6.0      1.000      6.100        0.656
                                      8.0      1.000      7.388        0.562
                                     10.0      1.000      8.349        0.407
                                     12.0      1.000      9.018        0.287
                                     14.0      1.000      9.498        0.191
                                     16.0      1.000      9.784        0.143
1                               AUTOMATED STABILITY AND CONTROL METHODS PER APRIL 1976 VERSION OF DATCOM
                                                         DYNAMIC DERIVATIVES
                                        WING-BODY-VERTICAL TAIL-HORIZONTAL TAIL CONFIGURATION
                                               B738 M050 CLEAN CRUISE FULL AIRCRAFT
 
 -----------------------  FLIGHT CONDITIONS  ------------------------           --------------  REFERENCE DIMENSIONS  ------------
  MACH    ALTITUDE   VELOCITY    PRESSURE    TEMPERATURE     REYNOLDS             REF.      REFERENCE LENGTH   MOMENT REF. CENTER
 NUMBER                                                       NUMBER              AREA       LONG.     LAT.     HORIZ      VERT
              M        M/SEC      N/ M**2       DEG K         1/ M                M**2         M         M         M         M
0 0.500   11887.20     147.52   1.9746E+04     216.650     3.2799E+06           124.583      3.958    34.315    17.000     0.000
                                                    DYNAMIC DERIVATIVES (PER RADIAN)
0           -------PITCHING-------    -----ACCELERATION------    --------------ROLLING--------------    --------YAWING--------
0   ALPHA       CLQ          CMQ           CLAD         CMAD         CLP          CYP          CNP          CNR          CLR
0
    -6.00    2.797E+01   -6.422E+01     5.528E+00   -2.805E+01   -6.263E-01   -2.793E-01    5.023E-02   -3.138E-01    7.220E-02
    -4.00                               5.647E+00   -2.865E+01   -6.246E-01   -2.317E-01    2.188E-02   -3.218E-01    1.217E-01
    -2.00                               5.949E+00   -3.019E+01   -6.348E-01   -1.838E-01   -6.636E-03   -3.297E-01    1.711E-01
     0.00                               6.232E+00   -3.162E+01   -6.543E-01   -1.349E-01   -3.558E-02   -3.376E-01    2.223E-01
     2.00                               6.546E+00   -3.322E+01   -6.703E-01   -8.528E-02   -6.491E-02   -3.456E-01    2.750E-01
     4.00                               6.913E+00   -3.508E+01   -6.822E-01   -3.487E-02   -9.478E-02   -3.537E-01    3.286E-01
     6.00                               6.937E+00   -3.520E+01   -6.900E-01    1.624E-02   -1.254E-01   -3.618E-01    3.826E-01
     8.00                               5.943E+00   -3.016E+01   -6.291E-01    7.134E-02   -1.646E-01   -3.700E-01    4.366E-01
    10.00                               4.305E+00   -2.185E+01   -4.895E-01    1.269E-01   -2.114E-01   -3.770E-01    4.774E-01
    12.00                               3.036E+00   -1.541E+01   -3.444E-01    1.788E-01   -2.565E-01   -3.823E-01    5.028E-01
    14.00                               2.024E+00   -1.027E+01   -1.933E-01    2.275E-01   -2.980E-01   -3.857E-01    5.144E-01
    16.00                               1.509E+00   -7.657E+00   -2.973E-02    2.626E-01   -3.249E-01   -3.868E-01    5.097E-01
 WARNING*** BODY ALONE DYNAMIC DERIVATIVE METHOD VALID FOR NOSE CYLINDER ONLY
            TAIL EFFECTS IGNORED]
1                               AUTOMATED STABILITY AND CONTROL METHODS PER APRIL 1976 VERSION OF DATCOM
                                         CHARACTERISTICS AT ANGLE OF ATTACK AND IN SIDESLIP
                                        WING-BODY-VERTICAL TAIL-HORIZONTAL TAIL CONFIGURATION
                                               B738 M050 CLEAN CRUISE FULL AIRCRAFT
 
 -----------------------  FLIGHT CONDITIONS  ------------------------           --------------  REFERENCE DIMENSIONS  ------------
  MACH    ALTITUDE   VELOCITY    PRESSURE    TEMPERATURE     REYNOLDS             REF.      REFERENCE LENGTH   MOMENT REF. CENTER
 NUMBER                                                       NUMBER              AREA       LONG.     LAT.     HORIZ      VERT
              M        M/SEC      N/ M**2       DEG K         1/ M                M**2         M         M         M         M
0 0.500   12496.80     147.52   1.7943E+04     216.650     2.9803E+06           124.583      3.958    34.315    17.000     0.000
0                                                               -------------------DERIVATIVE (PER RADIAN)-------------------
0 ALPHA     CD       CL       CM       CN       CA       XCP        CLA          CMA          CYB          CNB          CLB
0
   -6.0    0.031   -0.392    0.6846  -0.393   -0.010   -1.741    8.286E+00   -8.897E+00   -8.655E-01    1.759E-01   -1.537E-01
   -4.0    0.025   -0.101    0.3945  -0.103    0.018   -3.841    8.345E+00   -7.855E+00                             -1.812E-01
   -2.0    0.026    0.190    0.1362   0.189    0.033    0.719    8.487E+00   -6.797E+00                             -2.087E-01
    0.0    0.034    0.491   -0.0800   0.491    0.034   -0.163    8.731E+00   -5.712E+00                             -2.375E-01
    2.0    0.049    0.800   -0.2626   0.801    0.021   -0.328    8.909E+00   -4.861E+00                             -2.674E-01
    4.0    0.072    1.113   -0.4194   1.116   -0.006   -0.376    9.012E+00   -4.336E+00                             -2.981E-01
    6.0    0.103    1.429   -0.5653   1.432   -0.047   -0.395    9.073E+00   -3.705E+00                             -3.291E-01
    8.0    0.141    1.747   -0.6781   1.749   -0.103   -0.388    8.385E+00   -2.990E+00                             -3.603E-01
   10.0    0.179    2.015   -0.7740   2.015   -0.173   -0.384    6.767E+00   -2.854E+00                             -3.839E-01
   12.0    0.211    2.219   -0.8773   2.215   -0.255   -0.396    4.989E+00   -2.663E+00                             -3.983E-01
   14.0    0.236    2.363   -0.9600   2.350   -0.342   -0.409    3.046E+00   -1.899E+00                             -4.036E-01
   16.0    0.250    2.432   -1.0099   2.406   -0.430   -0.420    9.062E-01   -9.631E-01                             -3.982E-01
0                                    ALPHA     Q/QINF    EPSLON  D(EPSLON)/D(ALPHA)
0
                                     -6.0      1.000     -1.013        0.523
                                     -4.0      1.000      0.033        0.534
                                     -2.0      1.000      1.124        0.563
                                      0.0      1.000      2.285        0.590
                                      2.0      1.000      3.483        0.619
                                      4.0      1.000      4.763        0.654
                                      6.0      1.000      6.100        0.656
                                      8.0      1.000      7.388        0.562
                                     10.0      1.000      8.349        0.407
                                     12.0      1.000      9.018        0.287
                                     14.0      1.000      9.498        0.191
                                     16.0      1.000      9.784        0.143
1                               AUTOMATED STABILITY AND CONTROL METHODS PER APRIL 1976 VERSION OF DATCOM
                                                         DYNAMIC DERIVATIVES
                                        WING-BODY-VERTICAL TAIL-HORIZONTAL TAIL CONFIGURATION
                                               B738 M050 CLEAN CRUISE FULL AIRCRAFT
 
 -----------------------  FLIGHT CONDITIONS  ------------------------           --------------  REFERENCE DIMENSIONS  ------------
  MACH    ALTITUDE   VELOCITY    PRESSURE    TEMPERATURE     REYNOLDS             REF.      REFERENCE LENGTH   MOMENT REF. CENTER
 NUMBER                                                       NUMBER              AREA       LONG.     LAT.     HORIZ      VERT
              M        M/SEC      N/ M**2       DEG K         1/ M                M**2         M         M         M         M
0 0.500   12496.80     147.52   1.7943E+04     216.650     2.9803E+06           124.583      3.958    34.315    17.000     0.000
                                                    DYNAMIC DERIVATIVES (PER RADIAN)
0           -------PITCHING-------    -----ACCELERATION------    --------------ROLLING--------------    --------YAWING--------
0   ALPHA       CLQ          CMQ           CLAD         CMAD         CLP          CYP          CNP          CNR          CLR
0
    -6.00    2.797E+01   -6.422E+01     5.528E+00   -2.805E+01   -6.263E-01   -2.793E-01    5.023E-02   -3.139E-01    7.220E-02
    -4.00                               5.647E+00   -2.865E+01   -6.246E-01   -2.317E-01    2.188E-02   -3.218E-01    1.217E-01
    -2.00                               5.949E+00   -3.019E+01   -6.348E-01   -1.838E-01   -6.636E-03   -3.298E-01    1.711E-01
     0.00                               6.232E+00   -3.162E+01   -6.544E-01   -1.349E-01   -3.558E-02   -3.377E-01    2.223E-01
     2.00                               6.546E+00   -3.322E+01   -6.703E-01   -8.528E-02   -6.491E-02   -3.457E-01    2.750E-01
     4.00                               6.913E+00   -3.508E+01   -6.822E-01   -3.487E-02   -9.478E-02   -3.538E-01    3.286E-01
     6.00                               6.937E+00   -3.520E+01   -6.900E-01    1.624E-02   -1.254E-01   -3.619E-01    3.826E-01
     8.00                               5.943E+00   -3.016E+01   -6.291E-01    7.134E-02   -1.646E-01   -3.701E-01    4.366E-01
    10.00                               4.305E+00   -2.185E+01   -4.896E-01    1.269E-01   -2.114E-01   -3.771E-01    4.774E-01
    12.00                               3.036E+00   -1.541E+01   -3.444E-01    1.788E-01   -2.565E-01   -3.824E-01    5.028E-01
    14.00                               2.024E+00   -1.027E+01   -1.933E-01    2.275E-01   -2.980E-01   -3.858E-01    5.144E-01
    16.00                               1.509E+00   -7.657E+00   -2.975E-02    2.626E-01   -3.249E-01   -3.869E-01    5.097E-01
 Return to main program from M57O71
1          THE FOLLOWING IS A LIST OF ALL INPUT CARDS FOR THIS CASE.
0
 CASEID B738 M050 ELEVATOR FULL AIRCRAFT                                         
 DIM M                                                                           
 DERIV RAD                                                                       
  $FLTCON                                                                        
   LOOP=3.0,                                                                     
   NMACH=1.0,                                                                    
   MACH(1)=0.50,                                                                 
   NALT=10.0,                                                                    
   ALT(1)=0.0,1524.0,3048.0,4572.0,6096.0,                                       
   ALT(6)=7620.0,9144.0,10668.0,11887.2,12496.8,                                 
   NALPHA=12.0,                                                                  
   ALSCHD(1)=-6.0,-4.0,-2.0,0.0,2.0,4.0,                                         
   ALSCHD(7)=6.0,8.0,10.0,12.0,14.0,16.0$                                        
  $OPTINS                                                                        
   SREF=124.583,CBARR=3.9576,BLREF=34.3154$                                      
  $SYNTHS                                                                        
   XCG=17.000,ZCG=0.000,XW=13.610,ZW=-1.270,ALIW=1.000,                          
   XH=33.800,ZH=1.890,ALIH=0.000,XV=32.130,ZV=2.320,                             
   SCALE=1.000,VERTUP=.TRUE.$                                                    
  $BODY                                                                          
   NX=15.0,BNOSE=2.0,BTAIL=2.0,BLA=20.0,                                         
   X(1)=0.0000,0.4206,1.4722,2.1031,2.7341,                                      
   X(6)=4.2062,8.4125,16.8250,27.2796,30.4495,                                   
   X(11)=31.4858,33.5890,35.6921,37.7952,38.0086,                                
   ZU(1)=0.2103,0.6309,1.0516,1.3350,1.7892,                                     
   ZU(6)=2.1031,2.5237,2.5237,2.5237,2.5237,                                     
   ZU(11)=2.5237,2.4201,2.3134,2.2860,2.1031,                                    
   ZL(1)=-0.1067,-0.5273,-1.0516,-1.1582,-1.2619,                                
   ZL(6)=-1.3686,-1.4722,-1.4722,-1.4722,-1.0516,                                
   ZL(11)=-0.8412,-0.2469,0.3170,1.2619,1.8928,                                  
   S(1)=0.0511,0.7646,2.6840,4.1165,6.0443,                                      
   S(6)=8.6056,11.8739,11.8739,11.8739,10.0437,                                  
   S(11)=8.8890,5.2843,2.6375,0.3382,0.0102$                                     
  $WGPLNF                                                                        
   CHRDR=7.8770,CHRDBP=5.7117,CHRDTP=1.2510,                                     
   SSPN=17.1577,SSPNE=15.2800,SSPNOP=0.7750,                                     
   SAVSI=25.020,SAVSO=25.020,CHSTAT=0.250,TWISTA=0.000,                          
   DHDADI=6.000,DHDADO=6.000,TYPE=1.000$                                         
 NACA-W-6-64A412                                                                 
  $VTPLNF                                                                        
   CHRDR=5.8074,CHRDTP=1.5748,SSPN=7.1628,SSPNE=6.4000,                          
   SAVSI=35.000,CHSTAT=0.250,TWISTA=0.000,TYPE=1.000$                            
 NACA-V-4-0012                                                                   
  $HTPLNF                                                                        
   CHRDR=3.7980,CHRDTP=0.7710,SSPN=7.1750,SSPNE=5.3000,                          
   SAVSI=30.000,CHSTAT=0.250,TWISTA=0.000,DHDADI=7.000,                          
   TYPE=1.000$                                                                   
 NACA-H-4-0012                                                                   
  $SYMFLP                                                                        
   FTYPE=1.0,                                                                    
   NTYPE=1.0,                                                                    
   SPANFI=1.8750,                                                                
   SPANFO=6.8000,                                                                
   CHRDFI=0.9500,                                                                
   CHRDFO=0.3000,                                                                
   NDELTA=9.0,                                                                   
   DELTA(1)=-25.0,-20.0,-10.0,-5.0,0.0,                                          
   DELTA(6)=5.0,10.0,15.0,25.0$                                                  
 NEXT CASE                                                                       
0 INPUT DIMENSIONS ARE IN M , SCALE FACTOR IS 1.0000

 Return to main program from M01O01
1                             AUTOMATED STABILITY AND CONTROL METHODS PER APRIL 1976 VERSION OF DATCOM   
                                                        WING SECTION DEFINITION
0                                 IDEAL ANGLE OF ATTACK =   0.00000 DEG.

                              ZERO LIFT ANGLE OF ATTACK =  -3.09312 DEG.

                                 IDEAL LIFT COEFFICIENT =   0.40000

                  ZERO LIFT PITCHING MOMENT COEFFICIENT =  -0.08720

                             MACH ZERO LIFT-CURVE-SLOPE =   0.09654 /DEG.

                                    LEADING EDGE RADIUS =   0.00993 FRACTION CHORD

                              MAXIMUM AIRFOIL THICKNESS =   0.12000 FRACTION CHORD

                                                DELTA-Y =   2.46808 PERCENT CHORD


0                         MACH= 0.5000 LIFT-CURVE-SLOPE =   0.10841 /DEG.      XAC =   0.26880
1                             AUTOMATED STABILITY AND CONTROL METHODS PER APRIL 1976 VERSION OF DATCOM   
                                                   HORIZONTAL TAIL SECTION DEFINITION
0                                 IDEAL ANGLE OF ATTACK =   0.00000 DEG.

                              ZERO LIFT ANGLE OF ATTACK =   0.00000 DEG.

                                 IDEAL LIFT COEFFICIENT =   0.00000

                  ZERO LIFT PITCHING MOMENT COEFFICIENT =   0.00000

                             MACH ZERO LIFT-CURVE-SLOPE =   0.09596 /DEG.

                                    LEADING EDGE RADIUS =   0.01587 FRACTION CHORD

                              MAXIMUM AIRFOIL THICKNESS =   0.12000 FRACTION CHORD

                                                DELTA-Y =   3.16898 PERCENT CHORD


0                         MACH= 0.5000 LIFT-CURVE-SLOPE =   0.10855 /DEG.      XAC =   0.26074
1                             AUTOMATED STABILITY AND CONTROL METHODS PER APRIL 1976 VERSION OF DATCOM   
                                                    VERTICAL TAIL SECTION DEFINITION
0                                 IDEAL ANGLE OF ATTACK =   0.00000 DEG.

                              ZERO LIFT ANGLE OF ATTACK =   0.00000 DEG.

                                 IDEAL LIFT COEFFICIENT =   0.00000

                  ZERO LIFT PITCHING MOMENT COEFFICIENT =   0.00000

                             MACH ZERO LIFT-CURVE-SLOPE =   0.09596 /DEG.

                                    LEADING EDGE RADIUS =   0.01587 FRACTION CHORD

                              MAXIMUM AIRFOIL THICKNESS =   0.12000 FRACTION CHORD

                                                DELTA-Y =   3.16898 PERCENT CHORD


0                         MACH= 0.5000 LIFT-CURVE-SLOPE =   0.10855 /DEG.      XAC =   0.26074
 Return to main program from M50O62
 Return to main program from M02O02
 Return to main program from M51O63
1                               AUTOMATED STABILITY AND CONTROL METHODS PER APRIL 1976 VERSION OF DATCOM
                                         CHARACTERISTICS AT ANGLE OF ATTACK AND IN SIDESLIP
                                        WING-BODY-VERTICAL TAIL-HORIZONTAL TAIL CONFIGURATION
                                                 B738 M050 ELEVATOR FULL AIRCRAFT
 
 -----------------------  FLIGHT CONDITIONS  ------------------------           --------------  REFERENCE DIMENSIONS  ------------
  MACH    ALTITUDE   VELOCITY    PRESSURE    TEMPERATURE     REYNOLDS             REF.      REFERENCE LENGTH   MOMENT REF. CENTER
 NUMBER                                                       NUMBER              AREA       LONG.     LAT.     HORIZ      VERT
              M        M/SEC      N/ M**2       DEG K         1/ M                M**2         M         M         M         M
0 0.500       0.00     170.13   1.0133E+05     288.150     1.1595E+07           124.583      3.958    34.315    17.000     0.000
0                                                               -------------------DERIVATIVE (PER RADIAN)-------------------
0 ALPHA     CD       CL       CM       CN       CA       XCP        CLA          CMA          CYB          CNB          CLB
0
   -6.0    0.028   -0.392    0.6850  -0.393   -0.013   -1.743    8.287E+00   -8.910E+00   -8.655E-01    1.574E-01   -1.537E-01
   -4.0    0.022   -0.101    0.3947  -0.103    0.015   -3.849    8.346E+00   -7.854E+00                             -1.812E-01
   -2.0    0.023    0.190    0.1366   0.190    0.029    0.721    8.488E+00   -6.792E+00                             -2.087E-01
    0.0    0.030    0.491   -0.0795   0.491    0.030   -0.162    8.732E+00   -5.711E+00                             -2.375E-01
    2.0    0.045    0.800   -0.2620   0.801    0.017   -0.327    8.910E+00   -4.860E+00                             -2.674E-01
    4.0    0.068    1.113   -0.4188   1.115   -0.010   -0.375    9.013E+00   -4.334E+00                             -2.981E-01
    6.0    0.099    1.429   -0.5646   1.432   -0.051   -0.394    9.074E+00   -3.704E+00                             -3.291E-01
    8.0    0.138    1.747   -0.6774   1.749   -0.107   -0.387    8.386E+00   -2.989E+00                             -3.603E-01
   10.0    0.176    2.015   -0.7733   2.015   -0.177   -0.384    6.768E+00   -2.853E+00                             -3.839E-01
   12.0    0.208    2.219   -0.8765   2.214   -0.258   -0.396    4.990E+00   -2.662E+00                             -3.983E-01
   14.0    0.233    2.363   -0.9591   2.349   -0.346   -0.408    3.047E+00   -1.898E+00                             -4.037E-01
   16.0    0.246    2.432   -1.0091   2.406   -0.433   -0.419    9.073E-01   -9.620E-01                             -3.983E-01
0                                    ALPHA     Q/QINF    EPSLON  D(EPSLON)/D(ALPHA)
0
                                     -6.0      1.000     -1.013        0.523
                                     -4.0      1.000      0.033        0.534
                                     -2.0      1.000      1.124        0.563
                                      0.0      1.000      2.285        0.590
                                      2.0      1.000      3.483        0.619
                                      4.0      1.000      4.763        0.654
                                      6.0      1.000      6.100        0.656
                                      8.0      1.000      7.388        0.562
                                     10.0      1.000      8.349        0.407
                                     12.0      1.000      9.018        0.287
                                     14.0      1.000      9.498        0.191
                                     16.0      1.000      9.784        0.143
1                            AUTOMATED STABILITY AND CONTROL METHODS PER APRIL 1976 VERSION OF DATCOM
                                         CHARACTERISTICS OF HIGH LIFT AND CONTROL DEVICES
                                            TAIL PLAIN TRAILING-EDGE FLAP CONFIGURATION
                                                 B738 M050 ELEVATOR FULL AIRCRAFT
 -----------------------  FLIGHT CONDITIONS  ------------------------           --------------  REFERENCE DIMENSIONS  ------------
  MACH    ALTITUDE   VELOCITY    PRESSURE    TEMPERATURE     REYNOLDS             REF.      REFERENCE LENGTH   MOMENT REF. CENTER
 NUMBER                                                       NUMBER              AREA       LONG.     LAT.     HORIZ      VERT
              M        M/SEC      N/ M**2       DEG K         1/ M                M**2         M         M         M         M
0 0.500       0.00     170.13   4.4198E+01     933.606     1.0772E+06           124.583      3.958    34.315    17.000     0.000
0            ---------INCREMENTS DUE TO DEFLECTION---------              ---DERIVATIVES (PER DEGREE)---
0     DELTA     D(CL)     D(CM)    D(CL MAX)    D(CD MIN)                (CLA)D     (CH)A       (CH)D


      -25.0    -0.083     0.4418     0.086      0.00662                  NDM      -7.077E-03  -1.356E-02
      -20.0    -0.079     0.4201     0.073      0.00450                  NDM                  -1.328E-02
      -10.0    -0.050     0.2650     0.042      0.00144                  NDM                  -1.283E-02
       -5.0    -0.025     0.1325     0.022      0.00065                  NDM                  -1.283E-02
        0.0     0.000    -0.0003     0.000      0.00000                  NDM                  -1.283E-02
        5.0     0.025    -0.1325     0.022      0.00065                  NDM                  -1.283E-02
       10.0     0.050    -0.2650     0.042      0.00144                  NDM                  -1.283E-02
       15.0     0.073    -0.3856     0.059      0.00302                  NDM                  -1.289E-02
       25.0     0.083    -0.4420     0.086      0.00662                  NDM                  -1.356E-02
0  *** NOTE * HINGE MOMENT DERIVATIVES ARE BASED ON TWICE THE AREA-MOMENT OF THE CONTROL ABOUT ITS HINGE LINE

0            --------- INDUCED DRAG COEFFICIENT INCREMENT , D(CDI) , DUE TO DEFLECTION ---------
0       DELTA = -25.0     -20.0     -10.0      -5.0       0.0       5.0      10.0      15.0      25.0
   ALPHA
0
    -6.0        4.68E-03  4.31E-03  2.03E-03  7.20E-04 -8.46E-07 -1.27E-04  3.38E-04  1.28E-03  1.86E-03
    -4.0        3.98E-03  3.64E-03  1.61E-03  5.10E-04 -4.26E-07  8.28E-05  7.59E-04  1.89E-03  2.56E-03
    -2.0        3.31E-03  3.01E-03  1.21E-03  3.10E-04 -2.60E-08  2.83E-04  1.16E-03  2.47E-03  3.22E-03
     0.0        2.70E-03  2.43E-03  8.44E-04  1.25E-04  3.44E-07  4.68E-04  1.53E-03  3.01E-03  3.84E-03
     2.0        2.11E-03  1.87E-03  4.90E-04 -5.13E-05  6.97E-07  6.44E-04  1.88E-03  3.53E-03  4.42E-03
     4.0        1.59E-03  1.37E-03  1.73E-04 -2.10E-04  1.01E-06  8.03E-04  2.20E-03  3.99E-03  4.95E-03
     6.0        1.10E-03  9.03E-04 -1.19E-04 -3.56E-04  1.31E-06  9.49E-04  2.49E-03  4.41E-03  5.44E-03
     8.0        5.83E-04  4.08E-04 -4.32E-04 -5.13E-04  1.62E-06  1.11E-03  2.80E-03  4.87E-03  5.96E-03
    10.0       -1.78E-04 -3.16E-04 -8.90E-04 -7.42E-04  2.08E-06  1.33E-03  3.26E-03  5.54E-03  6.72E-03
    12.0       -1.15E-03 -1.24E-03 -1.48E-03 -1.03E-03  2.66E-06  1.63E-03  3.85E-03  6.39E-03  7.69E-03
    14.0       -2.26E-03 -2.30E-03 -2.15E-03 -1.37E-03  3.33E-06  1.96E-03  4.52E-03  7.37E-03  8.80E-03
    16.0       -3.52E-03 -3.50E-03 -2.90E-03 -1.75E-03  4.09E-06  2.34E-03  5.27E-03  8.46E-03  1.01E-02
0***NDM PRINTED WHEN NO DATCOM METHODS EXIST
1                               AUTOMATED STABILITY AND CONTROL METHODS PER APRIL 1976 VERSION OF DATCOM
                                         CHARACTERISTICS AT ANGLE OF ATTACK AND IN SIDESLIP
                                        WING-BODY-VERTICAL TAIL-HORIZONTAL TAIL CONFIGURATION
                                                 B738 M050 ELEVATOR FULL AIRCRAFT
 
 -----------------------  FLIGHT CONDITIONS  ------------------------           --------------  REFERENCE DIMENSIONS  ------------
  MACH    ALTITUDE   VELOCITY    PRESSURE    TEMPERATURE     REYNOLDS             REF.      REFERENCE LENGTH   MOMENT REF. CENTER
 NUMBER                                                       NUMBER              AREA       LONG.     LAT.     HORIZ      VERT
              M        M/SEC      N/ M**2       DEG K         1/ M                M**2         M         M         M         M
0 0.500    1524.00     167.18   8.4311E+04     278.246     1.0090E+07           124.583      3.958    34.315    17.000     0.000
0                                                               -------------------DERIVATIVE (PER RADIAN)-------------------
0 ALPHA     CD       CL       CM       CN       CA       XCP        CLA          CMA          CYB          CNB          CLB
0
   -6.0    0.028   -0.392    0.6849  -0.393   -0.013   -1.743    8.287E+00   -8.909E+00   -8.655E-01    1.593E-01   -1.537E-01
   -4.0    0.022   -0.101    0.3946  -0.103    0.015   -3.849    8.346E+00   -7.854E+00                             -1.812E-01
   -2.0    0.023    0.190    0.1366   0.190    0.030    0.721    8.488E+00   -6.792E+00                             -2.087E-01
    0.0    0.030    0.491   -0.0796   0.491    0.030   -0.162    8.732E+00   -5.711E+00                             -2.375E-01
    2.0    0.046    0.800   -0.2621   0.801    0.018   -0.327    8.910E+00   -4.860E+00                             -2.674E-01
    4.0    0.069    1.113   -0.4189   1.115   -0.009   -0.376    9.013E+00   -4.334E+00                             -2.981E-01
    6.0    0.099    1.429   -0.5647   1.432   -0.051   -0.394    9.074E+00   -3.704E+00                             -3.291E-01
    8.0    0.138    1.747   -0.6774   1.749   -0.106   -0.387    8.386E+00   -2.989E+00                             -3.603E-01
   10.0    0.176    2.015   -0.7734   2.015   -0.177   -0.384    6.768E+00   -2.853E+00                             -3.839E-01
   12.0    0.208    2.219   -0.8766   2.214   -0.258   -0.396    4.990E+00   -2.662E+00                             -3.983E-01
   14.0    0.233    2.363   -0.9592   2.349   -0.346   -0.408    3.047E+00   -1.898E+00                             -4.037E-01
   16.0    0.247    2.432   -1.0091   2.406   -0.433   -0.419    9.072E-01   -9.620E-01                             -3.983E-01
0                                    ALPHA     Q/QINF    EPSLON  D(EPSLON)/D(ALPHA)
0
                                     -6.0      1.000     -1.013        0.523
                                     -4.0      1.000      0.033        0.534
                                     -2.0      1.000      1.124        0.563
                                      0.0      1.000      2.285        0.590
                                      2.0      1.000      3.483        0.619
                                      4.0      1.000      4.763        0.654
                                      6.0      1.000      6.100        0.656
                                      8.0      1.000      7.388        0.562
                                     10.0      1.000      8.349        0.407
                                     12.0      1.000      9.018        0.287
                                     14.0      1.000      9.498        0.191
                                     16.0      1.000      9.784        0.143
1                            AUTOMATED STABILITY AND CONTROL METHODS PER APRIL 1976 VERSION OF DATCOM
                                         CHARACTERISTICS OF HIGH LIFT AND CONTROL DEVICES
                                            TAIL PLAIN TRAILING-EDGE FLAP CONFIGURATION
                                                 B738 M050 ELEVATOR FULL AIRCRAFT
 -----------------------  FLIGHT CONDITIONS  ------------------------           --------------  REFERENCE DIMENSIONS  ------------
  MACH    ALTITUDE   VELOCITY    PRESSURE    TEMPERATURE     REYNOLDS             REF.      REFERENCE LENGTH   MOMENT REF. CENTER
 NUMBER                                                       NUMBER              AREA       LONG.     LAT.     HORIZ      VERT
              M        M/SEC      N/ M**2       DEG K         1/ M                M**2         M         M         M         M
0 0.500    1524.00     167.18   3.6776E+01     901.518     9.3736E+05           124.583      3.958    34.315    17.000     0.000
0            ---------INCREMENTS DUE TO DEFLECTION---------              ---DERIVATIVES (PER DEGREE)---
0     DELTA     D(CL)     D(CM)    D(CL MAX)    D(CD MIN)                (CLA)D     (CH)A       (CH)D


      -25.0    -0.083     0.4415     0.086      0.00661                  NDM      -7.082E-03  -1.357E-02
      -20.0    -0.079     0.4201     0.073      0.00450                  NDM                  -1.330E-02
      -10.0    -0.050     0.2650     0.042      0.00144                  NDM                  -1.284E-02
       -5.0    -0.025     0.1325     0.022      0.00065                  NDM                  -1.284E-02
        0.0     0.000    -0.0003     0.000      0.00000                  NDM                  -1.284E-02
        5.0     0.025    -0.1325     0.022      0.00065                  NDM                  -1.284E-02
       10.0     0.050    -0.2650     0.042      0.00144                  NDM                  -1.284E-02
       15.0     0.073    -0.3856     0.059      0.00302                  NDM                  -1.291E-02
       25.0     0.083    -0.4419     0.086      0.00661                  NDM                  -1.357E-02
0  *** NOTE * HINGE MOMENT DERIVATIVES ARE BASED ON TWICE THE AREA-MOMENT OF THE CONTROL ABOUT ITS HINGE LINE

0            --------- INDUCED DRAG COEFFICIENT INCREMENT , D(CDI) , DUE TO DEFLECTION ---------
0       DELTA = -25.0     -20.0     -10.0      -5.0       0.0       5.0      10.0      15.0      25.0
   ALPHA
0
    -6.0        4.66E-03  4.30E-03  2.03E-03  7.19E-04 -8.45E-07 -1.28E-04  3.36E-04  1.27E-03  1.85E-03
    -4.0        3.97E-03  3.63E-03  1.61E-03  5.09E-04 -4.26E-07  8.22E-05  7.56E-04  1.89E-03  2.55E-03
    -2.0        3.30E-03  3.00E-03  1.21E-03  3.09E-04 -2.60E-08  2.82E-04  1.16E-03  2.47E-03  3.21E-03
     0.0        2.69E-03  2.42E-03  8.40E-04  1.25E-04  3.43E-07  4.67E-04  1.52E-03  3.00E-03  3.83E-03
     2.0        2.11E-03  1.86E-03  4.88E-04 -5.17E-05  6.96E-07  6.43E-04  1.88E-03  3.52E-03  4.41E-03
     4.0        1.58E-03  1.36E-03  1.71E-04 -2.10E-04  1.01E-06  8.01E-04  2.19E-03  3.98E-03  4.94E-03
     6.0        1.10E-03  8.97E-04 -1.21E-04 -3.56E-04  1.30E-06  9.47E-04  2.49E-03  4.40E-03  5.42E-03
     8.0        5.77E-04  4.03E-04 -4.33E-04 -5.12E-04  1.62E-06  1.10E-03  2.80E-03  4.86E-03  5.94E-03
    10.0       -1.82E-04 -3.20E-04 -8.91E-04 -7.41E-04  2.07E-06  1.33E-03  3.26E-03  5.52E-03  6.70E-03
    12.0       -1.15E-03 -1.25E-03 -1.48E-03 -1.03E-03  2.66E-06  1.62E-03  3.84E-03  6.38E-03  7.67E-03
    14.0       -2.26E-03 -2.30E-03 -2.14E-03 -1.37E-03  3.33E-06  1.96E-03  4.51E-03  7.35E-03  8.78E-03
    16.0       -3.52E-03 -3.50E-03 -2.90E-03 -1.74E-03  4.08E-06  2.34E-03  5.26E-03  8.45E-03  1.00E-02
0***NDM PRINTED WHEN NO DATCOM METHODS EXIST
1                               AUTOMATED STABILITY AND CONTROL METHODS PER APRIL 1976 VERSION OF DATCOM
                                         CHARACTERISTICS AT ANGLE OF ATTACK AND IN SIDESLIP
                                        WING-BODY-VERTICAL TAIL-HORIZONTAL TAIL CONFIGURATION
                                                 B738 M050 ELEVATOR FULL AIRCRAFT
 
 -----------------------  FLIGHT CONDITIONS  ------------------------           --------------  REFERENCE DIMENSIONS  ------------
  MACH    ALTITUDE   VELOCITY    PRESSURE    TEMPERATURE     REYNOLDS             REF.      REFERENCE LENGTH   MOMENT REF. CENTER
 NUMBER                                                       NUMBER              AREA       LONG.     LAT.     HORIZ      VERT
              M        M/SEC      N/ M**2       DEG K         1/ M                M**2         M         M         M         M
0 0.500    3048.00     164.18   6.9695E+04     268.347     8.7388E+06           124.583      3.958    34.315    17.000     0.000
0                                                               -------------------DERIVATIVE (PER RADIAN)-------------------
0 ALPHA     CD       CL       CM       CN       CA       XCP        CLA          CMA          CYB          CNB          CLB
0
   -6.0    0.028   -0.392    0.6849  -0.393   -0.013   -1.743    8.287E+00   -8.908E+00   -8.655E-01    1.613E-01   -1.537E-01
   -4.0    0.022   -0.101    0.3946  -0.103    0.015   -3.848    8.346E+00   -7.854E+00                             -1.812E-01
   -2.0    0.023    0.190    0.1365   0.190    0.030    0.721    8.487E+00   -6.793E+00                             -2.087E-01
    0.0    0.031    0.491   -0.0796   0.491    0.031   -0.162    8.732E+00   -5.711E+00                             -2.375E-01
    2.0    0.046    0.800   -0.2622   0.801    0.018   -0.327    8.910E+00   -4.860E+00                             -2.674E-01
    4.0    0.069    1.113   -0.4189   1.115   -0.009   -0.376    9.013E+00   -4.335E+00                             -2.981E-01
    6.0    0.100    1.429   -0.5648   1.432   -0.050   -0.394    9.074E+00   -3.704E+00                             -3.291E-01
    8.0    0.138    1.747   -0.6775   1.749   -0.106   -0.387    8.386E+00   -2.989E+00                             -3.603E-01
   10.0    0.176    2.015   -0.7734   2.015   -0.176   -0.384    6.768E+00   -2.853E+00                             -3.839E-01
   12.0    0.209    2.219   -0.8767   2.214   -0.257   -0.396    4.990E+00   -2.662E+00                             -3.983E-01
   14.0    0.233    2.363   -0.9593   2.349   -0.345   -0.408    3.047E+00   -1.899E+00                             -4.037E-01
   16.0    0.247    2.432   -1.0092   2.406   -0.433   -0.419    9.071E-01   -9.622E-01                             -3.983E-01
0                                    ALPHA     Q/QINF    EPSLON  D(EPSLON)/D(ALPHA)
0
                                     -6.0      1.000     -1.013        0.523
                                     -4.0      1.000      0.033        0.534
                                     -2.0      1.000      1.124        0.563
                                      0.0      1.000      2.285        0.590
                                      2.0      1.000      3.483        0.619
                                      4.0      1.000      4.763        0.654
                                      6.0      1.000      6.100        0.656
                                      8.0      1.000      7.388        0.562
                                     10.0      1.000      8.349        0.407
                                     12.0      1.000      9.018        0.287
                                     14.0      1.000      9.498        0.191
                                     16.0      1.000      9.784        0.143
1                            AUTOMATED STABILITY AND CONTROL METHODS PER APRIL 1976 VERSION OF DATCOM
                                         CHARACTERISTICS OF HIGH LIFT AND CONTROL DEVICES
                                            TAIL PLAIN TRAILING-EDGE FLAP CONFIGURATION
                                                 B738 M050 ELEVATOR FULL AIRCRAFT
 -----------------------  FLIGHT CONDITIONS  ------------------------           --------------  REFERENCE DIMENSIONS  ------------
  MACH    ALTITUDE   VELOCITY    PRESSURE    TEMPERATURE     REYNOLDS             REF.      REFERENCE LENGTH   MOMENT REF. CENTER
 NUMBER                                                       NUMBER              AREA       LONG.     LAT.     HORIZ      VERT
              M        M/SEC      N/ M**2       DEG K         1/ M                M**2         M         M         M         M
0 0.500    3048.00     164.18   3.0401E+01     869.445     8.1186E+05           124.583      3.958    34.315    17.000     0.000
0            ---------INCREMENTS DUE TO DEFLECTION---------              ---DERIVATIVES (PER DEGREE)---
0     DELTA     D(CL)     D(CM)    D(CL MAX)    D(CD MIN)                (CLA)D     (CH)A       (CH)D


      -25.0    -0.083     0.4362     0.086      0.00661                  NDM      -7.087E-03  -1.358E-02
      -20.0    -0.079     0.4151     0.073      0.00450                  NDM                  -1.331E-02
      -10.0    -0.050     0.2618     0.042      0.00143                  NDM                  -1.286E-02
       -5.0    -0.025     0.1309     0.022      0.00065                  NDM                  -1.286E-02
        0.0     0.000    -0.0003     0.000      0.00000                  NDM                  -1.286E-02
        5.0     0.025    -0.1309     0.022      0.00065                  NDM                  -1.286E-02
       10.0     0.050    -0.2618     0.042      0.00143                  NDM                  -1.286E-02
       15.0     0.073    -0.3810     0.059      0.00302                  NDM                  -1.292E-02
       25.0     0.083    -0.4367     0.086      0.00661                  NDM                  -1.358E-02
0  *** NOTE * HINGE MOMENT DERIVATIVES ARE BASED ON TWICE THE AREA-MOMENT OF THE CONTROL ABOUT ITS HINGE LINE

0            --------- INDUCED DRAG COEFFICIENT INCREMENT , D(CDI) , DUE TO DEFLECTION ---------
0       DELTA = -25.0     -20.0     -10.0      -5.0       0.0       5.0      10.0      15.0      25.0
   ALPHA
0
    -6.0        4.65E-03  4.29E-03  2.02E-03  7.17E-04 -8.44E-07 -1.28E-04  3.34E-04  1.27E-03  1.85E-03
    -4.0        3.96E-03  3.62E-03  1.60E-03  5.08E-04 -4.25E-07  8.16E-05  7.53E-04  1.88E-03  2.54E-03
    -2.0        3.29E-03  2.99E-03  1.21E-03  3.08E-04 -2.60E-08  2.81E-04  1.15E-03  2.46E-03  3.20E-03
     0.0        2.68E-03  2.41E-03  8.37E-04  1.24E-04  3.43E-07  4.65E-04  1.52E-03  3.00E-03  3.82E-03
     2.0        2.10E-03  1.85E-03  4.85E-04 -5.21E-05  6.95E-07  6.41E-04  1.87E-03  3.51E-03  4.40E-03
     4.0        1.57E-03  1.35E-03  1.69E-04 -2.10E-04  1.01E-06  8.00E-04  2.19E-03  3.97E-03  4.93E-03
     6.0        1.09E-03  8.91E-04 -1.22E-04 -3.56E-04  1.30E-06  9.45E-04  2.48E-03  4.39E-03  5.41E-03
     8.0        5.71E-04  3.97E-04 -4.35E-04 -5.12E-04  1.61E-06  1.10E-03  2.79E-03  4.85E-03  5.93E-03
    10.0       -1.87E-04 -3.24E-04 -8.91E-04 -7.40E-04  2.07E-06  1.33E-03  3.25E-03  5.51E-03  6.69E-03
    12.0       -1.16E-03 -1.25E-03 -1.48E-03 -1.03E-03  2.65E-06  1.62E-03  3.83E-03  6.36E-03  7.66E-03
    14.0       -2.27E-03 -2.30E-03 -2.14E-03 -1.37E-03  3.32E-06  1.96E-03  4.50E-03  7.33E-03  8.76E-03
    16.0       -3.51E-03 -3.50E-03 -2.90E-03 -1.74E-03  4.07E-06  2.33E-03  5.25E-03  8.43E-03  1.00E-02
0***NDM PRINTED WHEN NO DATCOM METHODS EXIST
1                               AUTOMATED STABILITY AND CONTROL METHODS PER APRIL 1976 VERSION OF DATCOM
                                         CHARACTERISTICS AT ANGLE OF ATTACK AND IN SIDESLIP
                                        WING-BODY-VERTICAL TAIL-HORIZONTAL TAIL CONFIGURATION
                                                 B738 M050 ELEVATOR FULL AIRCRAFT
 
 -----------------------  FLIGHT CONDITIONS  ------------------------           --------------  REFERENCE DIMENSIONS  ------------
  MACH    ALTITUDE   VELOCITY    PRESSURE    TEMPERATURE     REYNOLDS             REF.      REFERENCE LENGTH   MOMENT REF. CENTER
 NUMBER                                                       NUMBER              AREA       LONG.     LAT.     HORIZ      VERT
              M        M/SEC      N/ M**2       DEG K         1/ M                M**2         M         M         M         M
0 0.500    4572.00     161.12   5.7207E+04     258.453     7.5306E+06           124.583      3.958    34.315    17.000     0.000
0                                                               -------------------DERIVATIVE (PER RADIAN)-------------------
0 ALPHA     CD       CL       CM       CN       CA       XCP        CLA          CMA          CYB          CNB          CLB
0
   -6.0    0.029   -0.392    0.6848  -0.393   -0.012   -1.742    8.287E+00   -8.906E+00   -8.655E-01    1.633E-01   -1.537E-01
   -4.0    0.023   -0.101    0.3946  -0.103    0.016   -3.847    8.346E+00   -7.855E+00                             -1.812E-01
   -2.0    0.024    0.190    0.1365   0.189    0.030    0.720    8.487E+00   -6.793E+00                             -2.087E-01
    0.0    0.031    0.491   -0.0797   0.491    0.031   -0.162    8.732E+00   -5.711E+00                             -2.375E-01
    2.0    0.046    0.800   -0.2622   0.801    0.018   -0.327    8.910E+00   -4.860E+00                             -2.674E-01
    4.0    0.069    1.113   -0.4190   1.115   -0.009   -0.376    9.012E+00   -4.335E+00                             -2.981E-01
    6.0    0.100    1.429   -0.5648   1.432   -0.050   -0.394    9.074E+00   -3.704E+00                             -3.291E-01
    8.0    0.139    1.747   -0.6776   1.749   -0.106   -0.387    8.386E+00   -2.989E+00                             -3.603E-01
   10.0    0.177    2.015   -0.7735   2.015   -0.176   -0.384    6.768E+00   -2.853E+00                             -3.839E-01
   12.0    0.209    2.219   -0.8768   2.214   -0.257   -0.396    4.990E+00   -2.662E+00                             -3.983E-01
   14.0    0.234    2.363   -0.9594   2.349   -0.345   -0.408    3.047E+00   -1.899E+00                             -4.036E-01
   16.0    0.248    2.432   -1.0093   2.406   -0.432   -0.419    9.070E-01   -9.623E-01                             -3.983E-01
0                                    ALPHA     Q/QINF    EPSLON  D(EPSLON)/D(ALPHA)
0
                                     -6.0      1.000     -1.013        0.523
                                     -4.0      1.000      0.033        0.534
                                     -2.0      1.000      1.124        0.563
                                      0.0      1.000      2.285        0.590
                                      2.0      1.000      3.483        0.619
                                      4.0      1.000      4.763        0.654
                                      6.0      1.000      6.100        0.656
                                      8.0      1.000      7.388        0.562
                                     10.0      1.000      8.349        0.407
                                     12.0      1.000      9.018        0.287
                                     14.0      1.000      9.498        0.191
                                     16.0      1.000      9.784        0.143
1                            AUTOMATED STABILITY AND CONTROL METHODS PER APRIL 1976 VERSION OF DATCOM
                                         CHARACTERISTICS OF HIGH LIFT AND CONTROL DEVICES
                                            TAIL PLAIN TRAILING-EDGE FLAP CONFIGURATION
                                                 B738 M050 ELEVATOR FULL AIRCRAFT
 -----------------------  FLIGHT CONDITIONS  ------------------------           --------------  REFERENCE DIMENSIONS  ------------
  MACH    ALTITUDE   VELOCITY    PRESSURE    TEMPERATURE     REYNOLDS             REF.      REFERENCE LENGTH   MOMENT REF. CENTER
 NUMBER                                                       NUMBER              AREA       LONG.     LAT.     HORIZ      VERT
              M        M/SEC      N/ M**2       DEG K         1/ M                M**2         M         M         M         M
0 0.500    4572.00     161.12   2.4954E+01     837.388     6.9962E+05           124.583      3.958    34.315    17.000     0.000
0            ---------INCREMENTS DUE TO DEFLECTION---------              ---DERIVATIVES (PER DEGREE)---
0     DELTA     D(CL)     D(CM)    D(CL MAX)    D(CD MIN)                (CLA)D     (CH)A       (CH)D


      -25.0    -0.083     0.4275     0.086      0.00661                  NDM      -7.093E-03  -1.360E-02
      -20.0    -0.079     0.4067     0.073      0.00450                  NDM                  -1.332E-02
      -10.0    -0.050     0.2565     0.042      0.00143                  NDM                  -1.287E-02
       -5.0    -0.025     0.1283     0.022      0.00065                  NDM                  -1.287E-02
        0.0     0.000    -0.0003     0.000      0.00000                  NDM                  -1.287E-02
        5.0     0.025    -0.1283     0.022      0.00065                  NDM                  -1.287E-02
       10.0     0.050    -0.2565     0.042      0.00143                  NDM                  -1.287E-02
       15.0     0.073    -0.3733     0.059      0.00301                  NDM                  -1.294E-02
       25.0     0.083    -0.4279     0.086      0.00661                  NDM                  -1.360E-02
0  *** NOTE * HINGE MOMENT DERIVATIVES ARE BASED ON TWICE THE AREA-MOMENT OF THE CONTROL ABOUT ITS HINGE LINE

0            --------- INDUCED DRAG COEFFICIENT INCREMENT , D(CDI) , DUE TO DEFLECTION ---------
0       DELTA = -25.0     -20.0     -10.0      -5.0       0.0       5.0      10.0      15.0      25.0
   ALPHA
0
    -6.0        4.64E-03  4.27E-03  2.02E-03  7.16E-04 -8.42E-07 -1.28E-04  3.31E-04  1.26E-03  1.84E-03
    -4.0        3.95E-03  3.61E-03  1.60E-03  5.06E-04 -4.24E-07  8.10E-05  7.49E-04  1.87E-03  2.53E-03
    -2.0        3.28E-03  2.98E-03  1.20E-03  3.07E-04 -2.59E-08  2.80E-04  1.15E-03  2.45E-03  3.19E-03
     0.0        2.67E-03  2.40E-03  8.34E-04  1.23E-04  3.42E-07  4.64E-04  1.52E-03  2.99E-03  3.80E-03
     2.0        2.09E-03  1.84E-03  4.83E-04 -5.25E-05  6.94E-07  6.40E-04  1.87E-03  3.50E-03  4.39E-03
     4.0        1.56E-03  1.35E-03  1.67E-04 -2.10E-04  1.01E-06  7.98E-04  2.18E-03  3.96E-03  4.91E-03
     6.0        1.08E-03  8.85E-04 -1.24E-04 -3.56E-04  1.30E-06  9.43E-04  2.47E-03  4.38E-03  5.40E-03
     8.0        5.65E-04  3.92E-04 -4.36E-04 -5.12E-04  1.61E-06  1.10E-03  2.79E-03  4.84E-03  5.91E-03
    10.0       -1.92E-04 -3.29E-04 -8.91E-04 -7.39E-04  2.07E-06  1.33E-03  3.24E-03  5.50E-03  6.67E-03
    12.0       -1.16E-03 -1.25E-03 -1.47E-03 -1.03E-03  2.65E-06  1.62E-03  3.82E-03  6.35E-03  7.64E-03
    14.0       -2.27E-03 -2.31E-03 -2.14E-03 -1.36E-03  3.32E-06  1.95E-03  4.49E-03  7.32E-03  8.74E-03
    16.0       -3.51E-03 -3.49E-03 -2.89E-03 -1.74E-03  4.07E-06  2.33E-03  5.24E-03  8.41E-03  9.99E-03
0***NDM PRINTED WHEN NO DATCOM METHODS EXIST
1                               AUTOMATED STABILITY AND CONTROL METHODS PER APRIL 1976 VERSION OF DATCOM
                                         CHARACTERISTICS AT ANGLE OF ATTACK AND IN SIDESLIP
                                        WING-BODY-VERTICAL TAIL-HORIZONTAL TAIL CONFIGURATION
                                                 B738 M050 ELEVATOR FULL AIRCRAFT
 
 -----------------------  FLIGHT CONDITIONS  ------------------------           --------------  REFERENCE DIMENSIONS  ------------
  MACH    ALTITUDE   VELOCITY    PRESSURE    TEMPERATURE     REYNOLDS             REF.      REFERENCE LENGTH   MOMENT REF. CENTER
 NUMBER                                                       NUMBER              AREA       LONG.     LAT.     HORIZ      VERT
              M        M/SEC      N/ M**2       DEG K         1/ M                M**2         M         M         M         M
0 0.500    6096.00     158.01   4.6600E+04     248.564     6.4544E+06           124.583      3.958    34.315    17.000     0.000
0                                                               -------------------DERIVATIVE (PER RADIAN)-------------------
0 ALPHA     CD       CL       CM       CN       CA       XCP        CLA          CMA          CYB          CNB          CLB
0
   -6.0    0.029   -0.392    0.6848  -0.393   -0.012   -1.742    8.287E+00   -8.905E+00   -8.655E-01    1.654E-01   -1.537E-01
   -4.0    0.023   -0.101    0.3946  -0.103    0.016   -3.846    8.346E+00   -7.855E+00                             -1.812E-01
   -2.0    0.024    0.190    0.1364   0.189    0.031    0.720    8.487E+00   -6.794E+00                             -2.087E-01
    0.0    0.032    0.491   -0.0797   0.491    0.032   -0.162    8.732E+00   -5.711E+00                             -2.375E-01
    2.0    0.047    0.800   -0.2623   0.801    0.019   -0.327    8.910E+00   -4.861E+00                             -2.674E-01
    4.0    0.070    1.113   -0.4191   1.115   -0.008   -0.376    9.012E+00   -4.335E+00                             -2.981E-01
    6.0    0.100    1.429   -0.5649   1.432   -0.050   -0.395    9.074E+00   -3.704E+00                             -3.291E-01
    8.0    0.139    1.747   -0.6777   1.749   -0.105   -0.387    8.386E+00   -2.989E+00                             -3.603E-01
   10.0    0.177    2.015   -0.7736   2.015   -0.175   -0.384    6.768E+00   -2.853E+00                             -3.839E-01
   12.0    0.209    2.219   -0.8768   2.214   -0.257   -0.396    4.989E+00   -2.663E+00                             -3.983E-01
   14.0    0.234    2.363   -0.9595   2.349   -0.345   -0.408    3.047E+00   -1.899E+00                             -4.036E-01
   16.0    0.248    2.432   -1.0094   2.406   -0.432   -0.420    9.069E-01   -9.624E-01                             -3.983E-01
0                                    ALPHA     Q/QINF    EPSLON  D(EPSLON)/D(ALPHA)
0
                                     -6.0      1.000     -1.013        0.523
                                     -4.0      1.000      0.033        0.534
                                     -2.0      1.000      1.124        0.563
                                      0.0      1.000      2.285        0.590
                                      2.0      1.000      3.483        0.619
                                      4.0      1.000      4.763        0.654
                                      6.0      1.000      6.100        0.656
                                      8.0      1.000      7.388        0.562
                                     10.0      1.000      8.349        0.407
                                     12.0      1.000      9.018        0.287
                                     14.0      1.000      9.498        0.191
                                     16.0      1.000      9.784        0.143
1                            AUTOMATED STABILITY AND CONTROL METHODS PER APRIL 1976 VERSION OF DATCOM
                                         CHARACTERISTICS OF HIGH LIFT AND CONTROL DEVICES
                                            TAIL PLAIN TRAILING-EDGE FLAP CONFIGURATION
                                                 B738 M050 ELEVATOR FULL AIRCRAFT
 -----------------------  FLIGHT CONDITIONS  ------------------------           --------------  REFERENCE DIMENSIONS  ------------
  MACH    ALTITUDE   VELOCITY    PRESSURE    TEMPERATURE     REYNOLDS             REF.      REFERENCE LENGTH   MOMENT REF. CENTER
 NUMBER                                                       NUMBER              AREA       LONG.     LAT.     HORIZ      VERT
              M        M/SEC      N/ M**2       DEG K         1/ M                M**2         M         M         M         M
0 0.500    6096.00     158.01   2.0327E+01     805.346     5.9963E+05           124.583      3.958    34.315    17.000     0.000
0            ---------INCREMENTS DUE TO DEFLECTION---------              ---DERIVATIVES (PER DEGREE)---
0     DELTA     D(CL)     D(CM)    D(CL MAX)    D(CD MIN)                (CLA)D     (CH)A       (CH)D


      -25.0    -0.083     0.4100     0.086      0.00661                  NDM      -7.098E-03  -1.361E-02
      -20.0    -0.079     0.3901     0.073      0.00450                  NDM                  -1.334E-02
      -10.0    -0.050     0.2460     0.042      0.00143                  NDM                  -1.289E-02
       -5.0    -0.025     0.1230     0.022      0.00065                  NDM                  -1.289E-02
        0.0     0.000    -0.0002     0.000      0.00000                  NDM                  -1.289E-02
        5.0     0.025    -0.1230     0.022      0.00065                  NDM                  -1.289E-02
       10.0     0.050    -0.2460     0.042      0.00143                  NDM                  -1.289E-02
       15.0     0.073    -0.3580     0.059      0.00301                  NDM                  -1.295E-02
       25.0     0.083    -0.4105     0.086      0.00661                  NDM                  -1.361E-02
0  *** NOTE * HINGE MOMENT DERIVATIVES ARE BASED ON TWICE THE AREA-MOMENT OF THE CONTROL ABOUT ITS HINGE LINE

0            --------- INDUCED DRAG COEFFICIENT INCREMENT , D(CDI) , DUE TO DEFLECTION ---------
0       DELTA = -25.0     -20.0     -10.0      -5.0       0.0       5.0      10.0      15.0      25.0
   ALPHA
0
    -6.0        4.63E-03  4.26E-03  2.01E-03  7.14E-04 -8.41E-07 -1.28E-04  3.29E-04  1.26E-03  1.83E-03
    -4.0        3.93E-03  3.60E-03  1.60E-03  5.05E-04 -4.24E-07  8.04E-05  7.46E-04  1.86E-03  2.52E-03
    -2.0        3.27E-03  2.97E-03  1.20E-03  3.06E-04 -2.59E-08  2.79E-04  1.14E-03  2.44E-03  3.18E-03
     0.0        2.66E-03  2.39E-03  8.31E-04  1.23E-04  3.41E-07  4.63E-04  1.51E-03  2.98E-03  3.79E-03
     2.0        2.08E-03  1.84E-03  4.80E-04 -5.29E-05  6.92E-07  6.38E-04  1.86E-03  3.49E-03  4.38E-03
     4.0        1.56E-03  1.34E-03  1.65E-04 -2.10E-04  1.01E-06  7.96E-04  2.18E-03  3.95E-03  4.90E-03
     6.0        1.08E-03  8.79E-04 -1.26E-04 -3.56E-04  1.30E-06  9.41E-04  2.47E-03  4.37E-03  5.38E-03
     8.0        5.58E-04  3.86E-04 -4.37E-04 -5.11E-04  1.61E-06  1.10E-03  2.78E-03  4.82E-03  5.90E-03
    10.0       -1.97E-04 -3.33E-04 -8.92E-04 -7.39E-04  2.06E-06  1.32E-03  3.23E-03  5.49E-03  6.65E-03
    12.0       -1.16E-03 -1.25E-03 -1.47E-03 -1.03E-03  2.65E-06  1.62E-03  3.82E-03  6.33E-03  7.62E-03
    14.0       -2.27E-03 -2.31E-03 -2.14E-03 -1.36E-03  3.31E-06  1.95E-03  4.48E-03  7.30E-03  8.72E-03
    16.0       -3.51E-03 -3.49E-03 -2.89E-03 -1.74E-03  4.06E-06  2.32E-03  5.23E-03  8.39E-03  9.97E-03
0***NDM PRINTED WHEN NO DATCOM METHODS EXIST
1                               AUTOMATED STABILITY AND CONTROL METHODS PER APRIL 1976 VERSION OF DATCOM
                                         CHARACTERISTICS AT ANGLE OF ATTACK AND IN SIDESLIP
                                        WING-BODY-VERTICAL TAIL-HORIZONTAL TAIL CONFIGURATION
                                                 B738 M050 ELEVATOR FULL AIRCRAFT
 
 -----------------------  FLIGHT CONDITIONS  ------------------------           --------------  REFERENCE DIMENSIONS  ------------
  MACH    ALTITUDE   VELOCITY    PRESSURE    TEMPERATURE     REYNOLDS             REF.      REFERENCE LENGTH   MOMENT REF. CENTER
 NUMBER                                                       NUMBER              AREA       LONG.     LAT.     HORIZ      VERT
              M        M/SEC      N/ M**2       DEG K         1/ M                M**2         M         M         M         M
0 0.500    7620.00     154.84   3.7650E+04     238.679     5.4998E+06           124.583      3.958    34.315    17.000     0.000
0                                                               -------------------DERIVATIVE (PER RADIAN)-------------------
0 ALPHA     CD       CL       CM       CN       CA       XCP        CLA          CMA          CYB          CNB          CLB
0
   -6.0    0.030   -0.392    0.6848  -0.393   -0.012   -1.742    8.286E+00   -8.903E+00   -8.655E-01    1.676E-01   -1.537E-01
   -4.0    0.024   -0.101    0.3946  -0.103    0.017   -3.845    8.345E+00   -7.855E+00                             -1.812E-01
   -2.0    0.024    0.190    0.1364   0.189    0.031    0.720    8.487E+00   -6.795E+00                             -2.087E-01
    0.0    0.032    0.491   -0.0798   0.491    0.032   -0.162    8.731E+00   -5.711E+00                             -2.375E-01
    2.0    0.047    0.800   -0.2623   0.801    0.019   -0.327    8.910E+00   -4.861E+00                             -2.674E-01
    4.0    0.070    1.113   -0.4191   1.116   -0.008   -0.376    9.012E+00   -4.335E+00                             -2.981E-01
    6.0    0.101    1.429   -0.5650   1.432   -0.049   -0.395    9.073E+00   -3.704E+00                             -3.291E-01
    8.0    0.140    1.747   -0.6777   1.749   -0.105   -0.387    8.385E+00   -2.989E+00                             -3.603E-01
   10.0    0.177    2.015   -0.7737   2.015   -0.175   -0.384    6.767E+00   -2.853E+00                             -3.839E-01
   12.0    0.210    2.219   -0.8769   2.214   -0.256   -0.396    4.989E+00   -2.663E+00                             -3.983E-01
   14.0    0.234    2.363   -0.9596   2.349   -0.344   -0.408    3.046E+00   -1.899E+00                             -4.036E-01
   16.0    0.248    2.432   -1.0095   2.406   -0.432   -0.420    9.068E-01   -9.626E-01                             -3.983E-01
0                                    ALPHA     Q/QINF    EPSLON  D(EPSLON)/D(ALPHA)
0
                                     -6.0      1.000     -1.013        0.523
                                     -4.0      1.000      0.033        0.534
                                     -2.0      1.000      1.124        0.563
                                      0.0      1.000      2.285        0.590
                                      2.0      1.000      3.483        0.619
                                      4.0      1.000      4.763        0.654
                                      6.0      1.000      6.100        0.656
                                      8.0      1.000      7.388        0.562
                                     10.0      1.000      8.349        0.407
                                     12.0      1.000      9.018        0.287
                                     14.0      1.000      9.498        0.191
                                     16.0      1.000      9.784        0.143
1                            AUTOMATED STABILITY AND CONTROL METHODS PER APRIL 1976 VERSION OF DATCOM
                                         CHARACTERISTICS OF HIGH LIFT AND CONTROL DEVICES
                                            TAIL PLAIN TRAILING-EDGE FLAP CONFIGURATION
                                                 B738 M050 ELEVATOR FULL AIRCRAFT
 -----------------------  FLIGHT CONDITIONS  ------------------------           --------------  REFERENCE DIMENSIONS  ------------
  MACH    ALTITUDE   VELOCITY    PRESSURE    TEMPERATURE     REYNOLDS             REF.      REFERENCE LENGTH   MOMENT REF. CENTER
 NUMBER                                                       NUMBER              AREA       LONG.     LAT.     HORIZ      VERT
              M        M/SEC      N/ M**2       DEG K         1/ M                M**2         M         M         M         M
0 0.500    7620.00     154.84   1.6423E+01     773.320     5.1095E+05           124.583      3.958    34.315    17.000     0.000
0            ---------INCREMENTS DUE TO DEFLECTION---------              ---DERIVATIVES (PER DEGREE)---
0     DELTA     D(CL)     D(CM)    D(CL MAX)    D(CD MIN)                (CLA)D     (CH)A       (CH)D


      -25.0    -0.083     0.3843     0.086      0.00661                  NDM      -7.104E-03  -1.363E-02
      -20.0    -0.079     0.3655     0.073      0.00449                  NDM                  -1.336E-02
      -10.0    -0.050     0.2305     0.042      0.00143                  NDM                  -1.290E-02
       -5.0    -0.025     0.1153     0.022      0.00065                  NDM                  -1.290E-02
        0.0     0.000    -0.0002     0.000      0.00000                  NDM                  -1.290E-02
        5.0     0.025    -0.1153     0.022      0.00065                  NDM                  -1.290E-02
       10.0     0.050    -0.2305     0.042      0.00143                  NDM                  -1.290E-02
       15.0     0.073    -0.3354     0.059      0.00301                  NDM                  -1.297E-02
       25.0     0.083    -0.3848     0.086      0.00661                  NDM                  -1.363E-02
0  *** NOTE * HINGE MOMENT DERIVATIVES ARE BASED ON TWICE THE AREA-MOMENT OF THE CONTROL ABOUT ITS HINGE LINE

0            --------- INDUCED DRAG COEFFICIENT INCREMENT , D(CDI) , DUE TO DEFLECTION ---------
0       DELTA = -25.0     -20.0     -10.0      -5.0       0.0       5.0      10.0      15.0      25.0
   ALPHA
0
    -6.0        4.61E-03  4.25E-03  2.01E-03  7.12E-04 -8.39E-07 -1.29E-04  3.26E-04  1.25E-03  1.82E-03
    -4.0        3.92E-03  3.59E-03  1.59E-03  5.04E-04 -4.23E-07  7.97E-05  7.43E-04  1.86E-03  2.51E-03
    -2.0        3.26E-03  2.96E-03  1.19E-03  3.05E-04 -2.58E-08  2.78E-04  1.14E-03  2.43E-03  3.17E-03
     0.0        2.65E-03  2.38E-03  8.27E-04  1.22E-04  3.41E-07  4.62E-04  1.51E-03  2.97E-03  3.78E-03
     2.0        2.07E-03  1.83E-03  4.77E-04 -5.33E-05  6.91E-07  6.37E-04  1.86E-03  3.48E-03  4.36E-03
     4.0        1.55E-03  1.33E-03  1.62E-04 -2.11E-04  1.01E-06  7.94E-04  2.17E-03  3.94E-03  4.88E-03
     6.0        1.07E-03  8.72E-04 -1.27E-04 -3.55E-04  1.30E-06  9.39E-04  2.46E-03  4.36E-03  5.37E-03
     8.0        5.52E-04  3.81E-04 -4.38E-04 -5.11E-04  1.61E-06  1.09E-03  2.77E-03  4.81E-03  5.88E-03
    10.0       -2.02E-04 -3.37E-04 -8.92E-04 -7.38E-04  2.06E-06  1.32E-03  3.23E-03  5.47E-03  6.64E-03
    12.0       -1.17E-03 -1.26E-03 -1.47E-03 -1.03E-03  2.64E-06  1.61E-03  3.81E-03  6.32E-03  7.60E-03
    14.0       -2.27E-03 -2.31E-03 -2.14E-03 -1.36E-03  3.31E-06  1.94E-03  4.47E-03  7.28E-03  8.70E-03
    16.0       -3.51E-03 -3.49E-03 -2.89E-03 -1.73E-03  4.05E-06  2.32E-03  5.22E-03  8.37E-03  9.95E-03
0***NDM PRINTED WHEN NO DATCOM METHODS EXIST
1                               AUTOMATED STABILITY AND CONTROL METHODS PER APRIL 1976 VERSION OF DATCOM
                                         CHARACTERISTICS AT ANGLE OF ATTACK AND IN SIDESLIP
                                        WING-BODY-VERTICAL TAIL-HORIZONTAL TAIL CONFIGURATION
                                                 B738 M050 ELEVATOR FULL AIRCRAFT
 
 -----------------------  FLIGHT CONDITIONS  ------------------------           --------------  REFERENCE DIMENSIONS  ------------
  MACH    ALTITUDE   VELOCITY    PRESSURE    TEMPERATURE     REYNOLDS             REF.      REFERENCE LENGTH   MOMENT REF. CENTER
 NUMBER                                                       NUMBER              AREA       LONG.     LAT.     HORIZ      VERT
              M        M/SEC      N/ M**2       DEG K         1/ M                M**2         M         M         M         M
0 0.500    9144.00     151.60   3.0148E+04     228.799     4.6569E+06           124.583      3.958    34.315    17.000     0.000
0                                                               -------------------DERIVATIVE (PER RADIAN)-------------------
0 ALPHA     CD       CL       CM       CN       CA       XCP        CLA          CMA          CYB          CNB          CLB
0
   -6.0    0.030   -0.392    0.6847  -0.393   -0.011   -1.742    8.286E+00   -8.901E+00   -8.655E-01    1.698E-01   -1.537E-01
   -4.0    0.024   -0.101    0.3946  -0.103    0.017   -3.844    8.345E+00   -7.855E+00                             -1.812E-01
   -2.0    0.025    0.190    0.1363   0.189    0.031    0.719    8.487E+00   -6.795E+00                             -2.087E-01
    0.0    0.032    0.491   -0.0799   0.491    0.032   -0.163    8.731E+00   -5.712E+00                             -2.375E-01
    2.0    0.048    0.800   -0.2624   0.801    0.020   -0.328    8.910E+00   -4.861E+00                             -2.674E-01
    4.0    0.071    1.113   -0.4192   1.116   -0.007   -0.376    9.012E+00   -4.335E+00                             -2.981E-01
    6.0    0.101    1.429   -0.5651   1.432   -0.049   -0.395    9.073E+00   -3.705E+00                             -3.291E-01
    8.0    0.140    1.747   -0.6778   1.749   -0.104   -0.387    8.385E+00   -2.990E+00                             -3.603E-01
   10.0    0.178    2.015   -0.7738   2.015   -0.175   -0.384    6.767E+00   -2.853E+00                             -3.839E-01
   12.0    0.210    2.219   -0.8770   2.214   -0.256   -0.396    4.989E+00   -2.663E+00                             -3.983E-01
   14.0    0.235    2.363   -0.9597   2.350   -0.344   -0.408    3.046E+00   -1.899E+00                             -4.036E-01
   16.0    0.249    2.432   -1.0096   2.406   -0.431   -0.420    9.066E-01   -9.627E-01                             -3.983E-01
0                                    ALPHA     Q/QINF    EPSLON  D(EPSLON)/D(ALPHA)
0
                                     -6.0      1.000     -1.013        0.523
                                     -4.0      1.000      0.033        0.534
                                     -2.0      1.000      1.124        0.563
                                      0.0      1.000      2.285        0.590
                                      2.0      1.000      3.483        0.619
                                      4.0      1.000      4.763        0.654
                                      6.0      1.000      6.100        0.656
                                      8.0      1.000      7.388        0.562
                                     10.0      1.000      8.349        0.407
                                     12.0      1.000      9.018        0.287
                                     14.0      1.000      9.498        0.191
                                     16.0      1.000      9.784        0.143
1                            AUTOMATED STABILITY AND CONTROL METHODS PER APRIL 1976 VERSION OF DATCOM
                                         CHARACTERISTICS OF HIGH LIFT AND CONTROL DEVICES
                                            TAIL PLAIN TRAILING-EDGE FLAP CONFIGURATION
                                                 B738 M050 ELEVATOR FULL AIRCRAFT
 -----------------------  FLIGHT CONDITIONS  ------------------------           --------------  REFERENCE DIMENSIONS  ------------
  MACH    ALTITUDE   VELOCITY    PRESSURE    TEMPERATURE     REYNOLDS             REF.      REFERENCE LENGTH   MOMENT REF. CENTER
 NUMBER                                                       NUMBER              AREA       LONG.     LAT.     HORIZ      VERT
              M        M/SEC      N/ M**2       DEG K         1/ M                M**2         M         M         M         M
0 0.500    9144.00     151.60   1.3151E+01     741.308     4.3264E+05           124.583      3.958    34.315    17.000     0.000
0            ---------INCREMENTS DUE TO DEFLECTION---------              ---DERIVATIVES (PER DEGREE)---
0     DELTA     D(CL)     D(CM)    D(CL MAX)    D(CD MIN)                (CLA)D     (CH)A       (CH)D


      -25.0    -0.083     0.3601     0.086      0.00660                  NDM      -7.112E-03  -1.365E-02
      -20.0    -0.079     0.3425     0.073      0.00449                  NDM                  -1.338E-02
      -10.0    -0.050     0.2159     0.042      0.00143                  NDM                  -1.293E-02
       -5.0    -0.025     0.1080     0.022      0.00065                  NDM                  -1.293E-02
        0.0     0.000    -0.0002     0.000      0.00000                  NDM                  -1.293E-02
        5.0     0.025    -0.1080     0.022      0.00065                  NDM                  -1.293E-02
       10.0     0.050    -0.2159     0.042      0.00143                  NDM                  -1.293E-02
       15.0     0.072    -0.3141     0.059      0.00301                  NDM                  -1.299E-02
       25.0     0.083    -0.3606     0.086      0.00660                  NDM                  -1.365E-02
0  *** NOTE * HINGE MOMENT DERIVATIVES ARE BASED ON TWICE THE AREA-MOMENT OF THE CONTROL ABOUT ITS HINGE LINE

0            --------- INDUCED DRAG COEFFICIENT INCREMENT , D(CDI) , DUE TO DEFLECTION ---------
0       DELTA = -25.0     -20.0     -10.0      -5.0       0.0       5.0      10.0      15.0      25.0
   ALPHA
0
    -6.0        4.59E-03  4.23E-03  2.00E-03  7.10E-04 -8.37E-07 -1.29E-04  3.23E-04  1.24E-03  1.81E-03
    -4.0        3.90E-03  3.58E-03  1.58E-03  5.02E-04 -4.22E-07  7.89E-05  7.39E-04  1.85E-03  2.50E-03
    -2.0        3.25E-03  2.95E-03  1.19E-03  3.04E-04 -2.58E-08  2.77E-04  1.13E-03  2.42E-03  3.16E-03
     0.0        2.64E-03  2.37E-03  8.23E-04  1.21E-04  3.40E-07  4.60E-04  1.50E-03  2.96E-03  3.77E-03
     2.0        2.06E-03  1.82E-03  4.73E-04 -5.38E-05  6.90E-07  6.35E-04  1.85E-03  3.46E-03  4.35E-03
     4.0        1.54E-03  1.32E-03  1.59E-04 -2.11E-04  1.00E-06  7.92E-04  2.16E-03  3.92E-03  4.87E-03
     6.0        1.06E-03  8.64E-04 -1.30E-04 -3.55E-04  1.29E-06  9.36E-04  2.45E-03  4.34E-03  5.35E-03
     8.0        5.44E-04  3.74E-04 -4.40E-04 -5.10E-04  1.60E-06  1.09E-03  2.76E-03  4.79E-03  5.86E-03
    10.0       -2.09E-04 -3.43E-04 -8.93E-04 -7.37E-04  2.06E-06  1.32E-03  3.22E-03  5.45E-03  6.61E-03
    12.0       -1.17E-03 -1.26E-03 -1.47E-03 -1.03E-03  2.64E-06  1.61E-03  3.80E-03  6.30E-03  7.58E-03
    14.0       -2.27E-03 -2.31E-03 -2.14E-03 -1.36E-03  3.30E-06  1.94E-03  4.46E-03  7.26E-03  8.68E-03
    16.0       -3.51E-03 -3.49E-03 -2.88E-03 -1.73E-03  4.04E-06  2.31E-03  5.21E-03  8.35E-03  9.92E-03
0***NDM PRINTED WHEN NO DATCOM METHODS EXIST
1                               AUTOMATED STABILITY AND CONTROL METHODS PER APRIL 1976 VERSION OF DATCOM
                                         CHARACTERISTICS AT ANGLE OF ATTACK AND IN SIDESLIP
                                        WING-BODY-VERTICAL TAIL-HORIZONTAL TAIL CONFIGURATION
                                                 B738 M050 ELEVATOR FULL AIRCRAFT
 
 -----------------------  FLIGHT CONDITIONS  ------------------------           --------------  REFERENCE DIMENSIONS  ------------
  MACH    ALTITUDE   VELOCITY    PRESSURE    TEMPERATURE     REYNOLDS             REF.      REFERENCE LENGTH   MOMENT REF. CENTER
 NUMBER                                                       NUMBER              AREA       LONG.     LAT.     HORIZ      VERT
              M        M/SEC      N/ M**2       DEG K         1/ M                M**2         M         M         M         M
0 0.500   10668.00     148.29   2.3909E+04     218.924     3.9163E+06           124.583      3.958    34.315    17.000     0.000
0                                                               -------------------DERIVATIVE (PER RADIAN)-------------------
0 ALPHA     CD       CL       CM       CN       CA       XCP        CLA          CMA          CYB          CNB          CLB
0
   -6.0    0.031   -0.392    0.6846  -0.393   -0.011   -1.741    8.286E+00   -8.900E+00   -8.655E-01    1.722E-01   -1.537E-01
   -4.0    0.025   -0.101    0.3945  -0.103    0.017   -3.843    8.345E+00   -7.855E+00                             -1.812E-01
   -2.0    0.025    0.190    0.1363   0.189    0.032    0.719    8.487E+00   -6.796E+00                             -2.087E-01
    0.0    0.033    0.491   -0.0799   0.491    0.033   -0.163    8.731E+00   -5.712E+00                             -2.375E-01
    2.0    0.048    0.800   -0.2625   0.801    0.020   -0.328    8.910E+00   -4.861E+00                             -2.674E-01
    4.0    0.071    1.113   -0.4193   1.116   -0.007   -0.376    9.012E+00   -4.335E+00                             -2.981E-01
    6.0    0.102    1.429   -0.5652   1.432   -0.048   -0.395    9.073E+00   -3.705E+00                             -3.291E-01
    8.0    0.141    1.747   -0.6779   1.749   -0.104   -0.388    8.385E+00   -2.990E+00                             -3.603E-01
   10.0    0.178    2.015   -0.7739   2.015   -0.174   -0.384    6.767E+00   -2.854E+00                             -3.839E-01
   12.0    0.211    2.219   -0.8771   2.214   -0.255   -0.396    4.989E+00   -2.663E+00                             -3.983E-01
   14.0    0.235    2.363   -0.9598   2.350   -0.343   -0.408    3.046E+00   -1.899E+00                             -4.036E-01
   16.0    0.249    2.432   -1.0097   2.406   -0.431   -0.420    9.065E-01   -9.629E-01                             -3.983E-01
0                                    ALPHA     Q/QINF    EPSLON  D(EPSLON)/D(ALPHA)
0
                                     -6.0      1.000     -1.013        0.523
                                     -4.0      1.000      0.033        0.534
                                     -2.0      1.000      1.124        0.563
                                      0.0      1.000      2.285        0.590
                                      2.0      1.000      3.483        0.619
                                      4.0      1.000      4.763        0.654
                                      6.0      1.000      6.100        0.656
                                      8.0      1.000      7.388        0.562
                                     10.0      1.000      8.349        0.407
                                     12.0      1.000      9.018        0.287
                                     14.0      1.000      9.498        0.191
                                     16.0      1.000      9.784        0.143
1                            AUTOMATED STABILITY AND CONTROL METHODS PER APRIL 1976 VERSION OF DATCOM
                                         CHARACTERISTICS OF HIGH LIFT AND CONTROL DEVICES
                                            TAIL PLAIN TRAILING-EDGE FLAP CONFIGURATION
                                                 B738 M050 ELEVATOR FULL AIRCRAFT
 -----------------------  FLIGHT CONDITIONS  ------------------------           --------------  REFERENCE DIMENSIONS  ------------
  MACH    ALTITUDE   VELOCITY    PRESSURE    TEMPERATURE     REYNOLDS             REF.      REFERENCE LENGTH   MOMENT REF. CENTER
 NUMBER                                                       NUMBER              AREA       LONG.     LAT.     HORIZ      VERT
              M        M/SEC      N/ M**2       DEG K         1/ M                M**2         M         M         M         M
0 0.500   10668.00     148.29   1.0429E+01     709.312     3.6384E+05           124.583      3.958    34.315    17.000     0.000
0            ---------INCREMENTS DUE TO DEFLECTION---------              ---DERIVATIVES (PER DEGREE)---
0     DELTA     D(CL)     D(CM)    D(CL MAX)    D(CD MIN)                (CLA)D     (CH)A       (CH)D


      -25.0    -0.082     0.3112     0.086      0.00660                  NDM      -7.131E-03  -1.369E-02
      -20.0    -0.078     0.2959     0.073      0.00449                  NDM                  -1.342E-02
      -10.0    -0.049     0.1864     0.042      0.00143                  NDM                  -1.297E-02
       -5.0    -0.025     0.0932     0.022      0.00065                  NDM                  -1.297E-02
        0.0     0.000    -0.0002     0.000      0.00000                  NDM                  -1.297E-02
        5.0     0.025    -0.0932     0.022      0.00065                  NDM                  -1.297E-02
       10.0     0.049    -0.1864     0.042      0.00143                  NDM                  -1.297E-02
       15.0     0.072    -0.2713     0.059      0.00300                  NDM                  -1.304E-02
       25.0     0.082    -0.3117     0.086      0.00660                  NDM                  -1.369E-02
0  *** NOTE * HINGE MOMENT DERIVATIVES ARE BASED ON TWICE THE AREA-MOMENT OF THE CONTROL ABOUT ITS HINGE LINE

0            --------- INDUCED DRAG COEFFICIENT INCREMENT , D(CDI) , DUE TO DEFLECTION ---------
0       DELTA = -25.0     -20.0     -10.0      -5.0       0.0       5.0      10.0      15.0      25.0
   ALPHA
0
    -6.0        4.55E-03  4.19E-03  1.98E-03  7.04E-04 -8.33E-07 -1.30E-04  3.15E-04  1.22E-03  1.78E-03
    -4.0        3.87E-03  3.54E-03  1.57E-03  4.98E-04 -4.20E-07  7.69E-05  7.28E-04  1.82E-03  2.47E-03
    -2.0        3.21E-03  2.92E-03  1.18E-03  3.01E-04 -2.56E-08  2.74E-04  1.12E-03  2.40E-03  3.12E-03
     0.0        2.61E-03  2.34E-03  8.12E-04  1.19E-04  3.38E-07  4.56E-04  1.49E-03  2.93E-03  3.73E-03
     2.0        2.03E-03  1.79E-03  4.64E-04 -5.51E-05  6.86E-07  6.29E-04  1.83E-03  3.43E-03  4.30E-03
     4.0        1.51E-03  1.30E-03  1.52E-04 -2.11E-04  9.98E-07  7.86E-04  2.15E-03  3.89E-03  4.82E-03
     6.0        1.03E-03  8.43E-04 -1.35E-04 -3.55E-04  1.29E-06  9.29E-04  2.43E-03  4.30E-03  5.30E-03
     8.0        5.23E-04  3.55E-04 -4.44E-04 -5.09E-04  1.59E-06  1.08E-03  2.74E-03  4.75E-03  5.81E-03
    10.0       -2.25E-04 -3.57E-04 -8.94E-04 -7.34E-04  2.04E-06  1.31E-03  3.19E-03  5.41E-03  6.56E-03
    12.0       -1.18E-03 -1.27E-03 -1.47E-03 -1.02E-03  2.62E-06  1.60E-03  3.77E-03  6.25E-03  7.52E-03
    14.0       -2.28E-03 -2.31E-03 -2.13E-03 -1.35E-03  3.28E-06  1.93E-03  4.43E-03  7.21E-03  8.61E-03
    16.0       -3.51E-03 -3.49E-03 -2.87E-03 -1.72E-03  4.02E-06  2.30E-03  5.17E-03  8.29E-03  9.84E-03
0***NDM PRINTED WHEN NO DATCOM METHODS EXIST
1                               AUTOMATED STABILITY AND CONTROL METHODS PER APRIL 1976 VERSION OF DATCOM
                                         CHARACTERISTICS AT ANGLE OF ATTACK AND IN SIDESLIP
                                        WING-BODY-VERTICAL TAIL-HORIZONTAL TAIL CONFIGURATION
                                                 B738 M050 ELEVATOR FULL AIRCRAFT
 
 -----------------------  FLIGHT CONDITIONS  ------------------------           --------------  REFERENCE DIMENSIONS  ------------
  MACH    ALTITUDE   VELOCITY    PRESSURE    TEMPERATURE     REYNOLDS             REF.      REFERENCE LENGTH   MOMENT REF. CENTER
 NUMBER                                                       NUMBER              AREA       LONG.     LAT.     HORIZ      VERT
              M        M/SEC      N/ M**2       DEG K         1/ M                M**2         M         M         M         M
0 0.500   11887.20     147.52   1.9746E+04     216.650     3.2799E+06           124.583      3.958    34.315    17.000     0.000
0                                                               -------------------DERIVATIVE (PER RADIAN)-------------------
0 ALPHA     CD       CL       CM       CN       CA       XCP        CLA          CMA          CYB          CNB          CLB
0
   -6.0    0.031   -0.392    0.6846  -0.393   -0.010   -1.741    8.286E+00   -8.898E+00   -8.655E-01    1.746E-01   -1.537E-01
   -4.0    0.025   -0.101    0.3945  -0.103    0.018   -3.842    8.345E+00   -7.855E+00                             -1.812E-01
   -2.0    0.026    0.190    0.1362   0.189    0.032    0.719    8.487E+00   -6.797E+00                             -2.087E-01
    0.0    0.033    0.491   -0.0800   0.491    0.033   -0.163    8.731E+00   -5.712E+00                             -2.375E-01
    2.0    0.049    0.800   -0.2626   0.801    0.021   -0.328    8.909E+00   -4.861E+00                             -2.674E-01
    4.0    0.072    1.113   -0.4194   1.116   -0.006   -0.376    9.012E+00   -4.336E+00                             -2.981E-01
    6.0    0.102    1.429   -0.5653   1.432   -0.048   -0.395    9.073E+00   -3.705E+00                             -3.291E-01
    8.0    0.141    1.747   -0.6780   1.749   -0.103   -0.388    8.385E+00   -2.990E+00                             -3.603E-01
   10.0    0.179    2.015   -0.7740   2.015   -0.174   -0.384    6.767E+00   -2.854E+00                             -3.839E-01
   12.0    0.211    2.219   -0.8773   2.215   -0.255   -0.396    4.989E+00   -2.663E+00                             -3.983E-01
   14.0    0.236    2.363   -0.9599   2.350   -0.343   -0.409    3.046E+00   -1.899E+00                             -4.036E-01
   16.0    0.250    2.432   -1.0099   2.406   -0.430   -0.420    9.063E-01   -9.630E-01                             -3.982E-01
0                                    ALPHA     Q/QINF    EPSLON  D(EPSLON)/D(ALPHA)
0
                                     -6.0      1.000     -1.013        0.523
                                     -4.0      1.000      0.033        0.534
                                     -2.0      1.000      1.124        0.563
                                      0.0      1.000      2.285        0.590
                                      2.0      1.000      3.483        0.619
                                      4.0      1.000      4.763        0.654
                                      6.0      1.000      6.100        0.656
                                      8.0      1.000      7.388        0.562
                                     10.0      1.000      8.349        0.407
                                     12.0      1.000      9.018        0.287
                                     14.0      1.000      9.498        0.191
                                     16.0      1.000      9.784        0.143
1                            AUTOMATED STABILITY AND CONTROL METHODS PER APRIL 1976 VERSION OF DATCOM
                                         CHARACTERISTICS OF HIGH LIFT AND CONTROL DEVICES
                                            TAIL PLAIN TRAILING-EDGE FLAP CONFIGURATION
                                                 B738 M050 ELEVATOR FULL AIRCRAFT
 -----------------------  FLIGHT CONDITIONS  ------------------------           --------------  REFERENCE DIMENSIONS  ------------
  MACH    ALTITUDE   VELOCITY    PRESSURE    TEMPERATURE     REYNOLDS             REF.      REFERENCE LENGTH   MOMENT REF. CENTER
 NUMBER                                                       NUMBER              AREA       LONG.     LAT.     HORIZ      VERT
              M        M/SEC      N/ M**2       DEG K         1/ M                M**2         M         M         M         M
0 0.500   11887.20     147.52   8.6131E+00     701.946     3.0471E+05           124.583      3.958    34.315    17.000     0.000
0            ---------INCREMENTS DUE TO DEFLECTION---------              ---DERIVATIVES (PER DEGREE)---
0     DELTA     D(CL)     D(CM)    D(CL MAX)    D(CD MIN)                (CLA)D     (CH)A       (CH)D


      -25.0    -0.082     0.2728     0.086      0.00659                  NDM      -7.152E-03  -1.374E-02
      -20.0    -0.078     0.2618     0.073      0.00448                  NDM                  -1.347E-02
      -10.0    -0.049     0.1645     0.042      0.00143                  NDM                  -1.302E-02
       -5.0    -0.025     0.0822     0.022      0.00065                  NDM                  -1.302E-02
        0.0     0.000    -0.0002     0.000      0.00000                  NDM                  -1.302E-02
        5.0     0.025    -0.0822     0.022      0.00065                  NDM                  -1.302E-02
       10.0     0.049    -0.1645     0.042      0.00143                  NDM                  -1.302E-02
       15.0     0.072    -0.2395     0.059      0.00300                  NDM                  -1.309E-02
       25.0     0.082    -0.2762     0.086      0.00659                  NDM                  -1.374E-02
0  *** NOTE * HINGE MOMENT DERIVATIVES ARE BASED ON TWICE THE AREA-MOMENT OF THE CONTROL ABOUT ITS HINGE LINE

0            --------- INDUCED DRAG COEFFICIENT INCREMENT , D(CDI) , DUE TO DEFLECTION ---------
0       DELTA = -25.0     -20.0     -10.0      -5.0       0.0       5.0      10.0      15.0      25.0
   ALPHA
0
    -6.0        4.51E-03  4.15E-03  1.96E-03  6.99E-04 -8.28E-07 -1.31E-04  3.06E-04  1.20E-03  1.75E-03
    -4.0        3.83E-03  3.50E-03  1.55E-03  4.93E-04 -4.17E-07  7.48E-05  7.17E-04  1.80E-03  2.44E-03
    -2.0        3.17E-03  2.88E-03  1.16E-03  2.97E-04 -2.55E-08  2.71E-04  1.11E-03  2.37E-03  3.09E-03
     0.0        2.57E-03  2.31E-03  8.01E-04  1.16E-04  3.36E-07  4.51E-04  1.47E-03  2.90E-03  3.69E-03
     2.0        2.00E-03  1.76E-03  4.55E-04 -5.64E-05  6.82E-07  6.24E-04  1.82E-03  3.40E-03  4.26E-03
     4.0        1.49E-03  1.27E-03  1.45E-04 -2.12E-04  9.92E-07  7.79E-04  2.13E-03  3.85E-03  4.78E-03
     6.0        1.01E-03  8.22E-04 -1.41E-04 -3.54E-04  1.28E-06  9.22E-04  2.41E-03  4.27E-03  5.25E-03
     8.0        5.02E-04  3.37E-04 -4.48E-04 -5.08E-04  1.58E-06  1.08E-03  2.72E-03  4.71E-03  5.76E-03
    10.0       -2.42E-04 -3.71E-04 -8.95E-04 -7.32E-04  2.03E-06  1.30E-03  3.17E-03  5.36E-03  6.50E-03
    12.0       -1.19E-03 -1.28E-03 -1.47E-03 -1.02E-03  2.61E-06  1.59E-03  3.74E-03  6.20E-03  7.46E-03
    14.0       -2.28E-03 -2.31E-03 -2.12E-03 -1.35E-03  3.26E-06  1.91E-03  4.40E-03  7.15E-03  8.54E-03
    16.0       -3.51E-03 -3.48E-03 -2.86E-03 -1.72E-03  4.00E-06  2.28E-03  5.13E-03  8.23E-03  9.77E-03
0***NDM PRINTED WHEN NO DATCOM METHODS EXIST
1                               AUTOMATED STABILITY AND CONTROL METHODS PER APRIL 1976 VERSION OF DATCOM
                                         CHARACTERISTICS AT ANGLE OF ATTACK AND IN SIDESLIP
