 THIS SOFTWARE AND ANY ACCOMPANYING DOCUMENTATION
 IS RELEASED "AS IS".  THE U.S. GOVERNMENT MAKES NO
 WARRANTY OF ANY KIND, EXPRESS OR IMPLIED, CONCERNING
 THIS SOFTWARE AND ANY ACCOMPANYING DOCUMENTATION,
 INCLUDING, WITHOUT LIMITATION, ANY WARRANTIES OF
 MERCHANTABILITY OR FITNESS FOR A PARTICULAR PURPOSE.
 IN NO EVENT WILL THE U.S. GOVERNMENT BE LIABLE FOR ANY
 DAMAGES, INCLUDING LOST PROFITS, LOST SAVINGS OR OTHER
 INCIDENTAL OR CONSEQUENTIAL DAMAGES ARISING OUT OF THE 
 USE, OR INABILITY TO USE, THIS SOFTWARE OR ANY
 ACCOMPANYING DOCUMENTATION, EVEN IF INFORMED IN ADVANCE
 OF THE POSSIBILITY OF SUCH DAMAGES.
  ****************************************************
  *    USAF STABILITY AND CONTROL  DIGITAL DATCOM    *
  *    PROGRAM REV. JAN 96   DIRECT INQUIRIES TO:    *
  *    WRIGHT LABORATORY  (WL/FIGC)  ATTN: W. BLAKE  *
  *      WRIGHT PATTERSON AFB, OHIO  45433           *
  *    PHONE (513) 255-6764,   FAX (513) 258-4054    *
  ****************************************************
 Preparing to start the big loop
 At 1000
1                         CONERR - INPUT ERROR CHECKING
0 ERROR CODES - N* DENOTES THE NUMBER OF OCCURENCES OF EACH ERROR
0 A - UNKNOWN VARIABLE NAME
0 B - MISSING EQUAL SIGN FOLLOWING VARIABLE NAME
0 C - NON-ARRAY VARIABLE HAS AN ARRAY ELEMENT DESIGNATION - (N)
0 D - NON-ARRAY VARIABLE HAS MULTIPLE VALUES ASSIGNED
0 E - ASSIGNED VALUES EXCEED ARRAY DIMENSION
0 F - SYNTAX ERROR

0******************************  INPUT DATA CARDS  ******************************

 CASEID B738 M060 CLEAN CRUISE FULL AIRCRAFT                                     
 DIM M                                                                           
 DERIV RAD                                                                       
  $FLTCON                                                                        
   LOOP=3.0,                                                                     
   NMACH=1.0,                                                                    
   MACH(1)=0.60,                                                                 
   NALT=10.0,                                                                    
   ALT(1)=0.0,1524.0,3048.0,4572.0,6096.0,                                       
   ALT(6)=7620.0,9144.0,10668.0,11887.2,12496.8,                                 
   NALPHA=12.0,                                                                  
   ALSCHD(1)=-6.0,-4.0,-2.0,0.0,2.0,4.0,                                         
   ALSCHD(7)=6.0,8.0,10.0,12.0,14.0,16.0$                                        
  $OPTINS                                                                        
   SREF=124.583,                                                                 
   CBARR=3.9576,                                                                 
   BLREF=34.3154$                                                                
  $SYNTHS                                                                        
   XCG=17.000,                                                                   
   ZCG=0.000,                                                                    
   XW=13.610,                                                                    
   ZW=-1.270,                                                                    
   ALIW=1.000,                                                                   
   XH=33.800,                                                                    
   ZH=1.890,                                                                     
   ALIH=0.000,                                                                   
   XV=32.130,                                                                    
   ZV=2.320,                                                                     
   SCALE=1.000,                                                                  
   VERTUP=.TRUE.$                                                                
  $BODY                                                                          
   NX=15.0,                                                                      
   BNOSE=2.0,                                                                    
   BTAIL=2.0,                                                                    
   BLA=20.0,                                                                     
   X(1)=0.0000,0.4206,1.4722,2.1031,2.7341,                                      
   X(6)=4.2062,8.4125,16.8250,27.2796,30.4495,                                   
   X(11)=31.4858,33.5890,35.6921,37.7952,38.0086,                                
   ZU(1)=0.2103,0.6309,1.0516,1.3350,1.7892,                                     
   ZU(6)=2.1031,2.5237,2.5237,2.5237,2.5237,                                     
   ZU(11)=2.5237,2.4201,2.3134,2.2860,2.1031,                                    
   ZL(1)=-0.1067,-0.5273,-1.0516,-1.1582,-1.2619,                                
   ZL(6)=-1.3686,-1.4722,-1.4722,-1.4722,-1.0516,                                
   ZL(11)=-0.8412,-0.2469,0.3170,1.2619,1.8928,                                  
   S(1)=0.0511,0.7646,2.6840,4.1165,6.0443,                                      
   S(6)=8.6056,11.8739,11.8739,11.8739,10.0437,                                  
   S(11)=8.8890,5.2843,2.6375,0.3382,0.0102$                                     
  $WGPLNF                                                                        
   CHRDR=7.8770,                                                                 
   CHRDBP=5.7117,                                                                
   CHRDTP=1.2510,                                                                
   SSPN=17.1577,                                                                 
   SSPNE=15.2800,                                                                
   SSPNOP=0.7750,                                                                
   SAVSI=25.020,                                                                 
   SAVSO=25.020,                                                                 
   CHSTAT=0.250,                                                                 
   TWISTA=0.000,                                                                 
   DHDADI=6.000,                                                                 
   DHDADO=6.000,                                                                 
   TYPE=1.000$                                                                   
 NACA-W-6-64A412                                                                 
  $VTPLNF                                                                        
   CHRDR=5.8074,                                                                 
   CHRDTP=1.5748,                                                                
   SSPN=7.1628,                                                                  
   SSPNE=6.4000,                                                                 
   SAVSI=35.000,                                                                 
   CHSTAT=0.250,                                                                 
   TWISTA=0.000,                                                                 
   TYPE=1.000$                                                                   
 NACA-V-4-0012                                                                   
  $HTPLNF                                                                        
   CHRDR=3.7980,                                                                 
   CHRDTP=0.7710,                                                                
   SSPN=7.1750,                                                                  
   SSPNE=5.3000,                                                                 
   SAVSI=30.000,                                                                 
   CHSTAT=0.250,                                                                 
   TWISTA=0.000,                                                                 
   DHDADI=7.000,                                                                 
   TYPE=1.000$                                                                   
 NACA-H-4-0012                                                                   
 DAMP                                                                            
 NEXT CASE                                                                       
 CASEID B738 M060 ELEVATOR FULL AIRCRAFT                                         
 DIM M                                                                           
 DERIV RAD                                                                       
  $FLTCON                                                                        
   LOOP=3.0,                                                                     
   NMACH=1.0,                                                                    
   MACH(1)=0.60,                                                                 
   NALT=10.0,                                                                    
   ALT(1)=0.0,1524.0,3048.0,4572.0,6096.0,                                       
   ALT(6)=7620.0,9144.0,10668.0,11887.2,12496.8,                                 
   NALPHA=12.0,                                                                  
   ALSCHD(1)=-6.0,-4.0,-2.0,0.0,2.0,4.0,                                         
   ALSCHD(7)=6.0,8.0,10.0,12.0,14.0,16.0$                                        
  $OPTINS                                                                        
   SREF=124.583,CBARR=3.9576,BLREF=34.3154$                                      
  $SYNTHS                                                                        
   XCG=17.000,ZCG=0.000,XW=13.610,ZW=-1.270,ALIW=1.000,                          
   XH=33.800,ZH=1.890,ALIH=0.000,XV=32.130,ZV=2.320,                             
   SCALE=1.000,VERTUP=.TRUE.$                                                    
  $BODY                                                                          
   NX=15.0,BNOSE=2.0,BTAIL=2.0,BLA=20.0,                                         
   X(1)=0.0000,0.4206,1.4722,2.1031,2.7341,                                      
   X(6)=4.2062,8.4125,16.8250,27.2796,30.4495,                                   
   X(11)=31.4858,33.5890,35.6921,37.7952,38.0086,                                
   ZU(1)=0.2103,0.6309,1.0516,1.3350,1.7892,                                     
   ZU(6)=2.1031,2.5237,2.5237,2.5237,2.5237,                                     
   ZU(11)=2.5237,2.4201,2.3134,2.2860,2.1031,                                    
   ZL(1)=-0.1067,-0.5273,-1.0516,-1.1582,-1.2619,                                
   ZL(6)=-1.3686,-1.4722,-1.4722,-1.4722,-1.0516,                                
   ZL(11)=-0.8412,-0.2469,0.3170,1.2619,1.8928,                                  
   S(1)=0.0511,0.7646,2.6840,4.1165,6.0443,                                      
   S(6)=8.6056,11.8739,11.8739,11.8739,10.0437,                                  
   S(11)=8.8890,5.2843,2.6375,0.3382,0.0102$                                     
  $WGPLNF                                                                        
   CHRDR=7.8770,CHRDBP=5.7117,CHRDTP=1.2510,                                     
   SSPN=17.1577,SSPNE=15.2800,SSPNOP=0.7750,                                     
   SAVSI=25.020,SAVSO=25.020,CHSTAT=0.250,TWISTA=0.000,                          
   DHDADI=6.000,DHDADO=6.000,TYPE=1.000$                                         
 NACA-W-6-64A412                                                                 
  $VTPLNF                                                                        
   CHRDR=5.8074,CHRDTP=1.5748,SSPN=7.1628,SSPNE=6.4000,                          
   SAVSI=35.000,CHSTAT=0.250,TWISTA=0.000,TYPE=1.000$                            
 NACA-V-4-0012                                                                   
  $HTPLNF                                                                        
   CHRDR=3.7980,CHRDTP=0.7710,SSPN=7.1750,SSPNE=5.3000,                          
   SAVSI=30.000,CHSTAT=0.250,TWISTA=0.000,DHDADI=7.000,                          
   TYPE=1.000$                                                                   
 NACA-H-4-0012                                                                   
  $SYMFLP                                                                        
   FTYPE=1.0,                                                                    
   NTYPE=1.0,                                                                    
   SPANFI=1.8750,                                                                
   SPANFO=6.8000,                                                                
   CHRDFI=0.9500,                                                                
   CHRDFO=0.3000,                                                                
   NDELTA=9.0,                                                                   
   DELTA(1)=-25.0,-20.0,-10.0,-5.0,0.0,                                          
   DELTA(6)=5.0,10.0,15.0,25.0$                                                  
 NEXT CASE                                                                       
 CASEID B738 M060 AILERON FULL AIRCRAFT                                          
 DIM M                                                                           
 DERIV RAD                                                                       
  $FLTCON                                                                        
   LOOP=3.0,                                                                     
   NMACH=1.0,                                                                    
   MACH(1)=0.60,                                                                 
   NALT=10.0,                                                                    
   ALT(1)=0.0,1524.0,3048.0,4572.0,6096.0,                                       
   ALT(6)=7620.0,9144.0,10668.0,11887.2,12496.8,                                 
   NALPHA=12.0,                                                                  
   ALSCHD(1)=-6.0,-4.0,-2.0,0.0,2.0,4.0,                                         
   ALSCHD(7)=6.0,8.0,10.0,12.0,14.0,16.0$                                        
  $OPTINS                                                                        
   SREF=124.583,CBARR=3.9576,BLREF=34.3154$                                      
  $SYNTHS                                                                        
   XCG=17.000,ZCG=0.000,XW=13.610,ZW=-1.270,ALIW=1.000,                          
   XH=33.800,ZH=1.890,ALIH=0.000,XV=32.130,ZV=2.320,                             
   SCALE=1.000,VERTUP=.TRUE.$                                                    
  $BODY                                                                          
   NX=15.0,BNOSE=2.0,BTAIL=2.0,BLA=20.0,                                         
   X(1)=0.0000,0.4206,1.4722,2.1031,2.7341,                                      
   X(6)=4.2062,8.4125,16.8250,27.2796,30.4495,                                   
   X(11)=31.4858,33.5890,35.6921,37.7952,38.0086,                                
   ZU(1)=0.2103,0.6309,1.0516,1.3350,1.7892,                                     
   ZU(6)=2.1031,2.5237,2.5237,2.5237,2.5237,                                     
   ZU(11)=2.5237,2.4201,2.3134,2.2860,2.1031,                                    
   ZL(1)=-0.1067,-0.5273,-1.0516,-1.1582,-1.2619,                                
   ZL(6)=-1.3686,-1.4722,-1.4722,-1.4722,-1.0516,                                
   ZL(11)=-0.8412,-0.2469,0.3170,1.2619,1.8928,                                  
   S(1)=0.0511,0.7646,2.6840,4.1165,6.0443,                                      
   S(6)=8.6056,11.8739,11.8739,11.8739,10.0437,                                  
   S(11)=8.8890,5.2843,2.6375,0.3382,0.0102$                                     
  $WGPLNF                                                                        
   CHRDR=7.8770,CHRDBP=5.7117,CHRDTP=1.2510,                                     
   SSPN=17.1577,SSPNE=15.2800,SSPNOP=0.7750,                                     
   SAVSI=25.020,SAVSO=25.020,CHSTAT=0.250,TWISTA=0.000,                          
   DHDADI=6.000,DHDADO=6.000,TYPE=1.000$                                         
 NACA-W-6-64A412                                                                 
  $VTPLNF                                                                        
   CHRDR=5.8074,CHRDTP=1.5748,SSPN=7.1628,SSPNE=6.4000,                          
   SAVSI=35.000,CHSTAT=0.250,TWISTA=0.000,TYPE=1.000$                            
 NACA-V-4-0012                                                                   
  $HTPLNF                                                                        
   CHRDR=3.7980,CHRDTP=0.7710,SSPN=7.1750,SSPNE=5.3000,                          
   SAVSI=30.000,CHSTAT=0.250,TWISTA=0.000,DHDADI=7.000,                          
   TYPE=1.000$                                                                   
 NACA-H-4-0012                                                                   
  $ASYFLP                                                                        
   STYPE=4.0,                                                                    
   NDELTA=9.0,                                                                   
   DELTAL(1)=-20.0,-15.0,-10.0,-5.0,0.0,                                         
   DELTAL(6)=5.0,10.0,15.0,20.0,                                                 
   DELTAR(1)=20.0,15.0,10.0,5.0,0.0,                                             
   DELTAR(6)=-5.0,-10.0,-15.0,-20.0,                                             
   SPANFI=12.0104,                                                               
   SPANFO=16.5227,                                                               
   CHRDFI=0.4300,                                                                
   CHRDFO=0.2200$                                                                
 NEXT CASE                                                                       
1          THE FOLLOWING IS A LIST OF ALL INPUT CARDS FOR THIS CASE.
0
 CASEID B738 M060 CLEAN CRUISE FULL AIRCRAFT                                     
 DIM M                                                                           
 DERIV RAD                                                                       
  $FLTCON                                                                        
   LOOP=3.0,                                                                     
   NMACH=1.0,                                                                    
   MACH(1)=0.60,                                                                 
   NALT=10.0,                                                                    
   ALT(1)=0.0,1524.0,3048.0,4572.0,6096.0,                                       
   ALT(6)=7620.0,9144.0,10668.0,11887.2,12496.8,                                 
   NALPHA=12.0,                                                                  
   ALSCHD(1)=-6.0,-4.0,-2.0,0.0,2.0,4.0,                                         
   ALSCHD(7)=6.0,8.0,10.0,12.0,14.0,16.0$                                        
  $OPTINS                                                                        
   SREF=124.583,                                                                 
   CBARR=3.9576,                                                                 
   BLREF=34.3154$                                                                
  $SYNTHS                                                                        
   XCG=17.000,                                                                   
   ZCG=0.000,                                                                    
   XW=13.610,                                                                    
   ZW=-1.270,                                                                    
   ALIW=1.000,                                                                   
   XH=33.800,                                                                    
   ZH=1.890,                                                                     
   ALIH=0.000,                                                                   
   XV=32.130,                                                                    
   ZV=2.320,                                                                     
   SCALE=1.000,                                                                  
   VERTUP=.TRUE.$                                                                
  $BODY                                                                          
   NX=15.0,                                                                      
   BNOSE=2.0,                                                                    
   BTAIL=2.0,                                                                    
   BLA=20.0,                                                                     
   X(1)=0.0000,0.4206,1.4722,2.1031,2.7341,                                      
   X(6)=4.2062,8.4125,16.8250,27.2796,30.4495,                                   
   X(11)=31.4858,33.5890,35.6921,37.7952,38.0086,                                
   ZU(1)=0.2103,0.6309,1.0516,1.3350,1.7892,                                     
   ZU(6)=2.1031,2.5237,2.5237,2.5237,2.5237,                                     
   ZU(11)=2.5237,2.4201,2.3134,2.2860,2.1031,                                    
   ZL(1)=-0.1067,-0.5273,-1.0516,-1.1582,-1.2619,                                
   ZL(6)=-1.3686,-1.4722,-1.4722,-1.4722,-1.0516,                                
   ZL(11)=-0.8412,-0.2469,0.3170,1.2619,1.8928,                                  
   S(1)=0.0511,0.7646,2.6840,4.1165,6.0443,                                      
   S(6)=8.6056,11.8739,11.8739,11.8739,10.0437,                                  
   S(11)=8.8890,5.2843,2.6375,0.3382,0.0102$                                     
  $WGPLNF                                                                        
   CHRDR=7.8770,                                                                 
   CHRDBP=5.7117,                                                                
   CHRDTP=1.2510,                                                                
   SSPN=17.1577,                                                                 
   SSPNE=15.2800,                                                                
   SSPNOP=0.7750,                                                                
   SAVSI=25.020,                                                                 
   SAVSO=25.020,                                                                 
   CHSTAT=0.250,                                                                 
   TWISTA=0.000,                                                                 
   DHDADI=6.000,                                                                 
   DHDADO=6.000,                                                                 
   TYPE=1.000$                                                                   
 NACA-W-6-64A412                                                                 
  $VTPLNF                                                                        
   CHRDR=5.8074,                                                                 
   CHRDTP=1.5748,                                                                
   SSPN=7.1628,                                                                  
   SSPNE=6.4000,                                                                 
   SAVSI=35.000,                                                                 
   CHSTAT=0.250,                                                                 
   TWISTA=0.000,                                                                 
   TYPE=1.000$                                                                   
 NACA-V-4-0012                                                                   
  $HTPLNF                                                                        
   CHRDR=3.7980,                                                                 
   CHRDTP=0.7710,                                                                
   SSPN=7.1750,                                                                  
   SSPNE=5.3000,                                                                 
   SAVSI=30.000,                                                                 
   CHSTAT=0.250,                                                                 
   TWISTA=0.000,                                                                 
   DHDADI=7.000,                                                                 
   TYPE=1.000$                                                                   
 NACA-H-4-0012                                                                   
 DAMP                                                                            
 NEXT CASE                                                                       
0 INPUT DIMENSIONS ARE IN M , SCALE FACTOR IS 1.0000

 Return to main program from M01O01
1                             AUTOMATED STABILITY AND CONTROL METHODS PER APRIL 1976 VERSION OF DATCOM   
                                                        WING SECTION DEFINITION
0                                 IDEAL ANGLE OF ATTACK =   0.00000 DEG.

                              ZERO LIFT ANGLE OF ATTACK =  -3.09312 DEG.

                                 IDEAL LIFT COEFFICIENT =   0.40000

                  ZERO LIFT PITCHING MOMENT COEFFICIENT =  -0.08720

                             MACH ZERO LIFT-CURVE-SLOPE =   0.09654 /DEG.

                                    LEADING EDGE RADIUS =   0.00993 FRACTION CHORD

                              MAXIMUM AIRFOIL THICKNESS =   0.12000 FRACTION CHORD

                                                DELTA-Y =   2.46808 PERCENT CHORD


0                         MACH= 0.6000 LIFT-CURVE-SLOPE =   0.11574 /DEG.      XAC =   0.27153
1                             AUTOMATED STABILITY AND CONTROL METHODS PER APRIL 1976 VERSION OF DATCOM   
                                                   HORIZONTAL TAIL SECTION DEFINITION
0                                 IDEAL ANGLE OF ATTACK =   0.00000 DEG.

                              ZERO LIFT ANGLE OF ATTACK =   0.00000 DEG.

                                 IDEAL LIFT COEFFICIENT =   0.00000

                  ZERO LIFT PITCHING MOMENT COEFFICIENT =   0.00000

                             MACH ZERO LIFT-CURVE-SLOPE =   0.09596 /DEG.

                                    LEADING EDGE RADIUS =   0.01587 FRACTION CHORD

                              MAXIMUM AIRFOIL THICKNESS =   0.12000 FRACTION CHORD

                                                DELTA-Y =   3.16898 PERCENT CHORD


0                         MACH= 0.6000 LIFT-CURVE-SLOPE =   0.11639 /DEG.      XAC =   0.26186
1                             AUTOMATED STABILITY AND CONTROL METHODS PER APRIL 1976 VERSION OF DATCOM   
                                                    VERTICAL TAIL SECTION DEFINITION
0                                 IDEAL ANGLE OF ATTACK =   0.00000 DEG.

                              ZERO LIFT ANGLE OF ATTACK =   0.00000 DEG.

                                 IDEAL LIFT COEFFICIENT =   0.00000

                  ZERO LIFT PITCHING MOMENT COEFFICIENT =   0.00000

                             MACH ZERO LIFT-CURVE-SLOPE =   0.09596 /DEG.

                                    LEADING EDGE RADIUS =   0.01587 FRACTION CHORD

                              MAXIMUM AIRFOIL THICKNESS =   0.12000 FRACTION CHORD

                                                DELTA-Y =   3.16898 PERCENT CHORD


0                         MACH= 0.6000 LIFT-CURVE-SLOPE =   0.11639 /DEG.      XAC =   0.26186
 Return to main program from M50O62
 Return to main program from M02O02
 Return to main program from M51O63
 WARNING*** BODY ALONE DYNAMIC DERIVATIVE METHOD VALID FOR NOSE CYLINDER ONLY
            TAIL EFFECTS IGNORED]
1                               AUTOMATED STABILITY AND CONTROL METHODS PER APRIL 1976 VERSION OF DATCOM
                                         CHARACTERISTICS AT ANGLE OF ATTACK AND IN SIDESLIP
                                        WING-BODY-VERTICAL TAIL-HORIZONTAL TAIL CONFIGURATION
                                               B738 M060 CLEAN CRUISE FULL AIRCRAFT
 
 -----------------------  FLIGHT CONDITIONS  ------------------------           --------------  REFERENCE DIMENSIONS  ------------
  MACH    ALTITUDE   VELOCITY    PRESSURE    TEMPERATURE     REYNOLDS             REF.      REFERENCE LENGTH   MOMENT REF. CENTER
 NUMBER                                                       NUMBER              AREA       LONG.     LAT.     HORIZ      VERT
              M        M/SEC      N/ M**2       DEG K         1/ M                M**2         M         M         M         M
0 0.600       0.00     204.15   1.0133E+05     288.150     1.3914E+07           124.583      3.958    34.315    17.000     0.000
0                                                               -------------------DERIVATIVE (PER RADIAN)-------------------
0 ALPHA     CD       CL       CM       CN       CA       XCP        CLA          CMA          CYB          CNB          CLB
0
   -6.0    0.028   -0.405    0.6959  -0.406   -0.014   -1.714    8.516E+00   -9.171E+00   -8.751E-01    1.598E-01   -1.552E-01
   -4.0    0.022   -0.107    0.3989  -0.108    0.014   -3.690    8.557E+00   -8.061E+00                             -1.846E-01
   -2.0    0.023    0.192    0.1332   0.191    0.029    0.696    8.680E+00   -6.959E+00                             -2.141E-01
    0.0    0.030    0.499   -0.0869   0.499    0.030   -0.174    8.889E+00   -5.786E+00                             -2.447E-01
    2.0    0.046    0.813   -0.2708   0.814    0.018   -0.333    9.030E+00   -4.889E+00                             -2.763E-01
    4.0    0.069    1.130   -0.4282   1.132   -0.010   -0.378    9.096E+00   -4.309E+00                             -3.084E-01
    6.0    0.100    1.448   -0.5716   1.450   -0.052   -0.394    9.123E+00   -3.591E+00                             -3.408E-01
    8.0    0.139    1.767   -0.6789   1.769   -0.108   -0.384    8.063E+00   -2.861E+00                             -3.730E-01
   10.0    0.173    2.011   -0.7713   2.010   -0.178   -0.384    6.236E+00   -2.846E+00                             -3.939E-01
   12.0    0.203    2.202   -0.8776   2.196   -0.259   -0.400    4.527E+00   -2.363E+00                             -4.065E-01
   14.0    0.224    2.327   -0.9363   2.312   -0.345   -0.405    2.740E+00   -1.424E+00                             -4.094E-01
   16.0    0.238    2.393   -0.9770   2.366   -0.431   -0.413    1.075E+00   -9.061E-01                             -4.035E-01
0                                    ALPHA     Q/QINF    EPSLON  D(EPSLON)/D(ALPHA)
0
                                     -6.0      1.000     -1.050        0.534
                                     -4.0      1.000      0.019        0.545
                                     -2.0      1.000      1.132        0.572
                                      0.0      1.000      2.306        0.598
                                      2.0      1.000      3.524        0.627
                                      4.0      1.000      4.816        0.659
                                      6.0      1.000      6.160        0.656
                                      8.0      1.000      7.439        0.545
                                     10.0      1.000      8.340        0.372
                                     12.0      1.000      8.926        0.270
                                     14.0      1.000      9.420        0.189
                                     16.0      1.000      9.683        0.132
1                               AUTOMATED STABILITY AND CONTROL METHODS PER APRIL 1976 VERSION OF DATCOM
                                                         DYNAMIC DERIVATIVES
                                        WING-BODY-VERTICAL TAIL-HORIZONTAL TAIL CONFIGURATION
                                               B738 M060 CLEAN CRUISE FULL AIRCRAFT
 
 -----------------------  FLIGHT CONDITIONS  ------------------------           --------------  REFERENCE DIMENSIONS  ------------
  MACH    ALTITUDE   VELOCITY    PRESSURE    TEMPERATURE     REYNOLDS             REF.      REFERENCE LENGTH   MOMENT REF. CENTER
 NUMBER                                                       NUMBER              AREA       LONG.     LAT.     HORIZ      VERT
              M        M/SEC      N/ M**2       DEG K         1/ M                M**2         M         M         M         M
0 0.600       0.00     204.15   1.0133E+05     288.150     1.3914E+07           124.583      3.958    34.315    17.000     0.000
                                                    DYNAMIC DERIVATIVES (PER RADIAN)
0           -------PITCHING-------    -----ACCELERATION------    --------------ROLLING--------------    --------YAWING--------
0   ALPHA       CLQ          CMQ           CLAD         CMAD         CLP          CYP          CNP          CNR          CLR
0
    -6.00    2.895E+01   -6.651E+01     5.850E+00   -2.969E+01   -6.444E-01   -2.864E-01    5.080E-02   -3.180E-01    6.885E-02
    -4.00                               5.969E+00   -3.030E+01   -6.419E-01   -2.382E-01    2.248E-02   -3.260E-01    1.228E-01
    -2.00                               6.259E+00   -3.177E+01   -6.503E-01   -1.897E-01   -6.041E-03   -3.341E-01    1.765E-01
     0.00                               6.547E+00   -3.323E+01   -6.669E-01   -1.404E-01   -3.499E-02   -3.421E-01    2.320E-01
     2.00                               6.869E+00   -3.486E+01   -6.797E-01   -9.037E-02   -6.436E-02   -3.502E-01    2.886E-01
     4.00                               7.215E+00   -3.661E+01   -6.885E-01   -3.964E-02   -9.430E-02   -3.584E-01    3.459E-01
     6.00                               7.178E+00   -3.643E+01   -6.931E-01    1.172E-02   -1.250E-01   -3.665E-01    4.034E-01
     8.00                               5.968E+00   -3.029E+01   -5.994E-01    6.853E-02   -1.677E-01   -3.746E-01    4.604E-01
    10.00                               4.070E+00   -2.066E+01   -4.415E-01    1.226E-01   -2.140E-01   -3.812E-01    4.973E-01
    12.00                               2.954E+00   -1.499E+01   -3.042E-01    1.728E-01   -2.562E-01   -3.861E-01    5.210E-01
    14.00                               2.072E+00   -1.052E+01   -1.673E-01    2.180E-01   -2.933E-01   -3.890E-01    5.290E-01
    16.00                               1.441E+00   -7.312E+00   -4.311E-02    2.509E-01   -3.169E-01   -3.900E-01    5.241E-01
 WARNING*** BODY ALONE DYNAMIC DERIVATIVE METHOD VALID FOR NOSE CYLINDER ONLY
            TAIL EFFECTS IGNORED]
1                               AUTOMATED STABILITY AND CONTROL METHODS PER APRIL 1976 VERSION OF DATCOM
                                         CHARACTERISTICS AT ANGLE OF ATTACK AND IN SIDESLIP
                                        WING-BODY-VERTICAL TAIL-HORIZONTAL TAIL CONFIGURATION
                                               B738 M060 CLEAN CRUISE FULL AIRCRAFT
 
 -----------------------  FLIGHT CONDITIONS  ------------------------           --------------  REFERENCE DIMENSIONS  ------------
  MACH    ALTITUDE   VELOCITY    PRESSURE    TEMPERATURE     REYNOLDS             REF.      REFERENCE LENGTH   MOMENT REF. CENTER
 NUMBER                                                       NUMBER              AREA       LONG.     LAT.     HORIZ      VERT
              M        M/SEC      N/ M**2       DEG K         1/ M                M**2         M         M         M         M
0 0.600    1524.00     200.61   8.4311E+04     278.246     1.2108E+07           124.583      3.958    34.315    17.000     0.000
0                                                               -------------------DERIVATIVE (PER RADIAN)-------------------
0 ALPHA     CD       CL       CM       CN       CA       XCP        CLA          CMA          CYB          CNB          CLB
0
   -6.0    0.028   -0.405    0.6959  -0.406   -0.014   -1.714    8.516E+00   -9.168E+00   -8.751E-01    1.617E-01   -1.552E-01
   -4.0    0.022   -0.107    0.3989  -0.108    0.015   -3.689    8.557E+00   -8.061E+00                             -1.846E-01
   -2.0    0.023    0.192    0.1331   0.191    0.030    0.696    8.680E+00   -6.960E+00                             -2.141E-01
    0.0    0.031    0.499   -0.0870   0.499    0.031   -0.174    8.889E+00   -5.786E+00                             -2.447E-01
    2.0    0.046    0.813   -0.2708   0.814    0.018   -0.333    9.030E+00   -4.889E+00                             -2.763E-01
    4.0    0.070    1.130   -0.4283   1.132   -0.009   -0.378    9.096E+00   -4.309E+00                             -3.084E-01
    6.0    0.101    1.448   -0.5716   1.450   -0.051   -0.394    9.123E+00   -3.591E+00                             -3.408E-01
    8.0    0.140    1.767   -0.6790   1.769   -0.108   -0.384    8.063E+00   -2.861E+00                             -3.730E-01
   10.0    0.174    2.011   -0.7714   2.010   -0.178   -0.384    6.236E+00   -2.846E+00                             -3.939E-01
   12.0    0.203    2.202   -0.8777   2.196   -0.259   -0.400    4.527E+00   -2.364E+00                             -4.065E-01
   14.0    0.225    2.327   -0.9364   2.312   -0.345   -0.405    2.740E+00   -1.424E+00                             -4.094E-01
   16.0    0.238    2.393   -0.9770   2.366   -0.431   -0.413    1.075E+00   -9.062E-01                             -4.035E-01
0                                    ALPHA     Q/QINF    EPSLON  D(EPSLON)/D(ALPHA)
0
                                     -6.0      1.000     -1.050        0.534
                                     -4.0      1.000      0.019        0.545
                                     -2.0      1.000      1.132        0.572
                                      0.0      1.000      2.306        0.598
                                      2.0      1.000      3.524        0.627
                                      4.0      1.000      4.816        0.659
                                      6.0      1.000      6.160        0.656
                                      8.0      1.000      7.439        0.545
                                     10.0      1.000      8.340        0.372
                                     12.0      1.000      8.926        0.270
                                     14.0      1.000      9.420        0.189
                                     16.0      1.000      9.683        0.132
1                               AUTOMATED STABILITY AND CONTROL METHODS PER APRIL 1976 VERSION OF DATCOM
                                                         DYNAMIC DERIVATIVES
                                        WING-BODY-VERTICAL TAIL-HORIZONTAL TAIL CONFIGURATION
                                               B738 M060 CLEAN CRUISE FULL AIRCRAFT
 
 -----------------------  FLIGHT CONDITIONS  ------------------------           --------------  REFERENCE DIMENSIONS  ------------
  MACH    ALTITUDE   VELOCITY    PRESSURE    TEMPERATURE     REYNOLDS             REF.      REFERENCE LENGTH   MOMENT REF. CENTER
 NUMBER                                                       NUMBER              AREA       LONG.     LAT.     HORIZ      VERT
              M        M/SEC      N/ M**2       DEG K         1/ M                M**2         M         M         M         M
0 0.600    1524.00     200.61   8.4311E+04     278.246     1.2108E+07           124.583      3.958    34.315    17.000     0.000
                                                    DYNAMIC DERIVATIVES (PER RADIAN)
0           -------PITCHING-------    -----ACCELERATION------    --------------ROLLING--------------    --------YAWING--------
0   ALPHA       CLQ          CMQ           CLAD         CMAD         CLP          CYP          CNP          CNR          CLR
0
    -6.00    2.895E+01   -6.651E+01     5.850E+00   -2.969E+01   -6.444E-01   -2.864E-01    5.080E-02   -3.180E-01    6.885E-02
    -4.00                               5.969E+00   -3.030E+01   -6.419E-01   -2.382E-01    2.248E-02   -3.261E-01    1.228E-01
    -2.00                               6.259E+00   -3.177E+01   -6.503E-01   -1.897E-01   -6.040E-03   -3.341E-01    1.765E-01
     0.00                               6.547E+00   -3.323E+01   -6.669E-01   -1.404E-01   -3.499E-02   -3.422E-01    2.320E-01
     2.00                               6.869E+00   -3.486E+01   -6.798E-01   -9.037E-02   -6.436E-02   -3.503E-01    2.886E-01
     4.00                               7.215E+00   -3.661E+01   -6.886E-01   -3.964E-02   -9.430E-02   -3.584E-01    3.459E-01
     6.00                               7.178E+00   -3.643E+01   -6.932E-01    1.172E-02   -1.250E-01   -3.666E-01    4.034E-01
     8.00                               5.968E+00   -3.029E+01   -5.994E-01    6.853E-02   -1.677E-01   -3.747E-01    4.604E-01
    10.00                               4.070E+00   -2.066E+01   -4.415E-01    1.226E-01   -2.140E-01   -3.812E-01    4.973E-01
    12.00                               2.954E+00   -1.499E+01   -3.043E-01    1.728E-01   -2.562E-01   -3.862E-01    5.210E-01
    14.00                               2.072E+00   -1.052E+01   -1.673E-01    2.180E-01   -2.933E-01   -3.891E-01    5.290E-01
    16.00                               1.441E+00   -7.312E+00   -4.314E-02    2.509E-01   -3.169E-01   -3.901E-01    5.241E-01
 WARNING*** BODY ALONE DYNAMIC DERIVATIVE METHOD VALID FOR NOSE CYLINDER ONLY
            TAIL EFFECTS IGNORED]
1                               AUTOMATED STABILITY AND CONTROL METHODS PER APRIL 1976 VERSION OF DATCOM
                                         CHARACTERISTICS AT ANGLE OF ATTACK AND IN SIDESLIP
                                        WING-BODY-VERTICAL TAIL-HORIZONTAL TAIL CONFIGURATION
                                               B738 M060 CLEAN CRUISE FULL AIRCRAFT
 
 -----------------------  FLIGHT CONDITIONS  ------------------------           --------------  REFERENCE DIMENSIONS  ------------
  MACH    ALTITUDE   VELOCITY    PRESSURE    TEMPERATURE     REYNOLDS             REF.      REFERENCE LENGTH   MOMENT REF. CENTER
 NUMBER                                                       NUMBER              AREA       LONG.     LAT.     HORIZ      VERT
              M        M/SEC      N/ M**2       DEG K         1/ M                M**2         M         M         M         M
0 0.600    3048.00     197.01   6.9695E+04     268.347     1.0487E+07           124.583      3.958    34.315    17.000     0.000
0                                                               -------------------DERIVATIVE (PER RADIAN)-------------------
0 ALPHA     CD       CL       CM       CN       CA       XCP        CLA          CMA          CYB          CNB          CLB
0
   -6.0    0.029   -0.405    0.6959  -0.406   -0.014   -1.714    8.516E+00   -9.165E+00   -8.751E-01    1.637E-01   -1.552E-01
   -4.0    0.023   -0.107    0.3989  -0.108    0.015   -3.689    8.556E+00   -8.061E+00                             -1.846E-01
   -2.0    0.023    0.192    0.1331   0.191    0.030    0.696    8.680E+00   -6.961E+00                             -2.141E-01
    0.0    0.031    0.499   -0.0870   0.499    0.031   -0.174    8.889E+00   -5.786E+00                             -2.447E-01
    2.0    0.047    0.813   -0.2709   0.814    0.018   -0.333    9.030E+00   -4.890E+00                             -2.763E-01
    4.0    0.070    1.130   -0.4284   1.132   -0.009   -0.379    9.096E+00   -4.309E+00                             -3.084E-01
    6.0    0.101    1.448   -0.5717   1.450   -0.051   -0.394    9.123E+00   -3.591E+00                             -3.408E-01
    8.0    0.140    1.766   -0.6791   1.769   -0.107   -0.384    8.063E+00   -2.862E+00                             -3.730E-01
   10.0    0.174    2.011   -0.7715   2.010   -0.178   -0.384    6.236E+00   -2.846E+00                             -3.939E-01
   12.0    0.204    2.202   -0.8777   2.196   -0.259   -0.400    4.527E+00   -2.364E+00                             -4.065E-01
   14.0    0.225    2.327   -0.9365   2.312   -0.345   -0.405    2.740E+00   -1.424E+00                             -4.094E-01
   16.0    0.238    2.393   -0.9771   2.366   -0.431   -0.413    1.074E+00   -9.063E-01                             -4.035E-01
0                                    ALPHA     Q/QINF    EPSLON  D(EPSLON)/D(ALPHA)
0
                                     -6.0      1.000     -1.050        0.534
                                     -4.0      1.000      0.019        0.545
                                     -2.0      1.000      1.132        0.572
                                      0.0      1.000      2.306        0.598
                                      2.0      1.000      3.524        0.627
                                      4.0      1.000      4.816        0.659
                                      6.0      1.000      6.160        0.656
                                      8.0      1.000      7.439        0.545
                                     10.0      1.000      8.340        0.372
                                     12.0      1.000      8.926        0.270
                                     14.0      1.000      9.420        0.189
                                     16.0      1.000      9.683        0.132
1                               AUTOMATED STABILITY AND CONTROL METHODS PER APRIL 1976 VERSION OF DATCOM
                                                         DYNAMIC DERIVATIVES
                                        WING-BODY-VERTICAL TAIL-HORIZONTAL TAIL CONFIGURATION
                                               B738 M060 CLEAN CRUISE FULL AIRCRAFT
 
 -----------------------  FLIGHT CONDITIONS  ------------------------           --------------  REFERENCE DIMENSIONS  ------------
  MACH    ALTITUDE   VELOCITY    PRESSURE    TEMPERATURE     REYNOLDS             REF.      REFERENCE LENGTH   MOMENT REF. CENTER
 NUMBER                                                       NUMBER              AREA       LONG.     LAT.     HORIZ      VERT
              M        M/SEC      N/ M**2       DEG K         1/ M                M**2         M         M         M         M
0 0.600    3048.00     197.01   6.9695E+04     268.347     1.0487E+07           124.583      3.958    34.315    17.000     0.000
                                                    DYNAMIC DERIVATIVES (PER RADIAN)
0           -------PITCHING-------    -----ACCELERATION------    --------------ROLLING--------------    --------YAWING--------
0   ALPHA       CLQ          CMQ           CLAD         CMAD         CLP          CYP          CNP          CNR          CLR
0
    -6.00    2.895E+01   -6.651E+01     5.850E+00   -2.969E+01   -6.445E-01   -2.864E-01    5.080E-02   -3.181E-01    6.885E-02
    -4.00                               5.969E+00   -3.030E+01   -6.420E-01   -2.382E-01    2.248E-02   -3.262E-01    1.228E-01
    -2.00                               6.259E+00   -3.177E+01   -6.503E-01   -1.897E-01   -6.040E-03   -3.342E-01    1.765E-01
     0.00                               6.547E+00   -3.323E+01   -6.670E-01   -1.404E-01   -3.499E-02   -3.423E-01    2.320E-01
     2.00                               6.869E+00   -3.486E+01   -6.798E-01   -9.037E-02   -6.435E-02   -3.504E-01    2.886E-01
     4.00                               7.215E+00   -3.661E+01   -6.886E-01   -3.964E-02   -9.430E-02   -3.585E-01    3.459E-01
     6.00                               7.178E+00   -3.643E+01   -6.932E-01    1.172E-02   -1.250E-01   -3.667E-01    4.034E-01
     8.00                               5.968E+00   -3.029E+01   -5.994E-01    6.853E-02   -1.677E-01   -3.748E-01    4.604E-01
    10.00                               4.070E+00   -2.066E+01   -4.415E-01    1.226E-01   -2.140E-01   -3.813E-01    4.973E-01
    12.00                               2.954E+00   -1.499E+01   -3.043E-01    1.728E-01   -2.562E-01   -3.863E-01    5.210E-01
    14.00                               2.072E+00   -1.052E+01   -1.673E-01    2.180E-01   -2.933E-01   -3.892E-01    5.290E-01
    16.00                               1.441E+00   -7.312E+00   -4.316E-02    2.509E-01   -3.169E-01   -3.902E-01    5.241E-01
 WARNING*** BODY ALONE DYNAMIC DERIVATIVE METHOD VALID FOR NOSE CYLINDER ONLY
            TAIL EFFECTS IGNORED]
1                               AUTOMATED STABILITY AND CONTROL METHODS PER APRIL 1976 VERSION OF DATCOM
                                         CHARACTERISTICS AT ANGLE OF ATTACK AND IN SIDESLIP
                                        WING-BODY-VERTICAL TAIL-HORIZONTAL TAIL CONFIGURATION
                                               B738 M060 CLEAN CRUISE FULL AIRCRAFT
 
 -----------------------  FLIGHT CONDITIONS  ------------------------           --------------  REFERENCE DIMENSIONS  ------------
  MACH    ALTITUDE   VELOCITY    PRESSURE    TEMPERATURE     REYNOLDS             REF.      REFERENCE LENGTH   MOMENT REF. CENTER
 NUMBER                                                       NUMBER              AREA       LONG.     LAT.     HORIZ      VERT
              M        M/SEC      N/ M**2       DEG K         1/ M                M**2         M         M         M         M
0 0.600    4572.00     193.35   5.7207E+04     258.453     9.0367E+06           124.583      3.958    34.315    17.000     0.000
0                                                               -------------------DERIVATIVE (PER RADIAN)-------------------
0 ALPHA     CD       CL       CM       CN       CA       XCP        CLA          CMA          CYB          CNB          CLB
0
   -6.0    0.029   -0.405    0.6958  -0.406   -0.013   -1.714    8.516E+00   -9.162E+00   -8.751E-01    1.657E-01   -1.552E-01
   -4.0    0.023   -0.107    0.3989  -0.108    0.015   -3.689    8.556E+00   -8.062E+00                             -1.846E-01
   -2.0    0.024    0.192    0.1330   0.191    0.030    0.696    8.680E+00   -6.962E+00                             -2.141E-01
    0.0    0.031    0.499   -0.0871   0.499    0.031   -0.174    8.889E+00   -5.786E+00                             -2.447E-01
    2.0    0.047    0.813   -0.2709   0.814    0.019   -0.333    9.030E+00   -4.890E+00                             -2.763E-01
    4.0    0.070    1.130   -0.4284   1.132   -0.009   -0.379    9.096E+00   -4.309E+00                             -3.084E-01
    6.0    0.101    1.448   -0.5717   1.450   -0.050   -0.394    9.123E+00   -3.591E+00                             -3.408E-01
    8.0    0.140    1.766   -0.6791   1.769   -0.107   -0.384    8.063E+00   -2.862E+00                             -3.730E-01
   10.0    0.174    2.011   -0.7715   2.010   -0.177   -0.384    6.236E+00   -2.846E+00                             -3.939E-01
   12.0    0.204    2.202   -0.8778   2.196   -0.258   -0.400    4.527E+00   -2.364E+00                             -4.065E-01
   14.0    0.225    2.327   -0.9366   2.312   -0.344   -0.405    2.740E+00   -1.424E+00                             -4.094E-01
   16.0    0.239    2.393   -0.9772   2.366   -0.430   -0.413    1.074E+00   -9.065E-01                             -4.035E-01
0                                    ALPHA     Q/QINF    EPSLON  D(EPSLON)/D(ALPHA)
0
                                     -6.0      1.000     -1.050        0.534
                                     -4.0      1.000      0.019        0.545
                                     -2.0      1.000      1.132        0.572
                                      0.0      1.000      2.306        0.598
                                      2.0      1.000      3.524        0.627
                                      4.0      1.000      4.816        0.659
                                      6.0      1.000      6.160        0.656
                                      8.0      1.000      7.439        0.545
                                     10.0      1.000      8.340        0.372
                                     12.0      1.000      8.926        0.270
                                     14.0      1.000      9.420        0.189
                                     16.0      1.000      9.683        0.132
1                               AUTOMATED STABILITY AND CONTROL METHODS PER APRIL 1976 VERSION OF DATCOM
                                                         DYNAMIC DERIVATIVES
                                        WING-BODY-VERTICAL TAIL-HORIZONTAL TAIL CONFIGURATION
                                               B738 M060 CLEAN CRUISE FULL AIRCRAFT
 
 -----------------------  FLIGHT CONDITIONS  ------------------------           --------------  REFERENCE DIMENSIONS  ------------
  MACH    ALTITUDE   VELOCITY    PRESSURE    TEMPERATURE     REYNOLDS             REF.      REFERENCE LENGTH   MOMENT REF. CENTER
 NUMBER                                                       NUMBER              AREA       LONG.     LAT.     HORIZ      VERT
              M        M/SEC      N/ M**2       DEG K         1/ M                M**2         M         M         M         M
0 0.600    4572.00     193.35   5.7207E+04     258.453     9.0367E+06           124.583      3.958    34.315    17.000     0.000
                                                    DYNAMIC DERIVATIVES (PER RADIAN)
0           -------PITCHING-------    -----ACCELERATION------    --------------ROLLING--------------    --------YAWING--------
0   ALPHA       CLQ          CMQ           CLAD         CMAD         CLP          CYP          CNP          CNR          CLR
0
    -6.00    2.895E+01   -6.651E+01     5.850E+00   -2.969E+01   -6.445E-01   -2.864E-01    5.080E-02   -3.182E-01    6.885E-02
    -4.00                               5.969E+00   -3.030E+01   -6.420E-01   -2.382E-01    2.248E-02   -3.262E-01    1.228E-01
    -2.00                               6.259E+00   -3.177E+01   -6.504E-01   -1.897E-01   -6.040E-03   -3.343E-01    1.765E-01
     0.00                               6.547E+00   -3.323E+01   -6.670E-01   -1.404E-01   -3.499E-02   -3.424E-01    2.320E-01
     2.00                               6.869E+00   -3.486E+01   -6.798E-01   -9.037E-02   -6.435E-02   -3.505E-01    2.886E-01
     4.00                               7.215E+00   -3.661E+01   -6.886E-01   -3.964E-02   -9.430E-02   -3.586E-01    3.459E-01
     6.00                               7.178E+00   -3.643E+01   -6.932E-01    1.172E-02   -1.250E-01   -3.668E-01    4.034E-01
     8.00                               5.968E+00   -3.029E+01   -5.994E-01    6.853E-02   -1.677E-01   -3.749E-01    4.604E-01
    10.00                               4.070E+00   -2.066E+01   -4.416E-01    1.226E-01   -2.140E-01   -3.814E-01    4.973E-01
    12.00                               2.954E+00   -1.499E+01   -3.043E-01    1.728E-01   -2.562E-01   -3.863E-01    5.210E-01
    14.00                               2.072E+00   -1.052E+01   -1.673E-01    2.180E-01   -2.933E-01   -3.893E-01    5.290E-01
    16.00                               1.441E+00   -7.312E+00   -4.319E-02    2.509E-01   -3.169E-01   -3.903E-01    5.241E-01
 WARNING*** BODY ALONE DYNAMIC DERIVATIVE METHOD VALID FOR NOSE CYLINDER ONLY
            TAIL EFFECTS IGNORED]
1                               AUTOMATED STABILITY AND CONTROL METHODS PER APRIL 1976 VERSION OF DATCOM
                                         CHARACTERISTICS AT ANGLE OF ATTACK AND IN SIDESLIP
                                        WING-BODY-VERTICAL TAIL-HORIZONTAL TAIL CONFIGURATION
                                               B738 M060 CLEAN CRUISE FULL AIRCRAFT
 
 -----------------------  FLIGHT CONDITIONS  ------------------------           --------------  REFERENCE DIMENSIONS  ------------
  MACH    ALTITUDE   VELOCITY    PRESSURE    TEMPERATURE     REYNOLDS             REF.      REFERENCE LENGTH   MOMENT REF. CENTER
 NUMBER                                                       NUMBER              AREA       LONG.     LAT.     HORIZ      VERT
              M        M/SEC      N/ M**2       DEG K         1/ M                M**2         M         M         M         M
0 0.600    6096.00     189.61   4.6600E+04     248.564     7.7453E+06           124.583      3.958    34.315    17.000     0.000
0                                                               -------------------DERIVATIVE (PER RADIAN)-------------------
0 ALPHA     CD       CL       CM       CN       CA       XCP        CLA          CMA          CYB          CNB          CLB
0
   -6.0    0.029   -0.405    0.6958  -0.406   -0.013   -1.713    8.516E+00   -9.158E+00   -8.751E-01    1.678E-01   -1.552E-01
   -4.0    0.023   -0.107    0.3990  -0.108    0.016   -3.688    8.556E+00   -8.062E+00                             -1.846E-01
   -2.0    0.024    0.192    0.1330   0.191    0.031    0.696    8.680E+00   -6.963E+00                             -2.141E-01
    0.0    0.032    0.499   -0.0871   0.499    0.032   -0.175    8.889E+00   -5.786E+00                             -2.447E-01
    2.0    0.047    0.813   -0.2710   0.814    0.019   -0.333    9.030E+00   -4.890E+00                             -2.763E-01
    4.0    0.071    1.130   -0.4285   1.132   -0.008   -0.379    9.095E+00   -4.309E+00                             -3.084E-01
    6.0    0.102    1.448   -0.5718   1.450   -0.050   -0.394    9.123E+00   -3.591E+00                             -3.408E-01
    8.0    0.141    1.766   -0.6792   1.769   -0.106   -0.384    8.062E+00   -2.862E+00                             -3.730E-01
   10.0    0.175    2.011   -0.7716   2.010   -0.177   -0.384    6.236E+00   -2.846E+00                             -3.939E-01
   12.0    0.204    2.202   -0.8779   2.196   -0.258   -0.400    4.526E+00   -2.364E+00                             -4.065E-01
   14.0    0.226    2.327   -0.9366   2.312   -0.344   -0.405    2.740E+00   -1.424E+00                             -4.094E-01
   16.0    0.239    2.393   -0.9773   2.366   -0.430   -0.413    1.074E+00   -9.065E-01                             -4.035E-01
0                                    ALPHA     Q/QINF    EPSLON  D(EPSLON)/D(ALPHA)
0
                                     -6.0      1.000     -1.050        0.534
                                     -4.0      1.000      0.019        0.545
                                     -2.0      1.000      1.132        0.572
                                      0.0      1.000      2.306        0.598
                                      2.0      1.000      3.524        0.627
                                      4.0      1.000      4.816        0.659
                                      6.0      1.000      6.160        0.656
                                      8.0      1.000      7.439        0.545
                                     10.0      1.000      8.340        0.372
                                     12.0      1.000      8.926        0.270
                                     14.0      1.000      9.420        0.189
                                     16.0      1.000      9.683        0.132
1                               AUTOMATED STABILITY AND CONTROL METHODS PER APRIL 1976 VERSION OF DATCOM
                                                         DYNAMIC DERIVATIVES
                                        WING-BODY-VERTICAL TAIL-HORIZONTAL TAIL CONFIGURATION
                                               B738 M060 CLEAN CRUISE FULL AIRCRAFT
 
 -----------------------  FLIGHT CONDITIONS  ------------------------           --------------  REFERENCE DIMENSIONS  ------------
  MACH    ALTITUDE   VELOCITY    PRESSURE    TEMPERATURE     REYNOLDS             REF.      REFERENCE LENGTH   MOMENT REF. CENTER
 NUMBER                                                       NUMBER              AREA       LONG.     LAT.     HORIZ      VERT
              M        M/SEC      N/ M**2       DEG K         1/ M                M**2         M         M         M         M
0 0.600    6096.00     189.61   4.6600E+04     248.564     7.7453E+06           124.583      3.958    34.315    17.000     0.000
                                                    DYNAMIC DERIVATIVES (PER RADIAN)
0           -------PITCHING-------    -----ACCELERATION------    --------------ROLLING--------------    --------YAWING--------
0   ALPHA       CLQ          CMQ           CLAD         CMAD         CLP          CYP          CNP          CNR          CLR
0
    -6.00    2.895E+01   -6.651E+01     5.850E+00   -2.969E+01   -6.445E-01   -2.864E-01    5.080E-02   -3.183E-01    6.885E-02
    -4.00                               5.969E+00   -3.030E+01   -6.420E-01   -2.382E-01    2.248E-02   -3.263E-01    1.228E-01
    -2.00                               6.259E+00   -3.177E+01   -6.504E-01   -1.897E-01   -6.040E-03   -3.344E-01    1.765E-01
     0.00                               6.547E+00   -3.323E+01   -6.670E-01   -1.404E-01   -3.499E-02   -3.425E-01    2.320E-01
     2.00                               6.869E+00   -3.486E+01   -6.798E-01   -9.037E-02   -6.435E-02   -3.506E-01    2.886E-01
     4.00                               7.215E+00   -3.661E+01   -6.886E-01   -3.964E-02   -9.430E-02   -3.587E-01    3.459E-01
     6.00                               7.178E+00   -3.643E+01   -6.932E-01    1.172E-02   -1.250E-01   -3.668E-01    4.034E-01
     8.00                               5.968E+00   -3.029E+01   -5.995E-01    6.853E-02   -1.677E-01   -3.750E-01    4.604E-01
    10.00                               4.070E+00   -2.066E+01   -4.416E-01    1.226E-01   -2.140E-01   -3.815E-01    4.973E-01
    12.00                               2.954E+00   -1.499E+01   -3.043E-01    1.728E-01   -2.562E-01   -3.864E-01    5.210E-01
    14.00                               2.072E+00   -1.052E+01   -1.674E-01    2.180E-01   -2.933E-01   -3.894E-01    5.290E-01
    16.00                               1.441E+00   -7.312E+00   -4.322E-02    2.509E-01   -3.169E-01   -3.903E-01    5.241E-01
 WARNING*** BODY ALONE DYNAMIC DERIVATIVE METHOD VALID FOR NOSE CYLINDER ONLY
            TAIL EFFECTS IGNORED]
1                               AUTOMATED STABILITY AND CONTROL METHODS PER APRIL 1976 VERSION OF DATCOM
                                         CHARACTERISTICS AT ANGLE OF ATTACK AND IN SIDESLIP
                                        WING-BODY-VERTICAL TAIL-HORIZONTAL TAIL CONFIGURATION
                                               B738 M060 CLEAN CRUISE FULL AIRCRAFT
 
 -----------------------  FLIGHT CONDITIONS  ------------------------           --------------  REFERENCE DIMENSIONS  ------------
  MACH    ALTITUDE   VELOCITY    PRESSURE    TEMPERATURE     REYNOLDS             REF.      REFERENCE LENGTH   MOMENT REF. CENTER
 NUMBER                                                       NUMBER              AREA       LONG.     LAT.     HORIZ      VERT
              M        M/SEC      N/ M**2       DEG K         1/ M                M**2         M         M         M         M
0 0.600    7620.00     185.80   3.7650E+04     238.679     6.5998E+06           124.583      3.958    34.315    17.000     0.000
0                                                               -------------------DERIVATIVE (PER RADIAN)-------------------
0 ALPHA     CD       CL       CM       CN       CA       XCP        CLA          CMA          CYB          CNB          CLB
0
   -6.0    0.030   -0.405    0.6957  -0.406   -0.013   -1.713    8.516E+00   -9.155E+00   -8.751E-01    1.700E-01   -1.552E-01
   -4.0    0.024   -0.107    0.3990  -0.108    0.016   -3.688    8.556E+00   -8.062E+00                             -1.846E-01
   -2.0    0.024    0.192    0.1329   0.191    0.031    0.695    8.680E+00   -6.964E+00                             -2.141E-01
    0.0    0.032    0.499   -0.0872   0.499    0.032   -0.175    8.889E+00   -5.786E+00                             -2.447E-01
    2.0    0.048    0.813   -0.2711   0.814    0.019   -0.333    9.030E+00   -4.890E+00                             -2.763E-01
    4.0    0.071    1.130   -0.4286   1.132   -0.008   -0.379    9.095E+00   -4.309E+00                             -3.084E-01
    6.0    0.102    1.448   -0.5719   1.450   -0.050   -0.394    9.123E+00   -3.591E+00                             -3.408E-01
    8.0    0.141    1.766   -0.6793   1.769   -0.106   -0.384    8.062E+00   -2.862E+00                             -3.730E-01
   10.0    0.175    2.011   -0.7717   2.010   -0.177   -0.384    6.236E+00   -2.846E+00                             -3.939E-01
   12.0    0.205    2.202   -0.8780   2.196   -0.257   -0.400    4.526E+00   -2.364E+00                             -4.065E-01
   14.0    0.226    2.327   -0.9367   2.312   -0.344   -0.405    2.740E+00   -1.424E+00                             -4.094E-01
   16.0    0.239    2.393   -0.9774   2.366   -0.429   -0.413    1.074E+00   -9.067E-01                             -4.035E-01
0                                    ALPHA     Q/QINF    EPSLON  D(EPSLON)/D(ALPHA)
0
                                     -6.0      1.000     -1.050        0.534
                                     -4.0      1.000      0.019        0.545
                                     -2.0      1.000      1.132        0.572
                                      0.0      1.000      2.306        0.598
                                      2.0      1.000      3.524        0.627
                                      4.0      1.000      4.816        0.659
                                      6.0      1.000      6.160        0.656
                                      8.0      1.000      7.439        0.545
                                     10.0      1.000      8.340        0.372
                                     12.0      1.000      8.926        0.270
                                     14.0      1.000      9.420        0.189
                                     16.0      1.000      9.683        0.132
1                               AUTOMATED STABILITY AND CONTROL METHODS PER APRIL 1976 VERSION OF DATCOM
                                                         DYNAMIC DERIVATIVES
                                        WING-BODY-VERTICAL TAIL-HORIZONTAL TAIL CONFIGURATION
                                               B738 M060 CLEAN CRUISE FULL AIRCRAFT
 
 -----------------------  FLIGHT CONDITIONS  ------------------------           --------------  REFERENCE DIMENSIONS  ------------
  MACH    ALTITUDE   VELOCITY    PRESSURE    TEMPERATURE     REYNOLDS             REF.      REFERENCE LENGTH   MOMENT REF. CENTER
 NUMBER                                                       NUMBER              AREA       LONG.     LAT.     HORIZ      VERT
              M        M/SEC      N/ M**2       DEG K         1/ M                M**2         M         M         M         M
0 0.600    7620.00     185.80   3.7650E+04     238.679     6.5998E+06           124.583      3.958    34.315    17.000     0.000
                                                    DYNAMIC DERIVATIVES (PER RADIAN)
0           -------PITCHING-------    -----ACCELERATION------    --------------ROLLING--------------    --------YAWING--------
0   ALPHA       CLQ          CMQ           CLAD         CMAD         CLP          CYP          CNP          CNR          CLR
0
    -6.00    2.895E+01   -6.651E+01     5.850E+00   -2.969E+01   -6.445E-01   -2.864E-01    5.080E-02   -3.184E-01    6.885E-02
    -4.00                               5.969E+00   -3.030E+01   -6.420E-01   -2.382E-01    2.248E-02   -3.264E-01    1.228E-01
    -2.00                               6.259E+00   -3.177E+01   -6.504E-01   -1.897E-01   -6.040E-03   -3.345E-01    1.765E-01
     0.00                               6.547E+00   -3.323E+01   -6.671E-01   -1.404E-01   -3.498E-02   -3.425E-01    2.320E-01
     2.00                               6.869E+00   -3.486E+01   -6.799E-01   -9.037E-02   -6.435E-02   -3.507E-01    2.886E-01
     4.00                               7.215E+00   -3.661E+01   -6.887E-01   -3.964E-02   -9.430E-02   -3.588E-01    3.459E-01
     6.00                               7.178E+00   -3.643E+01   -6.933E-01    1.172E-02   -1.250E-01   -3.669E-01    4.034E-01
     8.00                               5.968E+00   -3.029E+01   -5.995E-01    6.853E-02   -1.677E-01   -3.751E-01    4.604E-01
    10.00                               4.070E+00   -2.066E+01   -4.416E-01    1.226E-01   -2.140E-01   -3.816E-01    4.973E-01
    12.00                               2.954E+00   -1.499E+01   -3.044E-01    1.728E-01   -2.562E-01   -3.865E-01    5.210E-01
    14.00                               2.072E+00   -1.052E+01   -1.674E-01    2.180E-01   -2.933E-01   -3.895E-01    5.290E-01
    16.00                               1.441E+00   -7.312E+00   -4.325E-02    2.509E-01   -3.169E-01   -3.904E-01    5.241E-01
 WARNING*** BODY ALONE DYNAMIC DERIVATIVE METHOD VALID FOR NOSE CYLINDER ONLY
            TAIL EFFECTS IGNORED]
1                               AUTOMATED STABILITY AND CONTROL METHODS PER APRIL 1976 VERSION OF DATCOM
                                         CHARACTERISTICS AT ANGLE OF ATTACK AND IN SIDESLIP
                                        WING-BODY-VERTICAL TAIL-HORIZONTAL TAIL CONFIGURATION
                                               B738 M060 CLEAN CRUISE FULL AIRCRAFT
 
 -----------------------  FLIGHT CONDITIONS  ------------------------           --------------  REFERENCE DIMENSIONS  ------------
  MACH    ALTITUDE   VELOCITY    PRESSURE    TEMPERATURE     REYNOLDS             REF.      REFERENCE LENGTH   MOMENT REF. CENTER
 NUMBER                                                       NUMBER              AREA       LONG.     LAT.     HORIZ      VERT
              M        M/SEC      N/ M**2       DEG K         1/ M                M**2         M         M         M         M
0 0.600    9144.00     181.92   3.0148E+04     228.799     5.5883E+06           124.583      3.958    34.315    17.000     0.000
0                                                               -------------------DERIVATIVE (PER RADIAN)-------------------
0 ALPHA     CD       CL       CM       CN       CA       XCP        CLA          CMA          CYB          CNB          CLB
0
   -6.0    0.030   -0.405    0.6957  -0.406   -0.012   -1.713    8.515E+00   -9.151E+00   -8.751E-01    1.722E-01   -1.552E-01
   -4.0    0.024   -0.107    0.3990  -0.108    0.017   -3.687    8.556E+00   -8.062E+00                             -1.846E-01
   -2.0    0.025    0.192    0.1329   0.191    0.032    0.695    8.680E+00   -6.965E+00                             -2.141E-01
    0.0    0.033    0.499   -0.0873   0.499    0.033   -0.175    8.889E+00   -5.787E+00                             -2.447E-01
    2.0    0.048    0.813   -0.2711   0.814    0.020   -0.333    9.030E+00   -4.890E+00                             -2.763E-01
    4.0    0.072    1.130   -0.4286   1.132   -0.007   -0.379    9.095E+00   -4.309E+00                             -3.084E-01
    6.0    0.103    1.448   -0.5720   1.450   -0.049   -0.394    9.123E+00   -3.592E+00                             -3.408E-01
    8.0    0.142    1.766   -0.6794   1.769   -0.106   -0.384    8.062E+00   -2.862E+00                             -3.730E-01
   10.0    0.176    2.010   -0.7718   2.010   -0.176   -0.384    6.236E+00   -2.846E+00                             -3.939E-01
   12.0    0.205    2.202   -0.8781   2.196   -0.257   -0.400    4.526E+00   -2.364E+00                             -4.065E-01
   14.0    0.226    2.326   -0.9368   2.312   -0.343   -0.405    2.740E+00   -1.424E+00                             -4.094E-01
   16.0    0.240    2.393   -0.9775   2.366   -0.429   -0.413    1.074E+00   -9.068E-01                             -4.035E-01
0                                    ALPHA     Q/QINF    EPSLON  D(EPSLON)/D(ALPHA)
0
                                     -6.0      1.000     -1.050        0.534
                                     -4.0      1.000      0.019        0.545
                                     -2.0      1.000      1.132        0.572
                                      0.0      1.000      2.306        0.598
                                      2.0      1.000      3.524        0.627
                                      4.0      1.000      4.816        0.659
                                      6.0      1.000      6.160        0.656
                                      8.0      1.000      7.439        0.545
                                     10.0      1.000      8.340        0.372
                                     12.0      1.000      8.926        0.270
                                     14.0      1.000      9.420        0.189
                                     16.0      1.000      9.683        0.132
1                               AUTOMATED STABILITY AND CONTROL METHODS PER APRIL 1976 VERSION OF DATCOM
                                                         DYNAMIC DERIVATIVES
                                        WING-BODY-VERTICAL TAIL-HORIZONTAL TAIL CONFIGURATION
                                               B738 M060 CLEAN CRUISE FULL AIRCRAFT
 
 -----------------------  FLIGHT CONDITIONS  ------------------------           --------------  REFERENCE DIMENSIONS  ------------
  MACH    ALTITUDE   VELOCITY    PRESSURE    TEMPERATURE     REYNOLDS             REF.      REFERENCE LENGTH   MOMENT REF. CENTER
 NUMBER                                                       NUMBER              AREA       LONG.     LAT.     HORIZ      VERT
              M        M/SEC      N/ M**2       DEG K         1/ M                M**2         M         M         M         M
0 0.600    9144.00     181.92   3.0148E+04     228.799     5.5883E+06           124.583      3.958    34.315    17.000     0.000
                                                    DYNAMIC DERIVATIVES (PER RADIAN)
0           -------PITCHING-------    -----ACCELERATION------    --------------ROLLING--------------    --------YAWING--------
0   ALPHA       CLQ          CMQ           CLAD         CMAD         CLP          CYP          CNP          CNR          CLR
0
    -6.00    2.895E+01   -6.651E+01     5.850E+00   -2.969E+01   -6.446E-01   -2.864E-01    5.080E-02   -3.185E-01    6.885E-02
    -4.00                               5.969E+00   -3.030E+01   -6.421E-01   -2.382E-01    2.248E-02   -3.265E-01    1.228E-01
    -2.00                               6.259E+00   -3.177E+01   -6.504E-01   -1.897E-01   -6.039E-03   -3.346E-01    1.765E-01
     0.00                               6.547E+00   -3.323E+01   -6.671E-01   -1.404E-01   -3.498E-02   -3.427E-01    2.320E-01
     2.00                               6.869E+00   -3.486E+01   -6.799E-01   -9.037E-02   -6.435E-02   -3.508E-01    2.886E-01
     4.00                               7.215E+00   -3.661E+01   -6.887E-01   -3.964E-02   -9.430E-02   -3.589E-01    3.459E-01
     6.00                               7.178E+00   -3.643E+01   -6.933E-01    1.172E-02   -1.250E-01   -3.671E-01    4.034E-01
     8.00                               5.968E+00   -3.029E+01   -5.995E-01    6.853E-02   -1.677E-01   -3.752E-01    4.604E-01
    10.00                               4.070E+00   -2.066E+01   -4.416E-01    1.226E-01   -2.140E-01   -3.817E-01    4.973E-01
    12.00                               2.954E+00   -1.499E+01   -3.044E-01    1.728E-01   -2.562E-01   -3.866E-01    5.210E-01
    14.00                               2.072E+00   -1.052E+01   -1.674E-01    2.180E-01   -2.933E-01   -3.896E-01    5.290E-01
    16.00                               1.441E+00   -7.312E+00   -4.328E-02    2.509E-01   -3.169E-01   -3.905E-01    5.241E-01
 WARNING*** BODY ALONE DYNAMIC DERIVATIVE METHOD VALID FOR NOSE CYLINDER ONLY
            TAIL EFFECTS IGNORED]
1                               AUTOMATED STABILITY AND CONTROL METHODS PER APRIL 1976 VERSION OF DATCOM
                                         CHARACTERISTICS AT ANGLE OF ATTACK AND IN SIDESLIP
                                        WING-BODY-VERTICAL TAIL-HORIZONTAL TAIL CONFIGURATION
                                               B738 M060 CLEAN CRUISE FULL AIRCRAFT
 
 -----------------------  FLIGHT CONDITIONS  ------------------------           --------------  REFERENCE DIMENSIONS  ------------
  MACH    ALTITUDE   VELOCITY    PRESSURE    TEMPERATURE     REYNOLDS             REF.      REFERENCE LENGTH   MOMENT REF. CENTER
 NUMBER                                                       NUMBER              AREA       LONG.     LAT.     HORIZ      VERT
              M        M/SEC      N/ M**2       DEG K         1/ M                M**2         M         M         M         M
0 0.600   10668.00     177.95   2.3909E+04     218.924     4.6996E+06           124.583      3.958    34.315    17.000     0.000
0                                                               -------------------DERIVATIVE (PER RADIAN)-------------------
0 ALPHA     CD       CL       CM       CN       CA       XCP        CLA          CMA          CYB          CNB          CLB
0
   -6.0    0.031   -0.405    0.6956  -0.406   -0.012   -1.713    8.515E+00   -9.146E+00   -8.751E-01    1.746E-01   -1.552E-01
   -4.0    0.025   -0.107    0.3990  -0.108    0.017   -3.686    8.556E+00   -8.062E+00                             -1.846E-01
   -2.0    0.025    0.192    0.1328   0.191    0.032    0.695    8.680E+00   -6.966E+00                             -2.141E-01
    0.0    0.033    0.499   -0.0873   0.499    0.033   -0.175    8.888E+00   -5.787E+00                             -2.447E-01
    2.0    0.049    0.813   -0.2712   0.814    0.020   -0.333    9.030E+00   -4.890E+00                             -2.763E-01
    4.0    0.072    1.130   -0.4287   1.132   -0.007   -0.379    9.095E+00   -4.310E+00                             -3.084E-01
    6.0    0.103    1.448   -0.5721   1.450   -0.049   -0.394    9.122E+00   -3.592E+00                             -3.408E-01
    8.0    0.142    1.766   -0.6795   1.769   -0.105   -0.384    8.062E+00   -2.862E+00                             -3.730E-01
   10.0    0.176    2.010   -0.7719   2.010   -0.176   -0.384    6.236E+00   -2.846E+00                             -3.939E-01
   12.0    0.206    2.202   -0.8782   2.196   -0.257   -0.400    4.526E+00   -2.364E+00                             -4.065E-01
   14.0    0.227    2.326   -0.9370   2.312   -0.343   -0.405    2.740E+00   -1.424E+00                             -4.094E-01
   16.0    0.240    2.393   -0.9776   2.367   -0.429   -0.413    1.074E+00   -9.070E-01                             -4.034E-01
0                                    ALPHA     Q/QINF    EPSLON  D(EPSLON)/D(ALPHA)
0
                                     -6.0      1.000     -1.050        0.534
                                     -4.0      1.000      0.019        0.545
                                     -2.0      1.000      1.132        0.572
                                      0.0      1.000      2.306        0.598
                                      2.0      1.000      3.524        0.627
                                      4.0      1.000      4.816        0.659
                                      6.0      1.000      6.160        0.656
                                      8.0      1.000      7.439        0.545
                                     10.0      1.000      8.340        0.372
                                     12.0      1.000      8.926        0.270
                                     14.0      1.000      9.420        0.189
                                     16.0      1.000      9.683        0.132
1                               AUTOMATED STABILITY AND CONTROL METHODS PER APRIL 1976 VERSION OF DATCOM
                                                         DYNAMIC DERIVATIVES
                                        WING-BODY-VERTICAL TAIL-HORIZONTAL TAIL CONFIGURATION
                                               B738 M060 CLEAN CRUISE FULL AIRCRAFT
 
 -----------------------  FLIGHT CONDITIONS  ------------------------           --------------  REFERENCE DIMENSIONS  ------------
  MACH    ALTITUDE   VELOCITY    PRESSURE    TEMPERATURE     REYNOLDS             REF.      REFERENCE LENGTH   MOMENT REF. CENTER
 NUMBER                                                       NUMBER              AREA       LONG.     LAT.     HORIZ      VERT
              M        M/SEC      N/ M**2       DEG K         1/ M                M**2         M         M         M         M
0 0.600   10668.00     177.95   2.3909E+04     218.924     4.6996E+06           124.583      3.958    34.315    17.000     0.000
                                                    DYNAMIC DERIVATIVES (PER RADIAN)
0           -------PITCHING-------    -----ACCELERATION------    --------------ROLLING--------------    --------YAWING--------
0   ALPHA       CLQ          CMQ           CLAD         CMAD         CLP          CYP          CNP          CNR          CLR
0
    -6.00    2.895E+01   -6.651E+01     5.850E+00   -2.969E+01   -6.446E-01   -2.864E-01    5.080E-02   -3.186E-01    6.885E-02
    -4.00                               5.969E+00   -3.030E+01   -6.421E-01   -2.382E-01    2.248E-02   -3.266E-01    1.228E-01
    -2.00                               6.259E+00   -3.177E+01   -6.505E-01   -1.897E-01   -6.039E-03   -3.347E-01    1.765E-01
     0.00                               6.547E+00   -3.323E+01   -6.671E-01   -1.404E-01   -3.498E-02   -3.428E-01    2.320E-01
     2.00                               6.869E+00   -3.486E+01   -6.799E-01   -9.037E-02   -6.435E-02   -3.509E-01    2.886E-01
     4.00                               7.215E+00   -3.661E+01   -6.887E-01   -3.964E-02   -9.430E-02   -3.590E-01    3.459E-01
     6.00                               7.178E+00   -3.643E+01   -6.933E-01    1.172E-02   -1.250E-01   -3.672E-01    4.034E-01
     8.00                               5.968E+00   -3.029E+01   -5.996E-01    6.853E-02   -1.677E-01   -3.753E-01    4.604E-01
    10.00                               4.070E+00   -2.066E+01   -4.417E-01    1.226E-01   -2.140E-01   -3.818E-01    4.973E-01
    12.00                               2.954E+00   -1.499E+01   -3.044E-01    1.728E-01   -2.562E-01   -3.868E-01    5.210E-01
    14.00                               2.072E+00   -1.052E+01   -1.674E-01    2.180E-01   -2.933E-01   -3.897E-01    5.290E-01
    16.00                               1.441E+00   -7.312E+00   -4.331E-02    2.509E-01   -3.169E-01   -3.907E-01    5.241E-01
 WARNING*** BODY ALONE DYNAMIC DERIVATIVE METHOD VALID FOR NOSE CYLINDER ONLY
            TAIL EFFECTS IGNORED]
1                               AUTOMATED STABILITY AND CONTROL METHODS PER APRIL 1976 VERSION OF DATCOM
                                         CHARACTERISTICS AT ANGLE OF ATTACK AND IN SIDESLIP
                                        WING-BODY-VERTICAL TAIL-HORIZONTAL TAIL CONFIGURATION
                                               B738 M060 CLEAN CRUISE FULL AIRCRAFT
 
 -----------------------  FLIGHT CONDITIONS  ------------------------           --------------  REFERENCE DIMENSIONS  ------------
  MACH    ALTITUDE   VELOCITY    PRESSURE    TEMPERATURE     REYNOLDS             REF.      REFERENCE LENGTH   MOMENT REF. CENTER
 NUMBER                                                       NUMBER              AREA       LONG.     LAT.     HORIZ      VERT
              M        M/SEC      N/ M**2       DEG K         1/ M                M**2         M         M         M         M
0 0.600   11887.20     177.02   1.9746E+04     216.650     3.9358E+06           124.583      3.958    34.315    17.000     0.000
0                                                               -------------------DERIVATIVE (PER RADIAN)-------------------
0 ALPHA     CD       CL       CM       CN       CA       XCP        CLA          CMA          CYB          CNB          CLB
0
   -6.0    0.031   -0.405    0.6956  -0.406   -0.011   -1.712    8.515E+00   -9.142E+00   -8.751E-01    1.770E-01   -1.552E-01
   -4.0    0.025   -0.107    0.3990  -0.108    0.018   -3.686    8.556E+00   -8.062E+00                             -1.846E-01
   -2.0    0.026    0.192    0.1327   0.191    0.033    0.694    8.680E+00   -6.968E+00                             -2.141E-01
    0.0    0.034    0.499   -0.0874   0.499    0.034   -0.175    8.888E+00   -5.787E+00                             -2.447E-01
    2.0    0.049    0.813   -0.2713   0.814    0.021   -0.333    9.029E+00   -4.890E+00                             -2.763E-01
    4.0    0.073    1.130   -0.4288   1.132   -0.006   -0.379    9.095E+00   -4.310E+00                             -3.084E-01
    6.0    0.104    1.448   -0.5722   1.451   -0.048   -0.394    9.122E+00   -3.592E+00                             -3.408E-01
    8.0    0.143    1.766   -0.6796   1.769   -0.105   -0.384    8.062E+00   -2.862E+00                             -3.730E-01
   10.0    0.177    2.010   -0.7720   2.011   -0.175   -0.384    6.236E+00   -2.847E+00                             -3.939E-01
   12.0    0.206    2.202   -0.8783   2.196   -0.256   -0.400    4.526E+00   -2.364E+00                             -4.065E-01
   14.0    0.227    2.326   -0.9371   2.312   -0.342   -0.405    2.739E+00   -1.425E+00                             -4.094E-01
   16.0    0.241    2.393   -0.9778   2.367   -0.428   -0.413    1.074E+00   -9.071E-01                             -4.034E-01
0                                    ALPHA     Q/QINF    EPSLON  D(EPSLON)/D(ALPHA)
0
                                     -6.0      1.000     -1.050        0.534
                                     -4.0      1.000      0.019        0.545
                                     -2.0      1.000      1.132        0.572
                                      0.0      1.000      2.306        0.598
                                      2.0      1.000      3.524        0.627
                                      4.0      1.000      4.816        0.659
                                      6.0      1.000      6.160        0.656
                                      8.0      1.000      7.439        0.545
                                     10.0      1.000      8.340        0.372
                                     12.0      1.000      8.926        0.270
                                     14.0      1.000      9.420        0.189
                                     16.0      1.000      9.683        0.132
1                               AUTOMATED STABILITY AND CONTROL METHODS PER APRIL 1976 VERSION OF DATCOM
                                                         DYNAMIC DERIVATIVES
                                        WING-BODY-VERTICAL TAIL-HORIZONTAL TAIL CONFIGURATION
                                               B738 M060 CLEAN CRUISE FULL AIRCRAFT
 
 -----------------------  FLIGHT CONDITIONS  ------------------------           --------------  REFERENCE DIMENSIONS  ------------
  MACH    ALTITUDE   VELOCITY    PRESSURE    TEMPERATURE     REYNOLDS             REF.      REFERENCE LENGTH   MOMENT REF. CENTER
 NUMBER                                                       NUMBER              AREA       LONG.     LAT.     HORIZ      VERT
              M        M/SEC      N/ M**2       DEG K         1/ M                M**2         M         M         M         M
0 0.600   11887.20     177.02   1.9746E+04     216.650     3.9358E+06           124.583      3.958    34.315    17.000     0.000
                                                    DYNAMIC DERIVATIVES (PER RADIAN)
0           -------PITCHING-------    -----ACCELERATION------    --------------ROLLING--------------    --------YAWING--------
0   ALPHA       CLQ          CMQ           CLAD         CMAD         CLP          CYP          CNP          CNR          CLR
0
    -6.00    2.895E+01   -6.651E+01     5.850E+00   -2.969E+01   -6.446E-01   -2.864E-01    5.080E-02   -3.187E-01    6.885E-02
    -4.00                               5.969E+00   -3.030E+01   -6.421E-01   -2.382E-01    2.248E-02   -3.268E-01    1.228E-01
    -2.00                               6.259E+00   -3.177E+01   -6.505E-01   -1.897E-01   -6.039E-03   -3.348E-01    1.765E-01
     0.00                               6.547E+00   -3.323E+01   -6.672E-01   -1.404E-01   -3.498E-02   -3.429E-01    2.320E-01
     2.00                               6.869E+00   -3.486E+01   -6.800E-01   -9.037E-02   -6.435E-02   -3.510E-01    2.886E-01
     4.00                               7.215E+00   -3.661E+01   -6.888E-01   -3.964E-02   -9.430E-02   -3.591E-01    3.459E-01
     6.00                               7.178E+00   -3.643E+01   -6.934E-01    1.172E-02   -1.250E-01   -3.673E-01    4.034E-01
     8.00                               5.968E+00   -3.029E+01   -5.996E-01    6.853E-02   -1.677E-01   -3.754E-01    4.604E-01
    10.00                               4.070E+00   -2.066E+01   -4.417E-01    1.226E-01   -2.140E-01   -3.819E-01    4.973E-01
    12.00                               2.954E+00   -1.499E+01   -3.045E-01    1.728E-01   -2.562E-01   -3.869E-01    5.210E-01
    14.00                               2.072E+00   -1.052E+01   -1.675E-01    2.180E-01   -2.933E-01   -3.898E-01    5.290E-01
    16.00                               1.441E+00   -7.312E+00   -4.335E-02    2.509E-01   -3.169E-01   -3.908E-01    5.241E-01
 WARNING*** BODY ALONE DYNAMIC DERIVATIVE METHOD VALID FOR NOSE CYLINDER ONLY
            TAIL EFFECTS IGNORED]
1                               AUTOMATED STABILITY AND CONTROL METHODS PER APRIL 1976 VERSION OF DATCOM
                                         CHARACTERISTICS AT ANGLE OF ATTACK AND IN SIDESLIP
                                        WING-BODY-VERTICAL TAIL-HORIZONTAL TAIL CONFIGURATION
                                               B738 M060 CLEAN CRUISE FULL AIRCRAFT
 
 -----------------------  FLIGHT CONDITIONS  ------------------------           --------------  REFERENCE DIMENSIONS  ------------
  MACH    ALTITUDE   VELOCITY    PRESSURE    TEMPERATURE     REYNOLDS             REF.      REFERENCE LENGTH   MOMENT REF. CENTER
 NUMBER                                                       NUMBER              AREA       LONG.     LAT.     HORIZ      VERT
              M        M/SEC      N/ M**2       DEG K         1/ M                M**2         M         M         M         M
0 0.600   12496.80     177.02   1.7943E+04     216.650     3.5764E+06           124.583      3.958    34.315    17.000     0.000
0                                                               -------------------DERIVATIVE (PER RADIAN)-------------------
0 ALPHA     CD       CL       CM       CN       CA       XCP        CLA          CMA          CYB          CNB          CLB
0
   -6.0    0.032   -0.405    0.6956  -0.406   -0.011   -1.712    8.515E+00   -9.139E+00   -8.751E-01    1.783E-01   -1.552E-01
   -4.0    0.025   -0.107    0.3991  -0.108    0.018   -3.685    8.556E+00   -8.062E+00                             -1.846E-01
   -2.0    0.026    0.192    0.1327   0.191    0.033    0.694    8.679E+00   -6.969E+00                             -2.141E-01
    0.0    0.034    0.499   -0.0874   0.499    0.034   -0.175    8.888E+00   -5.787E+00                             -2.447E-01
    2.0    0.049    0.813   -0.2713   0.814    0.021   -0.333    9.029E+00   -4.891E+00                             -2.763E-01
    4.0    0.073    1.130   -0.4289   1.132   -0.006   -0.379    9.095E+00   -4.310E+00                             -3.084E-01
    6.0    0.104    1.448   -0.5722   1.451   -0.048   -0.394    9.122E+00   -3.592E+00                             -3.408E-01
    8.0    0.143    1.766   -0.6796   1.769   -0.104   -0.384    8.062E+00   -2.863E+00                             -3.730E-01
   10.0    0.177    2.010   -0.7721   2.011   -0.175   -0.384    6.235E+00   -2.847E+00                             -3.939E-01
   12.0    0.207    2.202   -0.8784   2.197   -0.256   -0.400    4.526E+00   -2.365E+00                             -4.065E-01
   14.0    0.228    2.326   -0.9371   2.312   -0.342   -0.405    2.739E+00   -1.425E+00                             -4.094E-01
   16.0    0.241    2.393   -0.9778   2.367   -0.428   -0.413    1.074E+00   -9.073E-01                             -4.034E-01
0                                    ALPHA     Q/QINF    EPSLON  D(EPSLON)/D(ALPHA)
0
                                     -6.0      1.000     -1.050        0.534
                                     -4.0      1.000      0.019        0.545
                                     -2.0      1.000      1.132        0.572
                                      0.0      1.000      2.306        0.598
                                      2.0      1.000      3.524        0.627
                                      4.0      1.000      4.816        0.659
                                      6.0      1.000      6.160        0.656
                                      8.0      1.000      7.439        0.545
                                     10.0      1.000      8.340        0.372
                                     12.0      1.000      8.926        0.270
                                     14.0      1.000      9.420        0.189
                                     16.0      1.000      9.683        0.132
1                               AUTOMATED STABILITY AND CONTROL METHODS PER APRIL 1976 VERSION OF DATCOM
                                                         DYNAMIC DERIVATIVES
                                        WING-BODY-VERTICAL TAIL-HORIZONTAL TAIL CONFIGURATION
                                               B738 M060 CLEAN CRUISE FULL AIRCRAFT
 
 -----------------------  FLIGHT CONDITIONS  ------------------------           --------------  REFERENCE DIMENSIONS  ------------
  MACH    ALTITUDE   VELOCITY    PRESSURE    TEMPERATURE     REYNOLDS             REF.      REFERENCE LENGTH   MOMENT REF. CENTER
 NUMBER                                                       NUMBER              AREA       LONG.     LAT.     HORIZ      VERT
              M        M/SEC      N/ M**2       DEG K         1/ M                M**2         M         M         M         M
0 0.600   12496.80     177.02   1.7943E+04     216.650     3.5764E+06           124.583      3.958    34.315    17.000     0.000
                                                    DYNAMIC DERIVATIVES (PER RADIAN)
0           -------PITCHING-------    -----ACCELERATION------    --------------ROLLING--------------    --------YAWING--------
0   ALPHA       CLQ          CMQ           CLAD         CMAD         CLP          CYP          CNP          CNR          CLR
0
    -6.00    2.895E+01   -6.651E+01     5.850E+00   -2.969E+01   -6.447E-01   -2.864E-01    5.080E-02   -3.188E-01    6.885E-02
    -4.00                               5.969E+00   -3.030E+01   -6.422E-01   -2.382E-01    2.248E-02   -3.268E-01    1.228E-01
    -2.00                               6.259E+00   -3.177E+01   -6.505E-01   -1.897E-01   -6.039E-03   -3.349E-01    1.765E-01
     0.00                               6.547E+00   -3.323E+01   -6.672E-01   -1.404E-01   -3.498E-02   -3.429E-01    2.320E-01
     2.00                               6.869E+00   -3.486E+01   -6.800E-01   -9.037E-02   -6.435E-02   -3.510E-01    2.886E-01
     4.00                               7.215E+00   -3.661E+01   -6.888E-01   -3.964E-02   -9.430E-02   -3.592E-01    3.459E-01
     6.00                               7.178E+00   -3.643E+01   -6.934E-01    1.172E-02   -1.250E-01   -3.673E-01    4.034E-01
     8.00                               5.968E+00   -3.029E+01   -5.996E-01    6.853E-02   -1.677E-01   -3.755E-01    4.604E-01
    10.00                               4.070E+00   -2.066E+01   -4.417E-01    1.226E-01   -2.140E-01   -3.820E-01    4.973E-01
    12.00                               2.954E+00   -1.499E+01   -3.045E-01    1.728E-01   -2.562E-01   -3.869E-01    5.210E-01
    14.00                               2.072E+00   -1.052E+01   -1.675E-01    2.180E-01   -2.933E-01   -3.899E-01    5.290E-01
    16.00                               1.441E+00   -7.312E+00   -4.337E-02    2.509E-01   -3.169E-01   -3.908E-01    5.241E-01
 Return to main program from M57O71
1          THE FOLLOWING IS A LIST OF ALL INPUT CARDS FOR THIS CASE.
0
 CASEID B738 M060 ELEVATOR FULL AIRCRAFT                                         
 DIM M                                                                           
 DERIV RAD                                                                       
  $FLTCON                                                                        
   LOOP=3.0,                                                                     
   NMACH=1.0,                                                                    
   MACH(1)=0.60,                                                                 
   NALT=10.0,                                                                    
   ALT(1)=0.0,1524.0,3048.0,4572.0,6096.0,                                       
   ALT(6)=7620.0,9144.0,10668.0,11887.2,12496.8,                                 
   NALPHA=12.0,                                                                  
   ALSCHD(1)=-6.0,-4.0,-2.0,0.0,2.0,4.0,                                         
   ALSCHD(7)=6.0,8.0,10.0,12.0,14.0,16.0$                                        
  $OPTINS                                                                        
   SREF=124.583,CBARR=3.9576,BLREF=34.3154$                                      
  $SYNTHS                                                                        
   XCG=17.000,ZCG=0.000,XW=13.610,ZW=-1.270,ALIW=1.000,                          
   XH=33.800,ZH=1.890,ALIH=0.000,XV=32.130,ZV=2.320,                             
   SCALE=1.000,VERTUP=.TRUE.$                                                    
  $BODY                                                                          
   NX=15.0,BNOSE=2.0,BTAIL=2.0,BLA=20.0,                                         
   X(1)=0.0000,0.4206,1.4722,2.1031,2.7341,                                      
   X(6)=4.2062,8.4125,16.8250,27.2796,30.4495,                                   
   X(11)=31.4858,33.5890,35.6921,37.7952,38.0086,                                
   ZU(1)=0.2103,0.6309,1.0516,1.3350,1.7892,                                     
   ZU(6)=2.1031,2.5237,2.5237,2.5237,2.5237,                                     
   ZU(11)=2.5237,2.4201,2.3134,2.2860,2.1031,                                    
   ZL(1)=-0.1067,-0.5273,-1.0516,-1.1582,-1.2619,                                
   ZL(6)=-1.3686,-1.4722,-1.4722,-1.4722,-1.0516,                                
   ZL(11)=-0.8412,-0.2469,0.3170,1.2619,1.8928,                                  
   S(1)=0.0511,0.7646,2.6840,4.1165,6.0443,                                      
   S(6)=8.6056,11.8739,11.8739,11.8739,10.0437,                                  
   S(11)=8.8890,5.2843,2.6375,0.3382,0.0102$                                     
  $WGPLNF                                                                        
   CHRDR=7.8770,CHRDBP=5.7117,CHRDTP=1.2510,                                     
   SSPN=17.1577,SSPNE=15.2800,SSPNOP=0.7750,                                     
   SAVSI=25.020,SAVSO=25.020,CHSTAT=0.250,TWISTA=0.000,                          
   DHDADI=6.000,DHDADO=6.000,TYPE=1.000$                                         
 NACA-W-6-64A412                                                                 
  $VTPLNF                                                                        
   CHRDR=5.8074,CHRDTP=1.5748,SSPN=7.1628,SSPNE=6.4000,                          
   SAVSI=35.000,CHSTAT=0.250,TWISTA=0.000,TYPE=1.000$                            
 NACA-V-4-0012                                                                   
  $HTPLNF                                                                        
   CHRDR=3.7980,CHRDTP=0.7710,SSPN=7.1750,SSPNE=5.3000,                          
   SAVSI=30.000,CHSTAT=0.250,TWISTA=0.000,DHDADI=7.000,                          
   TYPE=1.000$                                                                   
 NACA-H-4-0012                                                                   
  $SYMFLP                                                                        
   FTYPE=1.0,                                                                    
   NTYPE=1.0,                                                                    
   SPANFI=1.8750,                                                                
   SPANFO=6.8000,                                                                
   CHRDFI=0.9500,                                                                
   CHRDFO=0.3000,                                                                
   NDELTA=9.0,                                                                   
   DELTA(1)=-25.0,-20.0,-10.0,-5.0,0.0,                                          
   DELTA(6)=5.0,10.0,15.0,25.0$                                                  
 NEXT CASE                                                                       
0 INPUT DIMENSIONS ARE IN M , SCALE FACTOR IS 1.0000

 Return to main program from M01O01
1                             AUTOMATED STABILITY AND CONTROL METHODS PER APRIL 1976 VERSION OF DATCOM   
                                                        WING SECTION DEFINITION
0                                 IDEAL ANGLE OF ATTACK =   0.00000 DEG.

                              ZERO LIFT ANGLE OF ATTACK =  -3.09312 DEG.

                                 IDEAL LIFT COEFFICIENT =   0.40000

                  ZERO LIFT PITCHING MOMENT COEFFICIENT =  -0.08720

                             MACH ZERO LIFT-CURVE-SLOPE =   0.09654 /DEG.

                                    LEADING EDGE RADIUS =   0.00993 FRACTION CHORD

                              MAXIMUM AIRFOIL THICKNESS =   0.12000 FRACTION CHORD

                                                DELTA-Y =   2.46808 PERCENT CHORD


0                         MACH= 0.6000 LIFT-CURVE-SLOPE =   0.11574 /DEG.      XAC =   0.27153
1                             AUTOMATED STABILITY AND CONTROL METHODS PER APRIL 1976 VERSION OF DATCOM   
                                                   HORIZONTAL TAIL SECTION DEFINITION
0                                 IDEAL ANGLE OF ATTACK =   0.00000 DEG.

                              ZERO LIFT ANGLE OF ATTACK =   0.00000 DEG.

                                 IDEAL LIFT COEFFICIENT =   0.00000

                  ZERO LIFT PITCHING MOMENT COEFFICIENT =   0.00000

                             MACH ZERO LIFT-CURVE-SLOPE =   0.09596 /DEG.

                                    LEADING EDGE RADIUS =   0.01587 FRACTION CHORD

                              MAXIMUM AIRFOIL THICKNESS =   0.12000 FRACTION CHORD

                                                DELTA-Y =   3.16898 PERCENT CHORD


0                         MACH= 0.6000 LIFT-CURVE-SLOPE =   0.11639 /DEG.      XAC =   0.26186
1                             AUTOMATED STABILITY AND CONTROL METHODS PER APRIL 1976 VERSION OF DATCOM   
                                                    VERTICAL TAIL SECTION DEFINITION
0                                 IDEAL ANGLE OF ATTACK =   0.00000 DEG.

                              ZERO LIFT ANGLE OF ATTACK =   0.00000 DEG.

                                 IDEAL LIFT COEFFICIENT =   0.00000

                  ZERO LIFT PITCHING MOMENT COEFFICIENT =   0.00000

                             MACH ZERO LIFT-CURVE-SLOPE =   0.09596 /DEG.

                                    LEADING EDGE RADIUS =   0.01587 FRACTION CHORD

                              MAXIMUM AIRFOIL THICKNESS =   0.12000 FRACTION CHORD

                                                DELTA-Y =   3.16898 PERCENT CHORD


0                         MACH= 0.6000 LIFT-CURVE-SLOPE =   0.11639 /DEG.      XAC =   0.26186
 Return to main program from M50O62
 Return to main program from M02O02
 Return to main program from M51O63
1                               AUTOMATED STABILITY AND CONTROL METHODS PER APRIL 1976 VERSION OF DATCOM
                                         CHARACTERISTICS AT ANGLE OF ATTACK AND IN SIDESLIP
                                        WING-BODY-VERTICAL TAIL-HORIZONTAL TAIL CONFIGURATION
                                                 B738 M060 ELEVATOR FULL AIRCRAFT
 
 -----------------------  FLIGHT CONDITIONS  ------------------------           --------------  REFERENCE DIMENSIONS  ------------
  MACH    ALTITUDE   VELOCITY    PRESSURE    TEMPERATURE     REYNOLDS             REF.      REFERENCE LENGTH   MOMENT REF. CENTER
 NUMBER                                                       NUMBER              AREA       LONG.     LAT.     HORIZ      VERT
              M        M/SEC      N/ M**2       DEG K         1/ M                M**2         M         M         M         M
0 0.600       0.00     204.15   1.0133E+05     288.150     1.3914E+07           124.583      3.958    34.315    17.000     0.000
0                                                               -------------------DERIVATIVE (PER RADIAN)-------------------
0 ALPHA     CD       CL       CM       CN       CA       XCP        CLA          CMA          CYB          CNB          CLB
0
   -6.0    0.028   -0.405    0.6959  -0.406   -0.014   -1.714    8.516E+00   -9.171E+00   -8.751E-01    1.598E-01   -1.552E-01
   -4.0    0.022   -0.107    0.3989  -0.108    0.014   -3.690    8.557E+00   -8.061E+00                             -1.846E-01
   -2.0    0.023    0.192    0.1332   0.191    0.029    0.696    8.680E+00   -6.959E+00                             -2.141E-01
    0.0    0.030    0.499   -0.0869   0.499    0.030   -0.174    8.889E+00   -5.786E+00                             -2.447E-01
    2.0    0.046    0.813   -0.2708   0.814    0.018   -0.333    9.030E+00   -4.889E+00                             -2.763E-01
    4.0    0.069    1.130   -0.4282   1.132   -0.010   -0.378    9.096E+00   -4.309E+00                             -3.084E-01
    6.0    0.100    1.448   -0.5716   1.450   -0.052   -0.394    9.123E+00   -3.591E+00                             -3.408E-01
    8.0    0.139    1.767   -0.6789   1.769   -0.108   -0.384    8.063E+00   -2.861E+00                             -3.730E-01
   10.0    0.173    2.011   -0.7713   2.010   -0.178   -0.384    6.236E+00   -2.846E+00                             -3.939E-01
   12.0    0.203    2.202   -0.8776   2.196   -0.259   -0.400    4.527E+00   -2.363E+00                             -4.065E-01
   14.0    0.224    2.327   -0.9363   2.312   -0.345   -0.405    2.740E+00   -1.424E+00                             -4.094E-01
   16.0    0.238    2.393   -0.9770   2.366   -0.431   -0.413    1.075E+00   -9.061E-01                             -4.035E-01
0                                    ALPHA     Q/QINF    EPSLON  D(EPSLON)/D(ALPHA)
0
                                     -6.0      1.000     -1.050        0.534
                                     -4.0      1.000      0.019        0.545
                                     -2.0      1.000      1.132        0.572
                                      0.0      1.000      2.306        0.598
                                      2.0      1.000      3.524        0.627
                                      4.0      1.000      4.816        0.659
                                      6.0      1.000      6.160        0.656
                                      8.0      1.000      7.439        0.545
                                     10.0      1.000      8.340        0.372
                                     12.0      1.000      8.926        0.270
                                     14.0      1.000      9.420        0.189
                                     16.0      1.000      9.683        0.132
1                            AUTOMATED STABILITY AND CONTROL METHODS PER APRIL 1976 VERSION OF DATCOM
                                         CHARACTERISTICS OF HIGH LIFT AND CONTROL DEVICES
                                            TAIL PLAIN TRAILING-EDGE FLAP CONFIGURATION
                                                 B738 M060 ELEVATOR FULL AIRCRAFT
 -----------------------  FLIGHT CONDITIONS  ------------------------           --------------  REFERENCE DIMENSIONS  ------------
  MACH    ALTITUDE   VELOCITY    PRESSURE    TEMPERATURE     REYNOLDS             REF.      REFERENCE LENGTH   MOMENT REF. CENTER
 NUMBER                                                       NUMBER              AREA       LONG.     LAT.     HORIZ      VERT
              M        M/SEC      N/ M**2       DEG K         1/ M                M**2         M         M         M         M
0 0.600       0.00     204.15   4.4198E+01     933.606     1.2926E+06           124.583      3.958    34.315    17.000     0.000
0            ---------INCREMENTS DUE TO DEFLECTION---------              ---DERIVATIVES (PER DEGREE)---
0     DELTA     D(CL)     D(CM)    D(CL MAX)    D(CD MIN)                (CLA)D     (CH)A       (CH)D


      -25.0    -0.081     0.4297     0.086      0.00657                  NDM      -7.662E-03  -1.477E-02
      -20.0    -0.077     0.4085     0.073      0.00446                  NDM                  -1.449E-02
      -10.0    -0.049     0.2577     0.042      0.00142                  NDM                  -1.403E-02
       -5.0    -0.024     0.1289     0.022      0.00064                  NDM                  -1.403E-02
        0.0     0.000    -0.0003     0.000      0.00000                  NDM                  -1.403E-02
        5.0     0.024    -0.1289     0.022      0.00064                  NDM                  -1.403E-02
       10.0     0.049    -0.2577     0.042      0.00142                  NDM                  -1.403E-02
       15.0     0.071    -0.3750     0.059      0.00298                  NDM                  -1.410E-02
       25.0     0.081    -0.4299     0.086      0.00657                  NDM                  -1.477E-02
0  *** NOTE * HINGE MOMENT DERIVATIVES ARE BASED ON TWICE THE AREA-MOMENT OF THE CONTROL ABOUT ITS HINGE LINE

0            --------- INDUCED DRAG COEFFICIENT INCREMENT , D(CDI) , DUE TO DEFLECTION ---------
0       DELTA = -25.0     -20.0     -10.0      -5.0       0.0       5.0      10.0      15.0      25.0
   ALPHA
0
    -6.0        4.49E-03  4.14E-03  1.97E-03  7.06E-04 -8.54E-07 -1.49E-04  2.59E-04  1.12E-03  1.65E-03
    -4.0        3.80E-03  3.48E-03  1.55E-03  4.98E-04 -4.38E-07  5.88E-05  6.74E-04  1.72E-03  2.34E-03
    -2.0        3.14E-03  2.85E-03  1.16E-03  3.00E-04 -4.19E-08  2.57E-04  1.07E-03  2.30E-03  3.00E-03
     0.0        2.53E-03  2.27E-03  7.88E-04  1.16E-04  3.26E-07  4.41E-04  1.44E-03  2.83E-03  3.61E-03
     2.0        1.95E-03  1.72E-03  4.39E-04 -5.89E-05  6.76E-07  6.16E-04  1.79E-03  3.34E-03  4.19E-03
     4.0        1.43E-03  1.22E-03  1.23E-04 -2.17E-04  9.91E-07  7.74E-04  2.10E-03  3.80E-03  4.71E-03
     6.0        9.39E-04  7.56E-04 -1.70E-04 -3.63E-04  1.28E-06  9.20E-04  2.40E-03  4.23E-03  5.20E-03
     8.0        4.05E-04  2.47E-04 -4.92E-04 -5.24E-04  1.61E-06  1.08E-03  2.72E-03  4.70E-03  5.73E-03
    10.0       -4.09E-04 -5.28E-04 -9.82E-04 -7.69E-04  2.10E-06  1.33E-03  3.21E-03  5.41E-03  6.55E-03
    12.0       -1.46E-03 -1.53E-03 -1.61E-03 -1.08E-03  2.73E-06  1.64E-03  3.84E-03  6.33E-03  7.60E-03
    14.0       -2.57E-03 -2.59E-03 -2.28E-03 -1.42E-03  3.40E-06  1.98E-03  4.51E-03  7.31E-03  8.71E-03
    16.0       -3.86E-03 -3.82E-03 -3.06E-03 -1.81E-03  4.17E-06  2.37E-03  5.29E-03  8.44E-03  1.00E-02
0***NDM PRINTED WHEN NO DATCOM METHODS EXIST
1                               AUTOMATED STABILITY AND CONTROL METHODS PER APRIL 1976 VERSION OF DATCOM
                                         CHARACTERISTICS AT ANGLE OF ATTACK AND IN SIDESLIP
                                        WING-BODY-VERTICAL TAIL-HORIZONTAL TAIL CONFIGURATION
                                                 B738 M060 ELEVATOR FULL AIRCRAFT
 
 -----------------------  FLIGHT CONDITIONS  ------------------------           --------------  REFERENCE DIMENSIONS  ------------
  MACH    ALTITUDE   VELOCITY    PRESSURE    TEMPERATURE     REYNOLDS             REF.      REFERENCE LENGTH   MOMENT REF. CENTER
 NUMBER                                                       NUMBER              AREA       LONG.     LAT.     HORIZ      VERT
              M        M/SEC      N/ M**2       DEG K         1/ M                M**2         M         M         M         M
0 0.600    1524.00     200.61   8.4311E+04     278.246     1.2108E+07           124.583      3.958    34.315    17.000     0.000
0                                                               -------------------DERIVATIVE (PER RADIAN)-------------------
0 ALPHA     CD       CL       CM       CN       CA       XCP        CLA          CMA          CYB          CNB          CLB
0
   -6.0    0.028   -0.405    0.6959  -0.406   -0.014   -1.714    8.516E+00   -9.168E+00   -8.751E-01    1.617E-01   -1.552E-01
   -4.0    0.022   -0.107    0.3989  -0.108    0.015   -3.689    8.557E+00   -8.061E+00                             -1.846E-01
   -2.0    0.023    0.192    0.1331   0.191    0.030    0.696    8.680E+00   -6.960E+00                             -2.141E-01
    0.0    0.031    0.499   -0.0870   0.499    0.031   -0.174    8.889E+00   -5.786E+00                             -2.447E-01
    2.0    0.046    0.813   -0.2708   0.814    0.018   -0.333    9.030E+00   -4.889E+00                             -2.763E-01
    4.0    0.070    1.130   -0.4283   1.132   -0.009   -0.378    9.096E+00   -4.309E+00                             -3.084E-01
    6.0    0.101    1.448   -0.5716   1.450   -0.051   -0.394    9.123E+00   -3.591E+00                             -3.408E-01
    8.0    0.140    1.767   -0.6790   1.769   -0.108   -0.384    8.063E+00   -2.861E+00                             -3.730E-01
   10.0    0.174    2.011   -0.7714   2.010   -0.178   -0.384    6.236E+00   -2.846E+00                             -3.939E-01
   12.0    0.203    2.202   -0.8777   2.196   -0.259   -0.400    4.527E+00   -2.364E+00                             -4.065E-01
   14.0    0.225    2.327   -0.9364   2.312   -0.345   -0.405    2.740E+00   -1.424E+00                             -4.094E-01
   16.0    0.238    2.393   -0.9770   2.366   -0.431   -0.413    1.075E+00   -9.062E-01                             -4.035E-01
0                                    ALPHA     Q/QINF    EPSLON  D(EPSLON)/D(ALPHA)
0
                                     -6.0      1.000     -1.050        0.534
                                     -4.0      1.000      0.019        0.545
                                     -2.0      1.000      1.132        0.572
                                      0.0      1.000      2.306        0.598
                                      2.0      1.000      3.524        0.627
                                      4.0      1.000      4.816        0.659
                                      6.0      1.000      6.160        0.656
                                      8.0      1.000      7.439        0.545
                                     10.0      1.000      8.340        0.372
                                     12.0      1.000      8.926        0.270
                                     14.0      1.000      9.420        0.189
                                     16.0      1.000      9.683        0.132
1                            AUTOMATED STABILITY AND CONTROL METHODS PER APRIL 1976 VERSION OF DATCOM
                                         CHARACTERISTICS OF HIGH LIFT AND CONTROL DEVICES
                                            TAIL PLAIN TRAILING-EDGE FLAP CONFIGURATION
                                                 B738 M060 ELEVATOR FULL AIRCRAFT
 -----------------------  FLIGHT CONDITIONS  ------------------------           --------------  REFERENCE DIMENSIONS  ------------
  MACH    ALTITUDE   VELOCITY    PRESSURE    TEMPERATURE     REYNOLDS             REF.      REFERENCE LENGTH   MOMENT REF. CENTER
 NUMBER                                                       NUMBER              AREA       LONG.     LAT.     HORIZ      VERT
              M        M/SEC      N/ M**2       DEG K         1/ M                M**2         M         M         M         M
0 0.600    1524.00     200.61   3.6776E+01     901.518     1.1248E+06           124.583      3.958    34.315    17.000     0.000
0            ---------INCREMENTS DUE TO DEFLECTION---------              ---DERIVATIVES (PER DEGREE)---
0     DELTA     D(CL)     D(CM)    D(CL MAX)    D(CD MIN)                (CLA)D     (CH)A       (CH)D


      -25.0    -0.081     0.4293     0.086      0.00657                  NDM      -7.668E-03  -1.478E-02
      -20.0    -0.077     0.4085     0.073      0.00446                  NDM                  -1.451E-02
      -10.0    -0.049     0.2577     0.042      0.00142                  NDM                  -1.405E-02
       -5.0    -0.024     0.1289     0.022      0.00064                  NDM                  -1.405E-02
        0.0     0.000    -0.0003     0.000      0.00000                  NDM                  -1.405E-02
        5.0     0.024    -0.1289     0.022      0.00064                  NDM                  -1.405E-02
       10.0     0.049    -0.2577     0.042      0.00142                  NDM                  -1.405E-02
       15.0     0.071    -0.3750     0.059      0.00298                  NDM                  -1.411E-02
       25.0     0.081    -0.4298     0.086      0.00657                  NDM                  -1.478E-02
0  *** NOTE * HINGE MOMENT DERIVATIVES ARE BASED ON TWICE THE AREA-MOMENT OF THE CONTROL ABOUT ITS HINGE LINE

0            --------- INDUCED DRAG COEFFICIENT INCREMENT , D(CDI) , DUE TO DEFLECTION ---------
0       DELTA = -25.0     -20.0     -10.0      -5.0       0.0       5.0      10.0      15.0      25.0
   ALPHA
0
    -6.0        4.48E-03  4.13E-03  1.96E-03  7.04E-04 -8.52E-07 -1.49E-04  2.57E-04  1.11E-03  1.64E-03
    -4.0        3.79E-03  3.47E-03  1.55E-03  4.97E-04 -4.37E-07  5.83E-05  6.72E-04  1.71E-03  2.33E-03
    -2.0        3.13E-03  2.85E-03  1.15E-03  2.99E-04 -4.19E-08  2.56E-04  1.07E-03  2.29E-03  2.99E-03
     0.0        2.52E-03  2.26E-03  7.85E-04  1.15E-04  3.26E-07  4.40E-04  1.43E-03  2.83E-03  3.60E-03
     2.0        1.94E-03  1.71E-03  4.37E-04 -5.92E-05  6.75E-07  6.14E-04  1.78E-03  3.33E-03  4.18E-03
     4.0        1.42E-03  1.21E-03  1.21E-04 -2.17E-04  9.90E-07  7.72E-04  2.10E-03  3.79E-03  4.70E-03
     6.0        9.33E-04  7.51E-04 -1.71E-04 -3.63E-04  1.28E-06  9.18E-04  2.39E-03  4.22E-03  5.19E-03
     8.0        3.99E-04  2.43E-04 -4.92E-04 -5.24E-04  1.60E-06  1.08E-03  2.71E-03  4.69E-03  5.72E-03
    10.0       -4.13E-04 -5.31E-04 -9.82E-04 -7.68E-04  2.09E-06  1.32E-03  3.20E-03  5.40E-03  6.53E-03
    12.0       -1.46E-03 -1.53E-03 -1.61E-03 -1.08E-03  2.72E-06  1.64E-03  3.83E-03  6.32E-03  7.58E-03
    14.0       -2.57E-03 -2.59E-03 -2.28E-03 -1.42E-03  3.39E-06  1.97E-03  4.50E-03  7.29E-03  8.69E-03
    16.0       -3.86E-03 -3.81E-03 -3.06E-03 -1.81E-03  4.17E-06  2.36E-03  5.28E-03  8.42E-03  9.98E-03
0***NDM PRINTED WHEN NO DATCOM METHODS EXIST
1                               AUTOMATED STABILITY AND CONTROL METHODS PER APRIL 1976 VERSION OF DATCOM
                                         CHARACTERISTICS AT ANGLE OF ATTACK AND IN SIDESLIP
                                        WING-BODY-VERTICAL TAIL-HORIZONTAL TAIL CONFIGURATION
                                                 B738 M060 ELEVATOR FULL AIRCRAFT
 
 -----------------------  FLIGHT CONDITIONS  ------------------------           --------------  REFERENCE DIMENSIONS  ------------
  MACH    ALTITUDE   VELOCITY    PRESSURE    TEMPERATURE     REYNOLDS             REF.      REFERENCE LENGTH   MOMENT REF. CENTER
 NUMBER                                                       NUMBER              AREA       LONG.     LAT.     HORIZ      VERT
              M        M/SEC      N/ M**2       DEG K         1/ M                M**2         M         M         M         M
0 0.600    3048.00     197.01   6.9695E+04     268.347     1.0487E+07           124.583      3.958    34.315    17.000     0.000
0                                                               -------------------DERIVATIVE (PER RADIAN)-------------------
0 ALPHA     CD       CL       CM       CN       CA       XCP        CLA          CMA          CYB          CNB          CLB
0
   -6.0    0.029   -0.405    0.6959  -0.406   -0.014   -1.714    8.516E+00   -9.165E+00   -8.751E-01    1.637E-01   -1.552E-01
   -4.0    0.023   -0.107    0.3989  -0.108    0.015   -3.689    8.556E+00   -8.061E+00                             -1.846E-01
   -2.0    0.023    0.192    0.1331   0.191    0.030    0.696    8.680E+00   -6.961E+00                             -2.141E-01
    0.0    0.031    0.499   -0.0870   0.499    0.031   -0.174    8.889E+00   -5.786E+00                             -2.447E-01
    2.0    0.047    0.813   -0.2709   0.814    0.018   -0.333    9.030E+00   -4.890E+00                             -2.763E-01
    4.0    0.070    1.130   -0.4284   1.132   -0.009   -0.379    9.096E+00   -4.309E+00                             -3.084E-01
    6.0    0.101    1.448   -0.5717   1.450   -0.051   -0.394    9.123E+00   -3.591E+00                             -3.408E-01
    8.0    0.140    1.766   -0.6791   1.769   -0.107   -0.384    8.063E+00   -2.862E+00                             -3.730E-01
   10.0    0.174    2.011   -0.7715   2.010   -0.178   -0.384    6.236E+00   -2.846E+00                             -3.939E-01
   12.0    0.204    2.202   -0.8777   2.196   -0.259   -0.400    4.527E+00   -2.364E+00                             -4.065E-01
   14.0    0.225    2.327   -0.9365   2.312   -0.345   -0.405    2.740E+00   -1.424E+00                             -4.094E-01
   16.0    0.238    2.393   -0.9771   2.366   -0.431   -0.413    1.074E+00   -9.063E-01                             -4.035E-01
0                                    ALPHA     Q/QINF    EPSLON  D(EPSLON)/D(ALPHA)
0
                                     -6.0      1.000     -1.050        0.534
                                     -4.0      1.000      0.019        0.545
                                     -2.0      1.000      1.132        0.572
                                      0.0      1.000      2.306        0.598
                                      2.0      1.000      3.524        0.627
                                      4.0      1.000      4.816        0.659
                                      6.0      1.000      6.160        0.656
                                      8.0      1.000      7.439        0.545
                                     10.0      1.000      8.340        0.372
                                     12.0      1.000      8.926        0.270
                                     14.0      1.000      9.420        0.189
                                     16.0      1.000      9.683        0.132
1                            AUTOMATED STABILITY AND CONTROL METHODS PER APRIL 1976 VERSION OF DATCOM
                                         CHARACTERISTICS OF HIGH LIFT AND CONTROL DEVICES
                                            TAIL PLAIN TRAILING-EDGE FLAP CONFIGURATION
                                                 B738 M060 ELEVATOR FULL AIRCRAFT
 -----------------------  FLIGHT CONDITIONS  ------------------------           --------------  REFERENCE DIMENSIONS  ------------
  MACH    ALTITUDE   VELOCITY    PRESSURE    TEMPERATURE     REYNOLDS             REF.      REFERENCE LENGTH   MOMENT REF. CENTER
 NUMBER                                                       NUMBER              AREA       LONG.     LAT.     HORIZ      VERT
              M        M/SEC      N/ M**2       DEG K         1/ M                M**2         M         M         M         M
0 0.600    3048.00     197.01   3.0401E+01     869.445     9.7423E+05           124.583      3.958    34.315    17.000     0.000
0            ---------INCREMENTS DUE TO DEFLECTION---------              ---DERIVATIVES (PER DEGREE)---
0     DELTA     D(CL)     D(CM)    D(CL MAX)    D(CD MIN)                (CLA)D     (CH)A       (CH)D


      -25.0    -0.080     0.4243     0.086      0.00656                  NDM      -7.673E-03  -1.480E-02
      -20.0    -0.077     0.4037     0.073      0.00446                  NDM                  -1.452E-02
      -10.0    -0.048     0.2546     0.042      0.00142                  NDM                  -1.406E-02
       -5.0    -0.024     0.1273     0.022      0.00064                  NDM                  -1.406E-02
        0.0     0.000    -0.0003     0.000      0.00000                  NDM                  -1.406E-02
        5.0     0.024    -0.1273     0.022      0.00064                  NDM                  -1.406E-02
       10.0     0.048    -0.2546     0.042      0.00142                  NDM                  -1.406E-02
       15.0     0.071    -0.3706     0.059      0.00298                  NDM                  -1.413E-02
       25.0     0.080    -0.4248     0.086      0.00656                  NDM                  -1.480E-02
0  *** NOTE * HINGE MOMENT DERIVATIVES ARE BASED ON TWICE THE AREA-MOMENT OF THE CONTROL ABOUT ITS HINGE LINE

0            --------- INDUCED DRAG COEFFICIENT INCREMENT , D(CDI) , DUE TO DEFLECTION ---------
0       DELTA = -25.0     -20.0     -10.0      -5.0       0.0       5.0      10.0      15.0      25.0
   ALPHA
0
    -6.0        4.46E-03  4.12E-03  1.96E-03  7.03E-04 -8.51E-07 -1.49E-04  2.55E-04  1.11E-03  1.64E-03
    -4.0        3.78E-03  3.46E-03  1.54E-03  4.95E-04 -4.37E-07  5.78E-05  6.69E-04  1.71E-03  2.32E-03
    -2.0        3.12E-03  2.84E-03  1.15E-03  2.98E-04 -4.18E-08  2.55E-04  1.06E-03  2.28E-03  2.98E-03
     0.0        2.51E-03  2.26E-03  7.82E-04  1.14E-04  3.25E-07  4.39E-04  1.43E-03  2.82E-03  3.59E-03
     2.0        1.93E-03  1.71E-03  4.34E-04 -5.96E-05  6.73E-07  6.13E-04  1.78E-03  3.32E-03  4.17E-03
     4.0        1.41E-03  1.21E-03  1.19E-04 -2.17E-04  9.88E-07  7.70E-04  2.09E-03  3.78E-03  4.69E-03
     6.0        9.27E-04  7.45E-04 -1.73E-04 -3.63E-04  1.28E-06  9.16E-04  2.39E-03  4.21E-03  5.17E-03
     8.0        3.94E-04  2.38E-04 -4.93E-04 -5.23E-04  1.60E-06  1.08E-03  2.71E-03  4.67E-03  5.71E-03
    10.0       -4.17E-04 -5.35E-04 -9.82E-04 -7.68E-04  2.09E-06  1.32E-03  3.19E-03  5.39E-03  6.52E-03
    12.0       -1.46E-03 -1.53E-03 -1.61E-03 -1.08E-03  2.72E-06  1.64E-03  3.82E-03  6.30E-03  7.56E-03
    14.0       -2.57E-03 -2.59E-03 -2.28E-03 -1.42E-03  3.39E-06  1.97E-03  4.49E-03  7.28E-03  8.67E-03
    16.0       -3.86E-03 -3.81E-03 -3.05E-03 -1.80E-03  4.16E-06  2.36E-03  5.27E-03  8.40E-03  9.96E-03
0***NDM PRINTED WHEN NO DATCOM METHODS EXIST
1                               AUTOMATED STABILITY AND CONTROL METHODS PER APRIL 1976 VERSION OF DATCOM
                                         CHARACTERISTICS AT ANGLE OF ATTACK AND IN SIDESLIP
                                        WING-BODY-VERTICAL TAIL-HORIZONTAL TAIL CONFIGURATION
                                                 B738 M060 ELEVATOR FULL AIRCRAFT
 
 -----------------------  FLIGHT CONDITIONS  ------------------------           --------------  REFERENCE DIMENSIONS  ------------
  MACH    ALTITUDE   VELOCITY    PRESSURE    TEMPERATURE     REYNOLDS             REF.      REFERENCE LENGTH   MOMENT REF. CENTER
 NUMBER                                                       NUMBER              AREA       LONG.     LAT.     HORIZ      VERT
              M        M/SEC      N/ M**2       DEG K         1/ M                M**2         M         M         M         M
0 0.600    4572.00     193.35   5.7207E+04     258.453     9.0367E+06           124.583      3.958    34.315    17.000     0.000
0                                                               -------------------DERIVATIVE (PER RADIAN)-------------------
0 ALPHA     CD       CL       CM       CN       CA       XCP        CLA          CMA          CYB          CNB          CLB
0
   -6.0    0.029   -0.405    0.6958  -0.406   -0.013   -1.714    8.516E+00   -9.162E+00   -8.751E-01    1.657E-01   -1.552E-01
   -4.0    0.023   -0.107    0.3989  -0.108    0.015   -3.689    8.556E+00   -8.062E+00                             -1.846E-01
   -2.0    0.024    0.192    0.1330   0.191    0.030    0.696    8.680E+00   -6.962E+00                             -2.141E-01
    0.0    0.031    0.499   -0.0871   0.499    0.031   -0.174    8.889E+00   -5.786E+00                             -2.447E-01
    2.0    0.047    0.813   -0.2709   0.814    0.019   -0.333    9.030E+00   -4.890E+00                             -2.763E-01
    4.0    0.070    1.130   -0.4284   1.132   -0.009   -0.379    9.096E+00   -4.309E+00                             -3.084E-01
    6.0    0.101    1.448   -0.5717   1.450   -0.050   -0.394    9.123E+00   -3.591E+00                             -3.408E-01
    8.0    0.140    1.766   -0.6791   1.769   -0.107   -0.384    8.063E+00   -2.862E+00                             -3.730E-01
   10.0    0.174    2.011   -0.7715   2.010   -0.177   -0.384    6.236E+00   -2.846E+00                             -3.939E-01
   12.0    0.204    2.202   -0.8778   2.196   -0.258   -0.400    4.527E+00   -2.364E+00                             -4.065E-01
   14.0    0.225    2.327   -0.9366   2.312   -0.344   -0.405    2.740E+00   -1.424E+00                             -4.094E-01
   16.0    0.239    2.393   -0.9772   2.366   -0.430   -0.413    1.074E+00   -9.065E-01                             -4.035E-01
0                                    ALPHA     Q/QINF    EPSLON  D(EPSLON)/D(ALPHA)
0
                                     -6.0      1.000     -1.050        0.534
                                     -4.0      1.000      0.019        0.545
                                     -2.0      1.000      1.132        0.572
                                      0.0      1.000      2.306        0.598
                                      2.0      1.000      3.524        0.627
                                      4.0      1.000      4.816        0.659
                                      6.0      1.000      6.160        0.656
                                      8.0      1.000      7.439        0.545
                                     10.0      1.000      8.340        0.372
                                     12.0      1.000      8.926        0.270
                                     14.0      1.000      9.420        0.189
                                     16.0      1.000      9.683        0.132
1                            AUTOMATED STABILITY AND CONTROL METHODS PER APRIL 1976 VERSION OF DATCOM
                                         CHARACTERISTICS OF HIGH LIFT AND CONTROL DEVICES
                                            TAIL PLAIN TRAILING-EDGE FLAP CONFIGURATION
                                                 B738 M060 ELEVATOR FULL AIRCRAFT
 -----------------------  FLIGHT CONDITIONS  ------------------------           --------------  REFERENCE DIMENSIONS  ------------
  MACH    ALTITUDE   VELOCITY    PRESSURE    TEMPERATURE     REYNOLDS             REF.      REFERENCE LENGTH   MOMENT REF. CENTER
 NUMBER                                                       NUMBER              AREA       LONG.     LAT.     HORIZ      VERT
              M        M/SEC      N/ M**2       DEG K         1/ M                M**2         M         M         M         M
0 0.600    4572.00     193.35   2.4954E+01     837.388     8.3954E+05           124.583      3.958    34.315    17.000     0.000
0            ---------INCREMENTS DUE TO DEFLECTION---------              ---DERIVATIVES (PER DEGREE)---
0     DELTA     D(CL)     D(CM)    D(CL MAX)    D(CD MIN)                (CLA)D     (CH)A       (CH)D


      -25.0    -0.080     0.4161     0.086      0.00656                  NDM      -7.679E-03  -1.481E-02
      -20.0    -0.077     0.3958     0.073      0.00445                  NDM                  -1.454E-02
      -10.0    -0.048     0.2496     0.042      0.00142                  NDM                  -1.408E-02
       -5.0    -0.024     0.1249     0.022      0.00064                  NDM                  -1.408E-02
        0.0     0.000    -0.0002     0.000      0.00000                  NDM                  -1.408E-02
        5.0     0.024    -0.1249     0.022      0.00064                  NDM                  -1.408E-02
       10.0     0.048    -0.2496     0.042      0.00142                  NDM                  -1.408E-02
       15.0     0.070    -0.3633     0.059      0.00298                  NDM                  -1.414E-02
       25.0     0.080    -0.4165     0.086      0.00656                  NDM                  -1.481E-02
0  *** NOTE * HINGE MOMENT DERIVATIVES ARE BASED ON TWICE THE AREA-MOMENT OF THE CONTROL ABOUT ITS HINGE LINE

0            --------- INDUCED DRAG COEFFICIENT INCREMENT , D(CDI) , DUE TO DEFLECTION ---------
0       DELTA = -25.0     -20.0     -10.0      -5.0       0.0       5.0      10.0      15.0      25.0
   ALPHA
0
    -6.0        4.45E-03  4.11E-03  1.95E-03  7.01E-04 -8.49E-07 -1.50E-04  2.52E-04  1.10E-03  1.63E-03
    -4.0        3.77E-03  3.45E-03  1.54E-03  4.94E-04 -4.36E-07  5.72E-05  6.66E-04  1.70E-03  2.31E-03
    -2.0        3.11E-03  2.83E-03  1.15E-03  2.97E-04 -4.17E-08  2.54E-04  1.06E-03  2.28E-03  2.97E-03
     0.0        2.50E-03  2.25E-03  7.79E-04  1.14E-04  3.25E-07  4.38E-04  1.43E-03  2.81E-03  3.58E-03
     2.0        1.93E-03  1.70E-03  4.32E-04 -5.99E-05  6.72E-07  6.11E-04  1.77E-03  3.32E-03  4.15E-03
     4.0        1.40E-03  1.20E-03  1.17E-04 -2.17E-04  9.87E-07  7.69E-04  2.09E-03  3.77E-03  4.68E-03
     6.0        9.20E-04  7.40E-04 -1.74E-04 -3.63E-04  1.28E-06  9.14E-04  2.38E-03  4.20E-03  5.16E-03
     8.0        3.88E-04  2.33E-04 -4.94E-04 -5.23E-04  1.60E-06  1.07E-03  2.70E-03  4.66E-03  5.69E-03
    10.0       -4.21E-04 -5.38E-04 -9.82E-04 -7.67E-04  2.09E-06  1.32E-03  3.19E-03  5.37E-03  6.50E-03
    12.0       -1.46E-03 -1.53E-03 -1.61E-03 -1.08E-03  2.72E-06  1.63E-03  3.82E-03  6.29E-03  7.54E-03
    14.0       -2.57E-03 -2.59E-03 -2.28E-03 -1.42E-03  3.38E-06  1.97E-03  4.48E-03  7.26E-03  8.66E-03
    16.0       -3.86E-03 -3.81E-03 -3.05E-03 -1.80E-03  4.15E-06  2.35E-03  5.26E-03  8.38E-03  9.94E-03
0***NDM PRINTED WHEN NO DATCOM METHODS EXIST
1                               AUTOMATED STABILITY AND CONTROL METHODS PER APRIL 1976 VERSION OF DATCOM
                                         CHARACTERISTICS AT ANGLE OF ATTACK AND IN SIDESLIP
                                        WING-BODY-VERTICAL TAIL-HORIZONTAL TAIL CONFIGURATION
                                                 B738 M060 ELEVATOR FULL AIRCRAFT
 
 -----------------------  FLIGHT CONDITIONS  ------------------------           --------------  REFERENCE DIMENSIONS  ------------
  MACH    ALTITUDE   VELOCITY    PRESSURE    TEMPERATURE     REYNOLDS             REF.      REFERENCE LENGTH   MOMENT REF. CENTER
 NUMBER                                                       NUMBER              AREA       LONG.     LAT.     HORIZ      VERT
              M        M/SEC      N/ M**2       DEG K         1/ M                M**2         M         M         M         M
0 0.600    6096.00     189.61   4.6600E+04     248.564     7.7453E+06           124.583      3.958    34.315    17.000     0.000
0                                                               -------------------DERIVATIVE (PER RADIAN)-------------------
0 ALPHA     CD       CL       CM       CN       CA       XCP        CLA          CMA          CYB          CNB          CLB
0
   -6.0    0.029   -0.405    0.6958  -0.406   -0.013   -1.713    8.516E+00   -9.158E+00   -8.751E-01    1.678E-01   -1.552E-01
   -4.0    0.023   -0.107    0.3990  -0.108    0.016   -3.688    8.556E+00   -8.062E+00                             -1.846E-01
   -2.0    0.024    0.192    0.1330   0.191    0.031    0.696    8.680E+00   -6.963E+00                             -2.141E-01
    0.0    0.032    0.499   -0.0871   0.499    0.032   -0.175    8.889E+00   -5.786E+00                             -2.447E-01
    2.0    0.047    0.813   -0.2710   0.814    0.019   -0.333    9.030E+00   -4.890E+00                             -2.763E-01
    4.0    0.071    1.130   -0.4285   1.132   -0.008   -0.379    9.095E+00   -4.309E+00                             -3.084E-01
    6.0    0.102    1.448   -0.5718   1.450   -0.050   -0.394    9.123E+00   -3.591E+00                             -3.408E-01
    8.0    0.141    1.766   -0.6792   1.769   -0.106   -0.384    8.062E+00   -2.862E+00                             -3.730E-01
   10.0    0.175    2.011   -0.7716   2.010   -0.177   -0.384    6.236E+00   -2.846E+00                             -3.939E-01
   12.0    0.204    2.202   -0.8779   2.196   -0.258   -0.400    4.526E+00   -2.364E+00                             -4.065E-01
   14.0    0.226    2.327   -0.9366   2.312   -0.344   -0.405    2.740E+00   -1.424E+00                             -4.094E-01
   16.0    0.239    2.393   -0.9773   2.366   -0.430   -0.413    1.074E+00   -9.065E-01                             -4.035E-01
0                                    ALPHA     Q/QINF    EPSLON  D(EPSLON)/D(ALPHA)
0
                                     -6.0      1.000     -1.050        0.534
                                     -4.0      1.000      0.019        0.545
                                     -2.0      1.000      1.132        0.572
                                      0.0      1.000      2.306        0.598
                                      2.0      1.000      3.524        0.627
                                      4.0      1.000      4.816        0.659
                                      6.0      1.000      6.160        0.656
                                      8.0      1.000      7.439        0.545
                                     10.0      1.000      8.340        0.372
                                     12.0      1.000      8.926        0.270
                                     14.0      1.000      9.420        0.189
                                     16.0      1.000      9.683        0.132
1                            AUTOMATED STABILITY AND CONTROL METHODS PER APRIL 1976 VERSION OF DATCOM
                                         CHARACTERISTICS OF HIGH LIFT AND CONTROL DEVICES
                                            TAIL PLAIN TRAILING-EDGE FLAP CONFIGURATION
                                                 B738 M060 ELEVATOR FULL AIRCRAFT
 -----------------------  FLIGHT CONDITIONS  ------------------------           --------------  REFERENCE DIMENSIONS  ------------
  MACH    ALTITUDE   VELOCITY    PRESSURE    TEMPERATURE     REYNOLDS             REF.      REFERENCE LENGTH   MOMENT REF. CENTER
 NUMBER                                                       NUMBER              AREA       LONG.     LAT.     HORIZ      VERT
              M        M/SEC      N/ M**2       DEG K         1/ M                M**2         M         M         M         M
0 0.600    6096.00     189.61   2.0327E+01     805.346     7.1956E+05           124.583      3.958    34.315    17.000     0.000
0            ---------INCREMENTS DUE TO DEFLECTION---------              ---DERIVATIVES (PER DEGREE)---
0     DELTA     D(CL)     D(CM)    D(CL MAX)    D(CD MIN)                (CLA)D     (CH)A       (CH)D


      -25.0    -0.080     0.3994     0.086      0.00656                  NDM      -7.685E-03  -1.483E-02
      -20.0    -0.076     0.3799     0.073      0.00445                  NDM                  -1.455E-02
      -10.0    -0.048     0.2396     0.042      0.00142                  NDM                  -1.410E-02
       -5.0    -0.024     0.1198     0.022      0.00064                  NDM                  -1.410E-02
        0.0     0.000    -0.0002     0.000      0.00000                  NDM                  -1.410E-02
        5.0     0.024    -0.1198     0.022      0.00064                  NDM                  -1.410E-02
       10.0     0.048    -0.2396     0.042      0.00142                  NDM                  -1.410E-02
       15.0     0.070    -0.3486     0.059      0.00298                  NDM                  -1.416E-02
       25.0     0.080    -0.3998     0.086      0.00656                  NDM                  -1.483E-02
0  *** NOTE * HINGE MOMENT DERIVATIVES ARE BASED ON TWICE THE AREA-MOMENT OF THE CONTROL ABOUT ITS HINGE LINE

0            --------- INDUCED DRAG COEFFICIENT INCREMENT , D(CDI) , DUE TO DEFLECTION ---------
0       DELTA = -25.0     -20.0     -10.0      -5.0       0.0       5.0      10.0      15.0      25.0
   ALPHA
0
    -6.0        4.44E-03  4.09E-03  1.95E-03  6.99E-04 -8.48E-07 -1.50E-04  2.50E-04  1.09E-03  1.62E-03
    -4.0        3.75E-03  3.44E-03  1.54E-03  4.93E-04 -4.35E-07  5.67E-05  6.63E-04  1.69E-03  2.31E-03
    -2.0        3.10E-03  2.82E-03  1.14E-03  2.96E-04 -4.17E-08  2.53E-04  1.06E-03  2.27E-03  2.96E-03
     0.0        2.49E-03  2.24E-03  7.76E-04  1.13E-04  3.24E-07  4.36E-04  1.42E-03  2.80E-03  3.57E-03
     2.0        1.92E-03  1.69E-03  4.29E-04 -6.03E-05  6.71E-07  6.10E-04  1.77E-03  3.31E-03  4.14E-03
     4.0        1.40E-03  1.19E-03  1.15E-04 -2.17E-04  9.85E-07  7.67E-04  2.08E-03  3.76E-03  4.66E-03
     6.0        9.14E-04  7.34E-04 -1.76E-04 -3.63E-04  1.28E-06  9.12E-04  2.37E-03  4.19E-03  5.15E-03
     8.0        3.83E-04  2.28E-04 -4.95E-04 -5.22E-04  1.60E-06  1.07E-03  2.69E-03  4.65E-03  5.68E-03
    10.0       -4.26E-04 -5.42E-04 -9.82E-04 -7.66E-04  2.08E-06  1.32E-03  3.18E-03  5.36E-03  6.49E-03
    12.0       -1.47E-03 -1.53E-03 -1.61E-03 -1.08E-03  2.71E-06  1.63E-03  3.81E-03  6.27E-03  7.53E-03
    14.0       -2.58E-03 -2.59E-03 -2.28E-03 -1.41E-03  3.38E-06  1.96E-03  4.48E-03  7.25E-03  8.64E-03
    16.0       -3.85E-03 -3.81E-03 -3.05E-03 -1.80E-03  4.15E-06  2.35E-03  5.25E-03  8.37E-03  9.91E-03
0***NDM PRINTED WHEN NO DATCOM METHODS EXIST
1                               AUTOMATED STABILITY AND CONTROL METHODS PER APRIL 1976 VERSION OF DATCOM
                                         CHARACTERISTICS AT ANGLE OF ATTACK AND IN SIDESLIP
                                        WING-BODY-VERTICAL TAIL-HORIZONTAL TAIL CONFIGURATION
                                                 B738 M060 ELEVATOR FULL AIRCRAFT
 
 -----------------------  FLIGHT CONDITIONS  ------------------------           --------------  REFERENCE DIMENSIONS  ------------
  MACH    ALTITUDE   VELOCITY    PRESSURE    TEMPERATURE     REYNOLDS             REF.      REFERENCE LENGTH   MOMENT REF. CENTER
 NUMBER                                                       NUMBER              AREA       LONG.     LAT.     HORIZ      VERT
              M        M/SEC      N/ M**2       DEG K         1/ M                M**2         M         M         M         M
0 0.600    7620.00     185.80   3.7650E+04     238.679     6.5998E+06           124.583      3.958    34.315    17.000     0.000
0                                                               -------------------DERIVATIVE (PER RADIAN)-------------------
0 ALPHA     CD       CL       CM       CN       CA       XCP        CLA          CMA          CYB          CNB          CLB
0
   -6.0    0.030   -0.405    0.6957  -0.406   -0.013   -1.713    8.516E+00   -9.155E+00   -8.751E-01    1.700E-01   -1.552E-01
   -4.0    0.024   -0.107    0.3990  -0.108    0.016   -3.688    8.556E+00   -8.062E+00                             -1.846E-01
   -2.0    0.024    0.192    0.1329   0.191    0.031    0.695    8.680E+00   -6.964E+00                             -2.141E-01
    0.0    0.032    0.499   -0.0872   0.499    0.032   -0.175    8.889E+00   -5.786E+00                             -2.447E-01
    2.0    0.048    0.813   -0.2711   0.814    0.019   -0.333    9.030E+00   -4.890E+00                             -2.763E-01
    4.0    0.071    1.130   -0.4286   1.132   -0.008   -0.379    9.095E+00   -4.309E+00                             -3.084E-01
    6.0    0.102    1.448   -0.5719   1.450   -0.050   -0.394    9.123E+00   -3.591E+00                             -3.408E-01
    8.0    0.141    1.766   -0.6793   1.769   -0.106   -0.384    8.062E+00   -2.862E+00                             -3.730E-01
   10.0    0.175    2.011   -0.7717   2.010   -0.177   -0.384    6.236E+00   -2.846E+00                             -3.939E-01
   12.0    0.205    2.202   -0.8780   2.196   -0.257   -0.400    4.526E+00   -2.364E+00                             -4.065E-01
   14.0    0.226    2.327   -0.9367   2.312   -0.344   -0.405    2.740E+00   -1.424E+00                             -4.094E-01
   16.0    0.239    2.393   -0.9774   2.366   -0.429   -0.413    1.074E+00   -9.067E-01                             -4.035E-01
0                                    ALPHA     Q/QINF    EPSLON  D(EPSLON)/D(ALPHA)
0
                                     -6.0      1.000     -1.050        0.534
                                     -4.0      1.000      0.019        0.545
                                     -2.0      1.000      1.132        0.572
                                      0.0      1.000      2.306        0.598
                                      2.0      1.000      3.524        0.627
                                      4.0      1.000      4.816        0.659
                                      6.0      1.000      6.160        0.656
                                      8.0      1.000      7.439        0.545
                                     10.0      1.000      8.340        0.372
                                     12.0      1.000      8.926        0.270
                                     14.0      1.000      9.420        0.189
                                     16.0      1.000      9.683        0.132
1                            AUTOMATED STABILITY AND CONTROL METHODS PER APRIL 1976 VERSION OF DATCOM
                                         CHARACTERISTICS OF HIGH LIFT AND CONTROL DEVICES
                                            TAIL PLAIN TRAILING-EDGE FLAP CONFIGURATION
                                                 B738 M060 ELEVATOR FULL AIRCRAFT
 -----------------------  FLIGHT CONDITIONS  ------------------------           --------------  REFERENCE DIMENSIONS  ------------
  MACH    ALTITUDE   VELOCITY    PRESSURE    TEMPERATURE     REYNOLDS             REF.      REFERENCE LENGTH   MOMENT REF. CENTER
 NUMBER                                                       NUMBER              AREA       LONG.     LAT.     HORIZ      VERT
              M        M/SEC      N/ M**2       DEG K         1/ M                M**2         M         M         M         M
0 0.600    7620.00     185.80   1.6423E+01     773.320     6.1314E+05           124.583      3.958    34.315    17.000     0.000
0            ---------INCREMENTS DUE TO DEFLECTION---------              ---DERIVATIVES (PER DEGREE)---
0     DELTA     D(CL)     D(CM)    D(CL MAX)    D(CD MIN)                (CLA)D     (CH)A       (CH)D


      -25.0    -0.080     0.3746     0.086      0.00656                  NDM      -7.692E-03  -1.484E-02
      -20.0    -0.076     0.3563     0.073      0.00445                  NDM                  -1.457E-02
      -10.0    -0.048     0.2246     0.042      0.00142                  NDM                  -1.411E-02
       -5.0    -0.024     0.1123     0.022      0.00064                  NDM                  -1.411E-02
        0.0     0.000    -0.0002     0.000      0.00000                  NDM                  -1.411E-02
        5.0     0.024    -0.1123     0.022      0.00064                  NDM                  -1.411E-02
       10.0     0.048    -0.2246     0.042      0.00142                  NDM                  -1.411E-02
       15.0     0.070    -0.3269     0.059      0.00297                  NDM                  -1.418E-02
       25.0     0.080    -0.3750     0.086      0.00656                  NDM                  -1.484E-02
0  *** NOTE * HINGE MOMENT DERIVATIVES ARE BASED ON TWICE THE AREA-MOMENT OF THE CONTROL ABOUT ITS HINGE LINE

0            --------- INDUCED DRAG COEFFICIENT INCREMENT , D(CDI) , DUE TO DEFLECTION ---------
0       DELTA = -25.0     -20.0     -10.0      -5.0       0.0       5.0      10.0      15.0      25.0
   ALPHA
0
    -6.0        4.43E-03  4.08E-03  1.94E-03  6.98E-04 -8.47E-07 -1.50E-04  2.48E-04  1.09E-03  1.61E-03
    -4.0        3.74E-03  3.43E-03  1.53E-03  4.92E-04 -4.34E-07  5.61E-05  6.60E-04  1.69E-03  2.30E-03
    -2.0        3.09E-03  2.81E-03  1.14E-03  2.95E-04 -4.16E-08  2.52E-04  1.05E-03  2.26E-03  2.95E-03
     0.0        2.48E-03  2.23E-03  7.73E-04  1.13E-04  3.24E-07  4.35E-04  1.42E-03  2.79E-03  3.56E-03
     2.0        1.91E-03  1.68E-03  4.26E-04 -6.06E-05  6.70E-07  6.08E-04  1.76E-03  3.30E-03  4.13E-03
     4.0        1.39E-03  1.19E-03  1.13E-04 -2.17E-04  9.83E-07  7.65E-04  2.08E-03  3.75E-03  4.65E-03
     6.0        9.07E-04  7.28E-04 -1.77E-04 -3.62E-04  1.27E-06  9.10E-04  2.37E-03  4.17E-03  5.13E-03
     8.0        3.77E-04  2.23E-04 -4.96E-04 -5.22E-04  1.59E-06  1.07E-03  2.69E-03  4.64E-03  5.66E-03
    10.0       -4.30E-04 -5.46E-04 -9.82E-04 -7.65E-04  2.08E-06  1.31E-03  3.17E-03  5.35E-03  6.47E-03
    12.0       -1.47E-03 -1.54E-03 -1.61E-03 -1.08E-03  2.71E-06  1.63E-03  3.80E-03  6.26E-03  7.51E-03
    14.0       -2.58E-03 -2.59E-03 -2.27E-03 -1.41E-03  3.37E-06  1.96E-03  4.47E-03  7.23E-03  8.61E-03
    16.0       -3.85E-03 -3.81E-03 -3.04E-03 -1.80E-03  4.14E-06  2.34E-03  5.23E-03  8.35E-03  9.89E-03
0***NDM PRINTED WHEN NO DATCOM METHODS EXIST
1                               AUTOMATED STABILITY AND CONTROL METHODS PER APRIL 1976 VERSION OF DATCOM
                                         CHARACTERISTICS AT ANGLE OF ATTACK AND IN SIDESLIP
                                        WING-BODY-VERTICAL TAIL-HORIZONTAL TAIL CONFIGURATION
                                                 B738 M060 ELEVATOR FULL AIRCRAFT
 
 -----------------------  FLIGHT CONDITIONS  ------------------------           --------------  REFERENCE DIMENSIONS  ------------
  MACH    ALTITUDE   VELOCITY    PRESSURE    TEMPERATURE     REYNOLDS             REF.      REFERENCE LENGTH   MOMENT REF. CENTER
 NUMBER                                                       NUMBER              AREA       LONG.     LAT.     HORIZ      VERT
              M        M/SEC      N/ M**2       DEG K         1/ M                M**2         M         M         M         M
0 0.600    9144.00     181.92   3.0148E+04     228.799     5.5883E+06           124.583      3.958    34.315    17.000     0.000
0                                                               -------------------DERIVATIVE (PER RADIAN)-------------------
0 ALPHA     CD       CL       CM       CN       CA       XCP        CLA          CMA          CYB          CNB          CLB
0
   -6.0    0.030   -0.405    0.6957  -0.406   -0.012   -1.713    8.515E+00   -9.151E+00   -8.751E-01    1.722E-01   -1.552E-01
   -4.0    0.024   -0.107    0.3990  -0.108    0.017   -3.687    8.556E+00   -8.062E+00                             -1.846E-01
   -2.0    0.025    0.192    0.1329   0.191    0.032    0.695    8.680E+00   -6.965E+00                             -2.141E-01
    0.0    0.033    0.499   -0.0873   0.499    0.033   -0.175    8.889E+00   -5.787E+00                             -2.447E-01
    2.0    0.048    0.813   -0.2711   0.814    0.020   -0.333    9.030E+00   -4.890E+00                             -2.763E-01
    4.0    0.072    1.130   -0.4286   1.132   -0.007   -0.379    9.095E+00   -4.309E+00                             -3.084E-01
    6.0    0.103    1.448   -0.5720   1.450   -0.049   -0.394    9.123E+00   -3.592E+00                             -3.408E-01
    8.0    0.142    1.766   -0.6794   1.769   -0.106   -0.384    8.062E+00   -2.862E+00                             -3.730E-01
   10.0    0.176    2.010   -0.7718   2.010   -0.176   -0.384    6.236E+00   -2.846E+00                             -3.939E-01
   12.0    0.205    2.202   -0.8781   2.196   -0.257   -0.400    4.526E+00   -2.364E+00                             -4.065E-01
   14.0    0.226    2.326   -0.9368   2.312   -0.343   -0.405    2.740E+00   -1.424E+00                             -4.094E-01
   16.0    0.240    2.393   -0.9775   2.366   -0.429   -0.413    1.074E+00   -9.068E-01                             -4.035E-01
0                                    ALPHA     Q/QINF    EPSLON  D(EPSLON)/D(ALPHA)
0
                                     -6.0      1.000     -1.050        0.534
                                     -4.0      1.000      0.019        0.545
                                     -2.0      1.000      1.132        0.572
                                      0.0      1.000      2.306        0.598
                                      2.0      1.000      3.524        0.627
                                      4.0      1.000      4.816        0.659
                                      6.0      1.000      6.160        0.656
                                      8.0      1.000      7.439        0.545
                                     10.0      1.000      8.340        0.372
                                     12.0      1.000      8.926        0.270
                                     14.0      1.000      9.420        0.189
                                     16.0      1.000      9.683        0.132
1                            AUTOMATED STABILITY AND CONTROL METHODS PER APRIL 1976 VERSION OF DATCOM
                                         CHARACTERISTICS OF HIGH LIFT AND CONTROL DEVICES
                                            TAIL PLAIN TRAILING-EDGE FLAP CONFIGURATION
                                                 B738 M060 ELEVATOR FULL AIRCRAFT
 -----------------------  FLIGHT CONDITIONS  ------------------------           --------------  REFERENCE DIMENSIONS  ------------
  MACH    ALTITUDE   VELOCITY    PRESSURE    TEMPERATURE     REYNOLDS             REF.      REFERENCE LENGTH   MOMENT REF. CENTER
 NUMBER                                                       NUMBER              AREA       LONG.     LAT.     HORIZ      VERT
              M        M/SEC      N/ M**2       DEG K         1/ M                M**2         M         M         M         M
0 0.600    9144.00     181.92   1.3151E+01     741.308     5.1917E+05           124.583      3.958    34.315    17.000     0.000
0            ---------INCREMENTS DUE TO DEFLECTION---------              ---DERIVATIVES (PER DEGREE)---
0     DELTA     D(CL)     D(CM)    D(CL MAX)    D(CD MIN)                (CLA)D     (CH)A       (CH)D


      -25.0    -0.080     0.3514     0.086      0.00656                  NDM      -7.698E-03  -1.486E-02
      -20.0    -0.076     0.3342     0.073      0.00445                  NDM                  -1.459E-02
      -10.0    -0.048     0.2106     0.042      0.00141                  NDM                  -1.413E-02
       -5.0    -0.024     0.1053     0.022      0.00064                  NDM                  -1.413E-02
        0.0     0.000    -0.0002     0.000      0.00000                  NDM                  -1.413E-02
        5.0     0.024    -0.1053     0.022      0.00064                  NDM                  -1.413E-02
       10.0     0.048    -0.2106     0.042      0.00141                  NDM                  -1.413E-02
       15.0     0.070    -0.3065     0.059      0.00297                  NDM                  -1.420E-02
       25.0     0.080    -0.3519     0.086      0.00656                  NDM                  -1.486E-02
0  *** NOTE * HINGE MOMENT DERIVATIVES ARE BASED ON TWICE THE AREA-MOMENT OF THE CONTROL ABOUT ITS HINGE LINE

0            --------- INDUCED DRAG COEFFICIENT INCREMENT , D(CDI) , DUE TO DEFLECTION ---------
0       DELTA = -25.0     -20.0     -10.0      -5.0       0.0       5.0      10.0      15.0      25.0
   ALPHA
0
    -6.0        4.41E-03  4.07E-03  1.94E-03  6.96E-04 -8.45E-07 -1.50E-04  2.45E-04  1.08E-03  1.60E-03
    -4.0        3.73E-03  3.42E-03  1.53E-03  4.90E-04 -4.34E-07  5.55E-05  6.57E-04  1.68E-03  2.29E-03
    -2.0        3.08E-03  2.80E-03  1.13E-03  2.94E-04 -4.15E-08  2.52E-04  1.05E-03  2.25E-03  2.94E-03
     0.0        2.47E-03  2.22E-03  7.69E-04  1.12E-04  3.23E-07  4.34E-04  1.41E-03  2.78E-03  3.54E-03
     2.0        1.90E-03  1.67E-03  4.24E-04 -6.10E-05  6.69E-07  6.07E-04  1.76E-03  3.29E-03  4.12E-03
     4.0        1.38E-03  1.18E-03  1.11E-04 -2.17E-04  9.81E-07  7.63E-04  2.07E-03  3.74E-03  4.64E-03
     6.0        9.00E-04  7.22E-04 -1.79E-04 -3.62E-04  1.27E-06  9.08E-04  2.36E-03  4.16E-03  5.12E-03
     8.0        3.71E-04  2.18E-04 -4.97E-04 -5.22E-04  1.59E-06  1.07E-03  2.68E-03  4.63E-03  5.65E-03
    10.0       -4.35E-04 -5.50E-04 -9.82E-04 -7.64E-04  2.07E-06  1.31E-03  3.17E-03  5.33E-03  6.45E-03
    12.0       -1.47E-03 -1.54E-03 -1.61E-03 -1.08E-03  2.70E-06  1.62E-03  3.79E-03  6.24E-03  7.49E-03
    14.0       -2.58E-03 -2.59E-03 -2.27E-03 -1.41E-03  3.37E-06  1.95E-03  4.46E-03  7.21E-03  8.59E-03
    16.0       -3.85E-03 -3.80E-03 -3.04E-03 -1.79E-03  4.13E-06  2.34E-03  5.22E-03  8.33E-03  9.87E-03
0***NDM PRINTED WHEN NO DATCOM METHODS EXIST
1                               AUTOMATED STABILITY AND CONTROL METHODS PER APRIL 1976 VERSION OF DATCOM
                                         CHARACTERISTICS AT ANGLE OF ATTACK AND IN SIDESLIP
                                        WING-BODY-VERTICAL TAIL-HORIZONTAL TAIL CONFIGURATION
                                                 B738 M060 ELEVATOR FULL AIRCRAFT
 
 -----------------------  FLIGHT CONDITIONS  ------------------------           --------------  REFERENCE DIMENSIONS  ------------
  MACH    ALTITUDE   VELOCITY    PRESSURE    TEMPERATURE     REYNOLDS             REF.      REFERENCE LENGTH   MOMENT REF. CENTER
 NUMBER                                                       NUMBER              AREA       LONG.     LAT.     HORIZ      VERT
              M        M/SEC      N/ M**2       DEG K         1/ M                M**2         M         M         M         M
0 0.600   10668.00     177.95   2.3909E+04     218.924     4.6996E+06           124.583      3.958    34.315    17.000     0.000
0                                                               -------------------DERIVATIVE (PER RADIAN)-------------------
0 ALPHA     CD       CL       CM       CN       CA       XCP        CLA          CMA          CYB          CNB          CLB
0
   -6.0    0.031   -0.405    0.6956  -0.406   -0.012   -1.713    8.515E+00   -9.146E+00   -8.751E-01    1.746E-01   -1.552E-01
   -4.0    0.025   -0.107    0.3990  -0.108    0.017   -3.686    8.556E+00   -8.062E+00                             -1.846E-01
   -2.0    0.025    0.192    0.1328   0.191    0.032    0.695    8.680E+00   -6.966E+00                             -2.141E-01
    0.0    0.033    0.499   -0.0873   0.499    0.033   -0.175    8.888E+00   -5.787E+00                             -2.447E-01
    2.0    0.049    0.813   -0.2712   0.814    0.020   -0.333    9.030E+00   -4.890E+00                             -2.763E-01
    4.0    0.072    1.130   -0.4287   1.132   -0.007   -0.379    9.095E+00   -4.310E+00                             -3.084E-01
    6.0    0.103    1.448   -0.5721   1.450   -0.049   -0.394    9.122E+00   -3.592E+00                             -3.408E-01
    8.0    0.142    1.766   -0.6795   1.769   -0.105   -0.384    8.062E+00   -2.862E+00                             -3.730E-01
   10.0    0.176    2.010   -0.7719   2.010   -0.176   -0.384    6.236E+00   -2.846E+00                             -3.939E-01
   12.0    0.206    2.202   -0.8782   2.196   -0.257   -0.400    4.526E+00   -2.364E+00                             -4.065E-01
   14.0    0.227    2.326   -0.9370   2.312   -0.343   -0.405    2.740E+00   -1.424E+00                             -4.094E-01
   16.0    0.240    2.393   -0.9776   2.367   -0.429   -0.413    1.074E+00   -9.070E-01                             -4.034E-01
0                                    ALPHA     Q/QINF    EPSLON  D(EPSLON)/D(ALPHA)
0
                                     -6.0      1.000     -1.050        0.534
                                     -4.0      1.000      0.019        0.545
                                     -2.0      1.000      1.132        0.572
                                      0.0      1.000      2.306        0.598
                                      2.0      1.000      3.524        0.627
                                      4.0      1.000      4.816        0.659
                                      6.0      1.000      6.160        0.656
                                      8.0      1.000      7.439        0.545
                                     10.0      1.000      8.340        0.372
                                     12.0      1.000      8.926        0.270
                                     14.0      1.000      9.420        0.189
                                     16.0      1.000      9.683        0.132
1                            AUTOMATED STABILITY AND CONTROL METHODS PER APRIL 1976 VERSION OF DATCOM
                                         CHARACTERISTICS OF HIGH LIFT AND CONTROL DEVICES
                                            TAIL PLAIN TRAILING-EDGE FLAP CONFIGURATION
                                                 B738 M060 ELEVATOR FULL AIRCRAFT
 -----------------------  FLIGHT CONDITIONS  ------------------------           --------------  REFERENCE DIMENSIONS  ------------
  MACH    ALTITUDE   VELOCITY    PRESSURE    TEMPERATURE     REYNOLDS             REF.      REFERENCE LENGTH   MOMENT REF. CENTER
 NUMBER                                                       NUMBER              AREA       LONG.     LAT.     HORIZ      VERT
              M        M/SEC      N/ M**2       DEG K         1/ M                M**2         M         M         M         M
0 0.600   10668.00     177.95   1.0429E+01     709.312     4.3660E+05           124.583      3.958    34.315    17.000     0.000
0            ---------INCREMENTS DUE TO DEFLECTION---------              ---DERIVATIVES (PER DEGREE)---
0     DELTA     D(CL)     D(CM)    D(CL MAX)    D(CD MIN)                (CLA)D     (CH)A       (CH)D


      -25.0    -0.080     0.3050     0.086      0.00656                  NDM      -7.705E-03  -1.488E-02
      -20.0    -0.076     0.2900     0.073      0.00445                  NDM                  -1.460E-02
      -10.0    -0.048     0.1827     0.042      0.00141                  NDM                  -1.415E-02
       -5.0    -0.024     0.0914     0.022      0.00064                  NDM                  -1.415E-02
        0.0     0.000    -0.0002     0.000      0.00000                  NDM                  -1.415E-02
        5.0     0.024    -0.0914     0.022      0.00064                  NDM                  -1.415E-02
       10.0     0.048    -0.1827     0.042      0.00141                  NDM                  -1.415E-02
       15.0     0.070    -0.2658     0.059      0.00297                  NDM                  -1.421E-02
       25.0     0.080    -0.3055     0.086      0.00656                  NDM                  -1.488E-02
0  *** NOTE * HINGE MOMENT DERIVATIVES ARE BASED ON TWICE THE AREA-MOMENT OF THE CONTROL ABOUT ITS HINGE LINE

0            --------- INDUCED DRAG COEFFICIENT INCREMENT , D(CDI) , DUE TO DEFLECTION ---------
0       DELTA = -25.0     -20.0     -10.0      -5.0       0.0       5.0      10.0      15.0      25.0
   ALPHA
0
    -6.0        4.40E-03  4.06E-03  1.93E-03  6.94E-04 -8.43E-07 -1.50E-04  2.43E-04  1.08E-03  1.60E-03
    -4.0        3.72E-03  3.41E-03  1.52E-03  4.89E-04 -4.33E-07  5.49E-05  6.54E-04  1.67E-03  2.28E-03
    -2.0        3.07E-03  2.79E-03  1.13E-03  2.93E-04 -4.14E-08  2.51E-04  1.04E-03  2.24E-03  2.93E-03
     0.0        2.46E-03  2.21E-03  7.66E-04  1.11E-04  3.23E-07  4.33E-04  1.41E-03  2.77E-03  3.53E-03
     2.0        1.89E-03  1.67E-03  4.21E-04 -6.14E-05  6.67E-07  6.05E-04  1.75E-03  3.28E-03  4.10E-03
     4.0        1.37E-03  1.17E-03  1.09E-04 -2.17E-04  9.80E-07  7.61E-04  2.07E-03  3.73E-03  4.62E-03
     6.0        8.93E-04  7.15E-04 -1.80E-04 -3.62E-04  1.27E-06  9.06E-04  2.36E-03  4.15E-03  5.10E-03
     8.0        3.65E-04  2.12E-04 -4.98E-04 -5.21E-04  1.59E-06  1.06E-03  2.67E-03  4.61E-03  5.63E-03
    10.0       -4.39E-04 -5.54E-04 -9.83E-04 -7.63E-04  2.07E-06  1.31E-03  3.16E-03  5.32E-03  6.43E-03
    12.0       -1.47E-03 -1.54E-03 -1.61E-03 -1.07E-03  2.69E-06  1.62E-03  3.78E-03  6.23E-03  7.47E-03
    14.0       -2.58E-03 -2.59E-03 -2.27E-03 -1.41E-03  3.36E-06  1.95E-03  4.45E-03  7.19E-03  8.57E-03
    16.0       -3.85E-03 -3.80E-03 -3.04E-03 -1.79E-03  4.12E-06  2.33E-03  5.21E-03  8.31E-03  9.84E-03
0***NDM PRINTED WHEN NO DATCOM METHODS EXIST
1                               AUTOMATED STABILITY AND CONTROL METHODS PER APRIL 1976 VERSION OF DATCOM
                                         CHARACTERISTICS AT ANGLE OF ATTACK AND IN SIDESLIP
                                        WING-BODY-VERTICAL TAIL-HORIZONTAL TAIL CONFIGURATION
                                                 B738 M060 ELEVATOR FULL AIRCRAFT
 
 -----------------------  FLIGHT CONDITIONS  ------------------------           --------------  REFERENCE DIMENSIONS  ------------
  MACH    ALTITUDE   VELOCITY    PRESSURE    TEMPERATURE     REYNOLDS             REF.      REFERENCE LENGTH   MOMENT REF. CENTER
 NUMBER                                                       NUMBER              AREA       LONG.     LAT.     HORIZ      VERT
              M        M/SEC      N/ M**2       DEG K         1/ M                M**2         M         M         M         M
0 0.600   11887.20     177.02   1.9746E+04     216.650     3.9358E+06           124.583      3.958    34.315    17.000     0.000
0                                                               -------------------DERIVATIVE (PER RADIAN)-------------------
0 ALPHA     CD       CL       CM       CN       CA       XCP        CLA          CMA          CYB          CNB          CLB
0
   -6.0    0.031   -0.405    0.6956  -0.406   -0.011   -1.712    8.515E+00   -9.142E+00   -8.751E-01    1.770E-01   -1.552E-01
   -4.0    0.025   -0.107    0.3990  -0.108    0.018   -3.686    8.556E+00   -8.062E+00                             -1.846E-01
   -2.0    0.026    0.192    0.1327   0.191    0.033    0.694    8.680E+00   -6.968E+00                             -2.141E-01
    0.0    0.034    0.499   -0.0874   0.499    0.034   -0.175    8.888E+00   -5.787E+00                             -2.447E-01
    2.0    0.049    0.813   -0.2713   0.814    0.021   -0.333    9.029E+00   -4.890E+00                             -2.763E-01
    4.0    0.073    1.130   -0.4288   1.132   -0.006   -0.379    9.095E+00   -4.310E+00                             -3.084E-01
    6.0    0.104    1.448   -0.5722   1.451   -0.048   -0.394    9.122E+00   -3.592E+00                             -3.408E-01
    8.0    0.143    1.766   -0.6796   1.769   -0.105   -0.384    8.062E+00   -2.862E+00                             -3.730E-01
   10.0    0.177    2.010   -0.7720   2.011   -0.175   -0.384    6.236E+00   -2.847E+00                             -3.939E-01
   12.0    0.206    2.202   -0.8783   2.196   -0.256   -0.400    4.526E+00   -2.364E+00                             -4.065E-01
   14.0    0.227    2.326   -0.9371   2.312   -0.342   -0.405    2.739E+00   -1.425E+00                             -4.094E-01
   16.0    0.241    2.393   -0.9778   2.367   -0.428   -0.413    1.074E+00   -9.071E-01                             -4.034E-01
0                                    ALPHA     Q/QINF    EPSLON  D(EPSLON)/D(ALPHA)
0
                                     -6.0      1.000     -1.050        0.534
                                     -4.0      1.000      0.019        0.545
                                     -2.0      1.000      1.132        0.572
                                      0.0      1.000      2.306        0.598
                                      2.0      1.000      3.524        0.627
                                      4.0      1.000      4.816        0.659
                                      6.0      1.000      6.160        0.656
                                      8.0      1.000      7.439        0.545
                                     10.0      1.000      8.340        0.372
                                     12.0      1.000      8.926        0.270
                                     14.0      1.000      9.420        0.189
                                     16.0      1.000      9.683        0.132
1                            AUTOMATED STABILITY AND CONTROL METHODS PER APRIL 1976 VERSION OF DATCOM
                                         CHARACTERISTICS OF HIGH LIFT AND CONTROL DEVICES
                                            TAIL PLAIN TRAILING-EDGE FLAP CONFIGURATION
                                                 B738 M060 ELEVATOR FULL AIRCRAFT
 -----------------------  FLIGHT CONDITIONS  ------------------------           --------------  REFERENCE DIMENSIONS  ------------
  MACH    ALTITUDE   VELOCITY    PRESSURE    TEMPERATURE     REYNOLDS             REF.      REFERENCE LENGTH   MOMENT REF. CENTER
 NUMBER                                                       NUMBER              AREA       LONG.     LAT.     HORIZ      VERT
              M        M/SEC      N/ M**2       DEG K         1/ M                M**2         M         M         M         M
0 0.600   11887.20     177.02   8.6131E+00     701.946     3.6565E+05           124.583      3.958    34.315    17.000     0.000
0            ---------INCREMENTS DUE TO DEFLECTION---------              ---DERIVATIVES (PER DEGREE)---
0     DELTA     D(CL)     D(CM)    D(CL MAX)    D(CD MIN)                (CLA)D     (CH)A       (CH)D


      -25.0    -0.079     0.2674     0.086      0.00655                  NDM      -7.728E-03  -1.493E-02
      -20.0    -0.076     0.2566     0.073      0.00444                  NDM                  -1.466E-02
      -10.0    -0.048     0.1612     0.042      0.00141                  NDM                  -1.421E-02
       -5.0    -0.024     0.0806     0.022      0.00064                  NDM                  -1.421E-02
        0.0     0.000    -0.0002     0.000      0.00000                  NDM                  -1.421E-02
        5.0     0.024    -0.0806     0.022      0.00064                  NDM                  -1.421E-02
       10.0     0.048    -0.1612     0.042      0.00141                  NDM                  -1.421E-02
       15.0     0.070    -0.2348     0.059      0.00297                  NDM                  -1.427E-02
       25.0     0.079    -0.2708     0.086      0.00655                  NDM                  -1.493E-02
0  *** NOTE * HINGE MOMENT DERIVATIVES ARE BASED ON TWICE THE AREA-MOMENT OF THE CONTROL ABOUT ITS HINGE LINE

0            --------- INDUCED DRAG COEFFICIENT INCREMENT , D(CDI) , DUE TO DEFLECTION ---------
0       DELTA = -25.0     -20.0     -10.0      -5.0       0.0       5.0      10.0      15.0      25.0
   ALPHA
0
    -6.0        4.36E-03  4.02E-03  1.91E-03  6.88E-04 -8.38E-07 -1.51E-04  2.35E-04  1.06E-03  1.57E-03
    -4.0        3.68E-03  3.37E-03  1.51E-03  4.84E-04 -4.30E-07  5.30E-05  6.43E-04  1.65E-03  2.25E-03
    -2.0        3.03E-03  2.76E-03  1.12E-03  2.90E-04 -4.12E-08  2.47E-04  1.03E-03  2.22E-03  2.89E-03
     0.0        2.43E-03  2.18E-03  7.55E-04  1.09E-04  3.21E-07  4.28E-04  1.39E-03  2.74E-03  3.49E-03
     2.0        1.86E-03  1.64E-03  4.12E-04 -6.26E-05  6.64E-07  6.00E-04  1.74E-03  3.24E-03  4.06E-03
     4.0        1.35E-03  1.15E-03  1.02E-04 -2.18E-04  9.74E-07  7.55E-04  2.05E-03  3.69E-03  4.58E-03
     6.0        8.70E-04  6.95E-04 -1.86E-04 -3.61E-04  1.26E-06  8.99E-04  2.33E-03  4.11E-03  5.05E-03
     8.0        3.45E-04  1.95E-04 -5.02E-04 -5.20E-04  1.58E-06  1.06E-03  2.65E-03  4.57E-03  5.58E-03
    10.0       -4.54E-04 -5.66E-04 -9.83E-04 -7.60E-04  2.06E-06  1.30E-03  3.13E-03  5.27E-03  6.38E-03
    12.0       -1.48E-03 -1.55E-03 -1.60E-03 -1.07E-03  2.68E-06  1.61E-03  3.75E-03  6.18E-03  7.41E-03
    14.0       -2.58E-03 -2.59E-03 -2.26E-03 -1.40E-03  3.34E-06  1.94E-03  4.41E-03  7.14E-03  8.50E-03
    16.0       -3.84E-03 -3.80E-03 -3.02E-03 -1.78E-03  4.10E-06  2.32E-03  5.17E-03  8.25E-03  9.77E-03
0***NDM PRINTED WHEN NO DATCOM METHODS EXIST
1                               AUTOMATED STABILITY AND CONTROL METHODS PER APRIL 1976 VERSION OF DATCOM
                                         CHARACTERISTICS AT ANGLE OF ATTACK AND IN SIDESLIP
