 THIS SOFTWARE AND ANY ACCOMPANYING DOCUMENTATION
 IS RELEASED "AS IS".  THE U.S. GOVERNMENT MAKES NO
 WARRANTY OF ANY KIND, EXPRESS OR IMPLIED, CONCERNING
 THIS SOFTWARE AND ANY ACCOMPANYING DOCUMENTATION,
 INCLUDING, WITHOUT LIMITATION, ANY WARRANTIES OF
 MERCHANTABILITY OR FITNESS FOR A PARTICULAR PURPOSE.
 IN NO EVENT WILL THE U.S. GOVERNMENT BE LIABLE FOR ANY
 DAMAGES, INCLUDING LOST PROFITS, LOST SAVINGS OR OTHER
 INCIDENTAL OR CONSEQUENTIAL DAMAGES ARISING OUT OF THE 
 USE, OR INABILITY TO USE, THIS SOFTWARE OR ANY
 ACCOMPANYING DOCUMENTATION, EVEN IF INFORMED IN ADVANCE
 OF THE POSSIBILITY OF SUCH DAMAGES.
  ****************************************************
  *    USAF STABILITY AND CONTROL  DIGITAL DATCOM    *
  *    PROGRAM REV. JAN 96   DIRECT INQUIRIES TO:    *
  *    WRIGHT LABORATORY  (WL/FIGC)  ATTN: W. BLAKE  *
  *      WRIGHT PATTERSON AFB, OHIO  45433           *
  *    PHONE (513) 255-6764,   FAX (513) 258-4054    *
  ****************************************************
 Preparing to start the big loop
 At 1000
1                         CONERR - INPUT ERROR CHECKING
0 ERROR CODES - N* DENOTES THE NUMBER OF OCCURENCES OF EACH ERROR
0 A - UNKNOWN VARIABLE NAME
0 B - MISSING EQUAL SIGN FOLLOWING VARIABLE NAME
0 C - NON-ARRAY VARIABLE HAS AN ARRAY ELEMENT DESIGNATION - (N)
0 D - NON-ARRAY VARIABLE HAS MULTIPLE VALUES ASSIGNED
0 E - ASSIGNED VALUES EXCEED ARRAY DIMENSION
0 F - SYNTAX ERROR

0******************************  INPUT DATA CARDS  ******************************

 CASEID B738 M072 CLEAN CRUISE FULL AIRCRAFT                                     
 DIM M                                                                           
 DERIV RAD                                                                       
  $FLTCON                                                                        
   LOOP=3.0,                                                                     
   NMACH=1.0,                                                                    
   MACH(1)=0.72,                                                                 
   NALT=10.0,                                                                    
   ALT(1)=0.0,1524.0,3048.0,4572.0,6096.0,                                       
   ALT(6)=7620.0,9144.0,10668.0,11887.2,12496.8,                                 
   NALPHA=12.0,                                                                  
   ALSCHD(1)=-6.0,-4.0,-2.0,0.0,2.0,4.0,                                         
   ALSCHD(7)=6.0,8.0,10.0,12.0,14.0,16.0$                                        
  $OPTINS                                                                        
   SREF=124.583,                                                                 
   CBARR=3.9576,                                                                 
   BLREF=34.3154$                                                                
  $SYNTHS                                                                        
   XCG=17.000,                                                                   
   ZCG=0.000,                                                                    
   XW=13.610,                                                                    
   ZW=-1.270,                                                                    
   ALIW=1.000,                                                                   
   XH=33.800,                                                                    
   ZH=1.890,                                                                     
   ALIH=0.000,                                                                   
   XV=32.130,                                                                    
   ZV=2.320,                                                                     
   SCALE=1.000,                                                                  
   VERTUP=.TRUE.$                                                                
  $BODY                                                                          
   NX=15.0,                                                                      
   BNOSE=2.0,                                                                    
   BTAIL=2.0,                                                                    
   BLA=20.0,                                                                     
   X(1)=0.0000,0.4206,1.4722,2.1031,2.7341,                                      
   X(6)=4.2062,8.4125,16.8250,27.2796,30.4495,                                   
   X(11)=31.4858,33.5890,35.6921,37.7952,38.0086,                                
   ZU(1)=0.2103,0.6309,1.0516,1.3350,1.7892,                                     
   ZU(6)=2.1031,2.5237,2.5237,2.5237,2.5237,                                     
   ZU(11)=2.5237,2.4201,2.3134,2.2860,2.1031,                                    
   ZL(1)=-0.1067,-0.5273,-1.0516,-1.1582,-1.2619,                                
   ZL(6)=-1.3686,-1.4722,-1.4722,-1.4722,-1.0516,                                
   ZL(11)=-0.8412,-0.2469,0.3170,1.2619,1.8928,                                  
   S(1)=0.0511,0.7646,2.6840,4.1165,6.0443,                                      
   S(6)=8.6056,11.8739,11.8739,11.8739,10.0437,                                  
   S(11)=8.8890,5.2843,2.6375,0.3382,0.0102$                                     
  $WGPLNF                                                                        
   CHRDR=7.8770,                                                                 
   CHRDBP=5.7117,                                                                
   CHRDTP=1.2510,                                                                
   SSPN=17.1577,                                                                 
   SSPNE=15.2800,                                                                
   SSPNOP=0.7750,                                                                
   SAVSI=25.020,                                                                 
   SAVSO=25.020,                                                                 
   CHSTAT=0.250,                                                                 
   TWISTA=0.000,                                                                 
   DHDADI=6.000,                                                                 
   DHDADO=6.000,                                                                 
   TYPE=1.000$                                                                   
 NACA-W-6-64A412                                                                 
  $VTPLNF                                                                        
   CHRDR=5.8074,                                                                 
   CHRDTP=1.5748,                                                                
   SSPN=7.1628,                                                                  
   SSPNE=6.4000,                                                                 
   SAVSI=35.000,                                                                 
   CHSTAT=0.250,                                                                 
   TWISTA=0.000,                                                                 
   TYPE=1.000$                                                                   
 NACA-V-4-0012                                                                   
  $HTPLNF                                                                        
   CHRDR=3.7980,                                                                 
   CHRDTP=0.7710,                                                                
   SSPN=7.1750,                                                                  
   SSPNE=5.3000,                                                                 
   SAVSI=30.000,                                                                 
   CHSTAT=0.250,                                                                 
   TWISTA=0.000,                                                                 
   DHDADI=7.000,                                                                 
   TYPE=1.000$                                                                   
 NACA-H-4-0012                                                                   
 DAMP                                                                            
 NEXT CASE                                                                       
 CASEID B738 M072 ELEVATOR FULL AIRCRAFT                                         
 DIM M                                                                           
 DERIV RAD                                                                       
  $FLTCON                                                                        
   LOOP=3.0,                                                                     
   NMACH=1.0,                                                                    
   MACH(1)=0.72,                                                                 
   NALT=10.0,                                                                    
   ALT(1)=0.0,1524.0,3048.0,4572.0,6096.0,                                       
   ALT(6)=7620.0,9144.0,10668.0,11887.2,12496.8,                                 
   NALPHA=12.0,                                                                  
   ALSCHD(1)=-6.0,-4.0,-2.0,0.0,2.0,4.0,                                         
   ALSCHD(7)=6.0,8.0,10.0,12.0,14.0,16.0$                                        
  $OPTINS                                                                        
   SREF=124.583,CBARR=3.9576,BLREF=34.3154$                                      
  $SYNTHS                                                                        
   XCG=17.000,ZCG=0.000,XW=13.610,ZW=-1.270,ALIW=1.000,                          
   XH=33.800,ZH=1.890,ALIH=0.000,XV=32.130,ZV=2.320,                             
   SCALE=1.000,VERTUP=.TRUE.$                                                    
  $BODY                                                                          
   NX=15.0,BNOSE=2.0,BTAIL=2.0,BLA=20.0,                                         
   X(1)=0.0000,0.4206,1.4722,2.1031,2.7341,                                      
   X(6)=4.2062,8.4125,16.8250,27.2796,30.4495,                                   
   X(11)=31.4858,33.5890,35.6921,37.7952,38.0086,                                
   ZU(1)=0.2103,0.6309,1.0516,1.3350,1.7892,                                     
   ZU(6)=2.1031,2.5237,2.5237,2.5237,2.5237,                                     
   ZU(11)=2.5237,2.4201,2.3134,2.2860,2.1031,                                    
   ZL(1)=-0.1067,-0.5273,-1.0516,-1.1582,-1.2619,                                
   ZL(6)=-1.3686,-1.4722,-1.4722,-1.4722,-1.0516,                                
   ZL(11)=-0.8412,-0.2469,0.3170,1.2619,1.8928,                                  
   S(1)=0.0511,0.7646,2.6840,4.1165,6.0443,                                      
   S(6)=8.6056,11.8739,11.8739,11.8739,10.0437,                                  
   S(11)=8.8890,5.2843,2.6375,0.3382,0.0102$                                     
  $WGPLNF                                                                        
   CHRDR=7.8770,CHRDBP=5.7117,CHRDTP=1.2510,                                     
   SSPN=17.1577,SSPNE=15.2800,SSPNOP=0.7750,                                     
   SAVSI=25.020,SAVSO=25.020,CHSTAT=0.250,TWISTA=0.000,                          
   DHDADI=6.000,DHDADO=6.000,TYPE=1.000$                                         
 NACA-W-6-64A412                                                                 
  $VTPLNF                                                                        
   CHRDR=5.8074,CHRDTP=1.5748,SSPN=7.1628,SSPNE=6.4000,                          
   SAVSI=35.000,CHSTAT=0.250,TWISTA=0.000,TYPE=1.000$                            
 NACA-V-4-0012                                                                   
  $HTPLNF                                                                        
   CHRDR=3.7980,CHRDTP=0.7710,SSPN=7.1750,SSPNE=5.3000,                          
   SAVSI=30.000,CHSTAT=0.250,TWISTA=0.000,DHDADI=7.000,                          
   TYPE=1.000$                                                                   
 NACA-H-4-0012                                                                   
  $SYMFLP                                                                        
   FTYPE=1.0,                                                                    
   NTYPE=1.0,                                                                    
   SPANFI=1.8750,                                                                
   SPANFO=6.8000,                                                                
   CHRDFI=0.9500,                                                                
   CHRDFO=0.3000,                                                                
   NDELTA=9.0,                                                                   
   DELTA(1)=-25.0,-20.0,-10.0,-5.0,0.0,                                          
   DELTA(6)=5.0,10.0,15.0,25.0$                                                  
 NEXT CASE                                                                       
 CASEID B738 M072 AILERON FULL AIRCRAFT                                          
 DIM M                                                                           
 DERIV RAD                                                                       
  $FLTCON                                                                        
   LOOP=3.0,                                                                     
   NMACH=1.0,                                                                    
   MACH(1)=0.72,                                                                 
   NALT=10.0,                                                                    
   ALT(1)=0.0,1524.0,3048.0,4572.0,6096.0,                                       
   ALT(6)=7620.0,9144.0,10668.0,11887.2,12496.8,                                 
   NALPHA=12.0,                                                                  
   ALSCHD(1)=-6.0,-4.0,-2.0,0.0,2.0,4.0,                                         
   ALSCHD(7)=6.0,8.0,10.0,12.0,14.0,16.0$                                        
  $OPTINS                                                                        
   SREF=124.583,CBARR=3.9576,BLREF=34.3154$                                      
  $SYNTHS                                                                        
   XCG=17.000,ZCG=0.000,XW=13.610,ZW=-1.270,ALIW=1.000,                          
   XH=33.800,ZH=1.890,ALIH=0.000,XV=32.130,ZV=2.320,                             
   SCALE=1.000,VERTUP=.TRUE.$                                                    
  $BODY                                                                          
   NX=15.0,BNOSE=2.0,BTAIL=2.0,BLA=20.0,                                         
   X(1)=0.0000,0.4206,1.4722,2.1031,2.7341,                                      
   X(6)=4.2062,8.4125,16.8250,27.2796,30.4495,                                   
   X(11)=31.4858,33.5890,35.6921,37.7952,38.0086,                                
   ZU(1)=0.2103,0.6309,1.0516,1.3350,1.7892,                                     
   ZU(6)=2.1031,2.5237,2.5237,2.5237,2.5237,                                     
   ZU(11)=2.5237,2.4201,2.3134,2.2860,2.1031,                                    
   ZL(1)=-0.1067,-0.5273,-1.0516,-1.1582,-1.2619,                                
   ZL(6)=-1.3686,-1.4722,-1.4722,-1.4722,-1.0516,                                
   ZL(11)=-0.8412,-0.2469,0.3170,1.2619,1.8928,                                  
   S(1)=0.0511,0.7646,2.6840,4.1165,6.0443,                                      
   S(6)=8.6056,11.8739,11.8739,11.8739,10.0437,                                  
   S(11)=8.8890,5.2843,2.6375,0.3382,0.0102$                                     
  $WGPLNF                                                                        
   CHRDR=7.8770,CHRDBP=5.7117,CHRDTP=1.2510,                                     
   SSPN=17.1577,SSPNE=15.2800,SSPNOP=0.7750,                                     
   SAVSI=25.020,SAVSO=25.020,CHSTAT=0.250,TWISTA=0.000,                          
   DHDADI=6.000,DHDADO=6.000,TYPE=1.000$                                         
 NACA-W-6-64A412                                                                 
  $VTPLNF                                                                        
   CHRDR=5.8074,CHRDTP=1.5748,SSPN=7.1628,SSPNE=6.4000,                          
   SAVSI=35.000,CHSTAT=0.250,TWISTA=0.000,TYPE=1.000$                            
 NACA-V-4-0012                                                                   
  $HTPLNF                                                                        
   CHRDR=3.7980,CHRDTP=0.7710,SSPN=7.1750,SSPNE=5.3000,                          
   SAVSI=30.000,CHSTAT=0.250,TWISTA=0.000,DHDADI=7.000,                          
   TYPE=1.000$                                                                   
 NACA-H-4-0012                                                                   
  $ASYFLP                                                                        
   STYPE=4.0,                                                                    
   NDELTA=9.0,                                                                   
   DELTAL(1)=-20.0,-15.0,-10.0,-5.0,0.0,                                         
   DELTAL(6)=5.0,10.0,15.0,20.0,                                                 
   DELTAR(1)=20.0,15.0,10.0,5.0,0.0,                                             
   DELTAR(6)=-5.0,-10.0,-15.0,-20.0,                                             
   SPANFI=12.0104,                                                               
   SPANFO=16.5227,                                                               
   CHRDFI=0.4300,                                                                
   CHRDFO=0.2200$                                                                
 NEXT CASE                                                                       
1          THE FOLLOWING IS A LIST OF ALL INPUT CARDS FOR THIS CASE.
0
 CASEID B738 M072 CLEAN CRUISE FULL AIRCRAFT                                     
 DIM M                                                                           
 DERIV RAD                                                                       
  $FLTCON                                                                        
   LOOP=3.0,                                                                     
   NMACH=1.0,                                                                    
   MACH(1)=0.72,                                                                 
   NALT=10.0,                                                                    
   ALT(1)=0.0,1524.0,3048.0,4572.0,6096.0,                                       
   ALT(6)=7620.0,9144.0,10668.0,11887.2,12496.8,                                 
   NALPHA=12.0,                                                                  
   ALSCHD(1)=-6.0,-4.0,-2.0,0.0,2.0,4.0,                                         
   ALSCHD(7)=6.0,8.0,10.0,12.0,14.0,16.0$                                        
  $OPTINS                                                                        
   SREF=124.583,                                                                 
   CBARR=3.9576,                                                                 
   BLREF=34.3154$                                                                
  $SYNTHS                                                                        
   XCG=17.000,                                                                   
   ZCG=0.000,                                                                    
   XW=13.610,                                                                    
   ZW=-1.270,                                                                    
   ALIW=1.000,                                                                   
   XH=33.800,                                                                    
   ZH=1.890,                                                                     
   ALIH=0.000,                                                                   
   XV=32.130,                                                                    
   ZV=2.320,                                                                     
   SCALE=1.000,                                                                  
   VERTUP=.TRUE.$                                                                
  $BODY                                                                          
   NX=15.0,                                                                      
   BNOSE=2.0,                                                                    
   BTAIL=2.0,                                                                    
   BLA=20.0,                                                                     
   X(1)=0.0000,0.4206,1.4722,2.1031,2.7341,                                      
   X(6)=4.2062,8.4125,16.8250,27.2796,30.4495,                                   
   X(11)=31.4858,33.5890,35.6921,37.7952,38.0086,                                
   ZU(1)=0.2103,0.6309,1.0516,1.3350,1.7892,                                     
   ZU(6)=2.1031,2.5237,2.5237,2.5237,2.5237,                                     
   ZU(11)=2.5237,2.4201,2.3134,2.2860,2.1031,                                    
   ZL(1)=-0.1067,-0.5273,-1.0516,-1.1582,-1.2619,                                
   ZL(6)=-1.3686,-1.4722,-1.4722,-1.4722,-1.0516,                                
   ZL(11)=-0.8412,-0.2469,0.3170,1.2619,1.8928,                                  
   S(1)=0.0511,0.7646,2.6840,4.1165,6.0443,                                      
   S(6)=8.6056,11.8739,11.8739,11.8739,10.0437,                                  
   S(11)=8.8890,5.2843,2.6375,0.3382,0.0102$                                     
  $WGPLNF                                                                        
   CHRDR=7.8770,                                                                 
   CHRDBP=5.7117,                                                                
   CHRDTP=1.2510,                                                                
   SSPN=17.1577,                                                                 
   SSPNE=15.2800,                                                                
   SSPNOP=0.7750,                                                                
   SAVSI=25.020,                                                                 
   SAVSO=25.020,                                                                 
   CHSTAT=0.250,                                                                 
   TWISTA=0.000,                                                                 
   DHDADI=6.000,                                                                 
   DHDADO=6.000,                                                                 
   TYPE=1.000$                                                                   
 NACA-W-6-64A412                                                                 
  $VTPLNF                                                                        
   CHRDR=5.8074,                                                                 
   CHRDTP=1.5748,                                                                
   SSPN=7.1628,                                                                  
   SSPNE=6.4000,                                                                 
   SAVSI=35.000,                                                                 
   CHSTAT=0.250,                                                                 
   TWISTA=0.000,                                                                 
   TYPE=1.000$                                                                   
 NACA-V-4-0012                                                                   
  $HTPLNF                                                                        
   CHRDR=3.7980,                                                                 
   CHRDTP=0.7710,                                                                
   SSPN=7.1750,                                                                  
   SSPNE=5.3000,                                                                 
   SAVSI=30.000,                                                                 
   CHSTAT=0.250,                                                                 
   TWISTA=0.000,                                                                 
   DHDADI=7.000,                                                                 
   TYPE=1.000$                                                                   
 NACA-H-4-0012                                                                   
 DAMP                                                                            
 NEXT CASE                                                                       
0 INPUT DIMENSIONS ARE IN M , SCALE FACTOR IS 1.0000

 Return to main program from M01O01
1                             AUTOMATED STABILITY AND CONTROL METHODS PER APRIL 1976 VERSION OF DATCOM   
                                                        WING SECTION DEFINITION
0                                 IDEAL ANGLE OF ATTACK =   0.00000 DEG.

                              ZERO LIFT ANGLE OF ATTACK =  -3.09312 DEG.

                                 IDEAL LIFT COEFFICIENT =   0.40000

                  ZERO LIFT PITCHING MOMENT COEFFICIENT =  -0.08720

                             MACH ZERO LIFT-CURVE-SLOPE =   0.09654 /DEG.

                                    LEADING EDGE RADIUS =   0.00993 FRACTION CHORD

                              MAXIMUM AIRFOIL THICKNESS =   0.12000 FRACTION CHORD

                                                DELTA-Y =   2.46808 PERCENT CHORD


0                         MACH= 0.7200 LIFT-CURVE-SLOPE =   0.13034 /DEG.      XAC =   0.27651
1                             AUTOMATED STABILITY AND CONTROL METHODS PER APRIL 1976 VERSION OF DATCOM   
                                                   HORIZONTAL TAIL SECTION DEFINITION
0                                 IDEAL ANGLE OF ATTACK =   0.00000 DEG.

                              ZERO LIFT ANGLE OF ATTACK =   0.00000 DEG.

                                 IDEAL LIFT COEFFICIENT =   0.00000

                  ZERO LIFT PITCHING MOMENT COEFFICIENT =   0.00000

                             MACH ZERO LIFT-CURVE-SLOPE =   0.09596 /DEG.

                                    LEADING EDGE RADIUS =   0.01587 FRACTION CHORD

                              MAXIMUM AIRFOIL THICKNESS =   0.12000 FRACTION CHORD

                                                DELTA-Y =   3.16898 PERCENT CHORD


0                         MACH= 0.7200 LIFT-CURVE-SLOPE =   0.13190 /DEG.      XAC =   0.26399
1                             AUTOMATED STABILITY AND CONTROL METHODS PER APRIL 1976 VERSION OF DATCOM   
                                                    VERTICAL TAIL SECTION DEFINITION
0                                 IDEAL ANGLE OF ATTACK =   0.00000 DEG.

                              ZERO LIFT ANGLE OF ATTACK =   0.00000 DEG.

                                 IDEAL LIFT COEFFICIENT =   0.00000

                  ZERO LIFT PITCHING MOMENT COEFFICIENT =   0.00000

                             MACH ZERO LIFT-CURVE-SLOPE =   0.09596 /DEG.

                                    LEADING EDGE RADIUS =   0.01587 FRACTION CHORD

                              MAXIMUM AIRFOIL THICKNESS =   0.12000 FRACTION CHORD

                                                DELTA-Y =   3.16898 PERCENT CHORD


0                         MACH= 0.7200 LIFT-CURVE-SLOPE =   0.13190 /DEG.      XAC =   0.26399
 Return to main program from M50O62
 Return to main program from M02O02
 Return to main program from M51O63
   ********************************************************************************************************************************
   ********************************************************************************************************************************
   ********************************************************************************************************************************
   ********************************************************************************************************************************
   ********************************************************************************************************************************







        LATERAL STABILITY DERIVATIVES ARE DELETED BECAUSE ALL OR PART OF THE HORIZONTAL TAIL EXPOSED ROOT CHORD LIES OFF OF THE

        FUSELAGE. FOR THIS CASE THE NAMELIST HTPLNF PARAMETERS SHB, SEXT, AND RLPH MUST BE INPUT BY THE USER.







   ********************************************************************************************************************************
   ********************************************************************************************************************************
   ********************************************************************************************************************************
   ********************************************************************************************************************************
   ********************************************************************************************************************************
   ********************************************************************************************************************************
   ********************************************************************************************************************************
   ********************************************************************************************************************************
   ********************************************************************************************************************************
   ********************************************************************************************************************************







        LATERAL STABILITY DERIVATIVES ARE DELETED BECAUSE ALL OR PART OF THE HORIZONTAL TAIL EXPOSED ROOT CHORD LIES OFF OF THE

        FUSELAGE. FOR THIS CASE THE NAMELIST HTPLNF PARAMETERS SHB, SEXT, AND RLPH MUST BE INPUT BY THE USER.







   ********************************************************************************************************************************
   ********************************************************************************************************************************
   ********************************************************************************************************************************
   ********************************************************************************************************************************
   ********************************************************************************************************************************
 WARNING*** BODY ALONE DYNAMIC DERIVATIVE METHOD VALID FOR NOSE CYLINDER ONLY
            TAIL EFFECTS IGNORED]
1                               AUTOMATED STABILITY AND CONTROL METHODS PER APRIL 1976 VERSION OF DATCOM
                                         CHARACTERISTICS AT ANGLE OF ATTACK AND IN SIDESLIP
                                        WING-BODY-VERTICAL TAIL-HORIZONTAL TAIL CONFIGURATION
                                               B738 M072 CLEAN CRUISE FULL AIRCRAFT
 
 -----------------------  FLIGHT CONDITIONS  ------------------------           --------------  REFERENCE DIMENSIONS  ------------
  MACH    ALTITUDE   VELOCITY    PRESSURE    TEMPERATURE     REYNOLDS             REF.      REFERENCE LENGTH   MOMENT REF. CENTER
 NUMBER                                                       NUMBER              AREA       LONG.     LAT.     HORIZ      VERT
              M        M/SEC      N/ M**2       DEG K         1/ M                M**2         M         M         M         M
0 0.720       0.00     244.98   1.0133E+05     288.150     1.6697E+07           124.583      3.958    34.315    17.000     0.000
0                                                               -------------------DERIVATIVE (PER RADIAN)-------------------
0 ALPHA     CD       CL       CM       CN       CA       XCP        CLA          CMA          CYB          CNB          CLB
0
   -6.0    0.019    NDM       NDM     NDM      NDM        NaN          NaN          NaN      NDM          NDM          NDM 
   -4.0                                                                                                                NDM 
   -2.0                                                                                                                NDM 
    0.0                                                                                                                NDM 
    2.0                                                                                                                NDM 
    4.0                                                                                                                NDM 
    6.0                                                                                                                NDM 
    8.0                                                                                                                NDM 
   10.0                                                                                                                NDM 
   12.0                                                                                                                NDM 
   14.0                                                                                                                NDM 
   16.0                                                                                                                NDM 
0                                    ALPHA     Q/QINF    EPSLON  D(EPSLON)/D(ALPHA)
0
                                     -6.0      0.978      0.000        0.599
                                     -4.0                                  
                                     -2.0                                  
                                      0.0                                  
                                      2.0                                  
                                      4.0                                  
                                      6.0                                  
                                      8.0                                  
                                     10.0                                  
                                     12.0                                  
                                     14.0                                  
                                     16.0                                  
0*** NDM PRINTED WHEN NO DATCOM METHODS EXIST
1                               AUTOMATED STABILITY AND CONTROL METHODS PER APRIL 1976 VERSION OF DATCOM
                                                         DYNAMIC DERIVATIVES
                                        WING-BODY-VERTICAL TAIL-HORIZONTAL TAIL CONFIGURATION
                                               B738 M072 CLEAN CRUISE FULL AIRCRAFT
 
 -----------------------  FLIGHT CONDITIONS  ------------------------           --------------  REFERENCE DIMENSIONS  ------------
  MACH    ALTITUDE   VELOCITY    PRESSURE    TEMPERATURE     REYNOLDS             REF.      REFERENCE LENGTH   MOMENT REF. CENTER
 NUMBER                                                       NUMBER              AREA       LONG.     LAT.     HORIZ      VERT
              M        M/SEC      N/ M**2       DEG K         1/ M                M**2         M         M         M         M
0 0.720       0.00     244.98   1.0133E+05     288.150     1.6697E+07           124.583      3.958    34.315    17.000     0.000
                                                    DYNAMIC DERIVATIVES (PER RADIAN)
0           -------PITCHING-------    -----ACCELERATION------    --------------ROLLING--------------    --------YAWING--------
0   ALPHA       CLQ          CMQ           CLAD         CMAD         CLP          CYP          CNP          CNR          CLR
0
    -6.00          NaN          NaN     6.344E+00   -3.131E+01      NDM          NDM          NDM          NDM          NDM 
    -4.00                                                           NDM          NDM          NDM          NDM          NDM 
    -2.00                                                           NDM          NDM          NDM          NDM          NDM 
     0.00                                                           NDM          NDM          NDM          NDM          NDM 
     2.00                                                           NDM          NDM          NDM          NDM          NDM 
     4.00                                                           NDM          NDM          NDM          NDM          NDM 
     6.00                                                           NDM          NDM          NDM          NDM          NDM 
     8.00                                                           NDM          NDM          NDM          NDM          NDM 
    10.00                                                           NDM          NDM          NDM          NDM          NDM 
    12.00                                                           NDM          NDM          NDM          NDM          NDM 
    14.00                                                           NDM          NDM          NDM          NDM          NDM 
    16.00                                                           NDM          NDM          NDM          NDM          NDM 
0*** NDM PRINTED WHEN NO DATCOM METHODS EXIST
1                             AUTOMATED STABILITY AND CONTROL METHODS PER APRIL 1976 VERSION OF DATCOM
                                             CONFIGURATION AUXILIARY AND PARTIAL OUTPUT
                                        WING-BODY-VERTICAL TAIL-HORIZONTAL TAIL CONFIGURATION
                                               B738 M072 CLEAN CRUISE FULL AIRCRAFT
 -----------------------  FLIGHT CONDITIONS  ------------------------           --------------  REFERENCE DIMENSIONS  ------------
  MACH    ALTITUDE   VELOCITY    PRESSURE    TEMPERATURE     REYNOLDS             REF.      REFERENCE LENGTH   MOMENT REF. CENTER
 NUMBER                                                       NUMBER              AREA       LONG.     LAT.     HORIZ      VERT
              M        M/SEC      N/ M**2       DEG K         1/ M                M**2         M         M         M         M
0 0.720       0.00     244.98   1.0133E+05     288.150     1.6697E+07           124.583      3.958    34.315    17.000     0.000


                                                       BASIC BODY PROPERTIES

            WETTED AREA      XCG     ZCG     BASE AREA     ZERO LIFT DRAG   BASE DRAG   FRICTION DRAG   PRESSURE DRAG
             0.3942E+03    17.00    0.00       3.5622        0.7324E-02    0.1905E-02    0.4978E-02      0.4414E-03


                                         XCG RELATIVE TO THEORETICAL LEADING EDGE MAC=  -0.60


                                                       BASIC PLANFORM PROPERTIES

                                    TAPER     ASPECT   QUARTER CHORD             QUARTER CHORD              ZERO LIFT    FRICTION
                         AREA       RATIO      RATIO       SWEEP        MAC        X(MAC)       Y(MAC)        DRAG     COEFFICIENT
0      WING
   TOTAL THEORITICAL
+                     0.2280E+03    0.159    0.5164E+01    25.020    0.678E+01    0.193E+02    0.797E+01                       
       TOTAL EXPOSED
+                     0.1989E+03    0.164    0.4695E+01    25.020    0.664E+01    0.198E+02    0.900E+01    0.732E-02    0.200E-02
0  HORIZONTAL TAIL
   TOTAL THEORITICAL
+                     0.3278E+02    0.203    0.6281E+01    30.000    0.262E+01    0.364E+02    0.280E+01                       
       TOTAL EXPOSED
+                     0.2002E+02    0.256    0.5611E+01    30.000    0.211E+01    0.371E+02    0.400E+01    0.876E-03    0.238E-02
0   VERTICAL TAIL
   TOTAL THEORITICAL
+                     0.2644E+02    0.271    0.1941E+01    35.000    0.410E+01    0.356E+02    0.522E+01                       
       TOTAL EXPOSED
+                     0.2218E+02    0.294    0.1847E+01    35.000    0.381E+01    0.359E+02    0.338E+01      NA           NA  
0*** NA PRINTED WHEN METHOD NOT APPLICABLE
1                             AUTOMATED STABILITY AND CONTROL METHODS PER APRIL 1976 VERSION OF DATCOM
                                             CONFIGURATION AUXILIARY AND PARTIAL OUTPUT
                                        WING-BODY-VERTICAL TAIL-HORIZONTAL TAIL CONFIGURATION
                                               B738 M072 CLEAN CRUISE FULL AIRCRAFT
 -----------------------  FLIGHT CONDITIONS  ------------------------           --------------  REFERENCE DIMENSIONS  ------------
  MACH    ALTITUDE   VELOCITY    PRESSURE    TEMPERATURE     REYNOLDS             REF.      REFERENCE LENGTH   MOMENT REF. CENTER
 NUMBER                                                       NUMBER              AREA       LONG.     LAT.     HORIZ      VERT
              M        M/SEC      N/ M**2       DEG K         1/ M                M**2         M         M         M         M
0 0.720       0.00     244.98   1.0133E+05     288.150     1.6697E+07           124.583      3.958    34.315    17.000     0.000
0          CLA-B(W)= 1.801E-02     CLA-W(B)= 1.315E-01     K-B(W)= 1.490E-01     K-W(B)= 1.088E+00     XAC/C-B(W)= 8.728E-01
0          CLA-B(H)= 3.526E-03     CLA-H(B)= 1.560E-02     K-B(H)= 2.760E-01     K-H(B)= 1.221E+00     XAC/C-B(H)= 5.441E-01
1                             AUTOMATED STABILITY AND CONTROL METHODS PER APRIL 1976 VERSION OF DATCOM
                                             CONFIGURATION AUXILIARY AND PARTIAL OUTPUT
                                        WING-BODY-VERTICAL TAIL-HORIZONTAL TAIL CONFIGURATION
                                               B738 M072 CLEAN CRUISE FULL AIRCRAFT
 -----------------------  FLIGHT CONDITIONS  ------------------------           --------------  REFERENCE DIMENSIONS  ------------
  MACH    ALTITUDE   VELOCITY    PRESSURE    TEMPERATURE     REYNOLDS             REF.      REFERENCE LENGTH   MOMENT REF. CENTER
 NUMBER                                                       NUMBER              AREA       LONG.     LAT.     HORIZ      VERT
              M        M/SEC      N/ M**2       DEG K         1/ M                M**2         M         M         M         M
0 0.720       0.00     244.98   1.0133E+05     288.150     1.6697E+07           124.583      3.958    34.315    17.000     0.000


                                                      *** WING DATA FAIRING ***
                                       CDL/CL**2 = 0.2206E+00     CLB/CL = 0.5381E-02
            FORCE BREAK MACH NUMBER (ZERO SWEEP) = 0.8130E+00     FORCE BREAK MACH NUMBER (WITH SWEEP) = 0.8391E+00
                      MACH(A) = 0.909     CLA(A) = 0.4679E-01     MACH(B) = 0.979     CLA(B) = 0.1014E+00
                                                (CLB/CL)M=0.6 = 0.5572E-02     (CLB/CL)M=1.4 = 0.1000E-29

                                                  LIFT-CURVE-SLOPE INTERPOLATION TABLE
                                                      MACH               CL-ALPHA
                                                     0.720               0.1209E+00
                                                     0.839               0.1193E+00
                                                     0.909               0.4679E-01
                                                     0.979               0.1014E+00
                                                     1.400               0.9447E-01


                                                   *** WING-BODY DATA FAIRING ***
            CLB/CL =        NaN     (CLB/CL)MFB =-0.1286E-02     (CLB/CL)M=1.4 = 0.1000E-29     (CNA)M=1.4 =        NaN




                                                   *** HORIZONTAL TAIL DATA FAIRING ***
                                       CDL/CL**2 = 0.3107E+00     CLB/CL = 0.9830E-03
            FORCE BREAK MACH NUMBER (ZERO SWEEP) = 0.8039E+00     FORCE BREAK MACH NUMBER (WITH SWEEP) = 0.8351E+00
                      MACH(A) = 0.905     CLA(A) = 0.4538E-02     MACH(B) = 0.975     CLA(B) = 0.1085E-01
                                                (CLB/CL)M=0.6 = 0.1010E-02     (CLB/CL)M=1.4 = 0.1000E-29

                                                  LIFT-CURVE-SLOPE INTERPOLATION TABLE
                                                      MACH               CL-ALPHA
                                                     0.720               0.1278E-01
                                                     0.835               0.1276E-01
                                                     0.905               0.4538E-02
                                                     0.975               0.1085E-01
                                                     1.400               0.9189E-02


                                              *** HORIZONTAL TAIL-BODY DATA FAIRING ***
            CLB/CL =        NaN     (CLB/CL)MFB = 0.3744E-02     (CLB/CL)M=1.4 = 0.1000E-29     (CNA)M=1.4 =        NaN




                                           *** BODY-WING-HORIZONTAL TAIL DATA FAIRING ***
                                                DRAG DIVERGENCE MACH NUMBER = 0.829
                                                      MACH                 CDO
                                                     0.600               0.1806E-01
                                                     0.700               0.1844E-01
                                                     1.100                 Infinity
                                                     1.400                 Infinity
1
 WARNING*** BODY ALONE DYNAMIC DERIVATIVE METHOD VALID FOR NOSE CYLINDER ONLY
            TAIL EFFECTS IGNORED]
1                               AUTOMATED STABILITY AND CONTROL METHODS PER APRIL 1976 VERSION OF DATCOM
                                         CHARACTERISTICS AT ANGLE OF ATTACK AND IN SIDESLIP
                                        WING-BODY-VERTICAL TAIL-HORIZONTAL TAIL CONFIGURATION
                                               B738 M072 CLEAN CRUISE FULL AIRCRAFT
 
 -----------------------  FLIGHT CONDITIONS  ------------------------           --------------  REFERENCE DIMENSIONS  ------------
  MACH    ALTITUDE   VELOCITY    PRESSURE    TEMPERATURE     REYNOLDS             REF.      REFERENCE LENGTH   MOMENT REF. CENTER
 NUMBER                                                       NUMBER              AREA       LONG.     LAT.     HORIZ      VERT
              M        M/SEC      N/ M**2       DEG K         1/ M                M**2         M         M         M         M
0 0.720    1524.00     240.74   8.4311E+04     278.246     1.4529E+07           124.583      3.958    34.315    17.000     0.000
0                                                               -------------------DERIVATIVE (PER RADIAN)-------------------
0 ALPHA     CD       CL       CM       CN       CA       XCP        CLA          CMA          CYB          CNB          CLB
0
   -6.0    0.019    NDM       NDM     NDM      NDM        NaN          NaN          NaN      NDM          NDM          NDM 
   -4.0                                                                                                                NDM 
   -2.0                                                                                                                NDM 
    0.0                                                                                                                NDM 
    2.0                                                                                                                NDM 
    4.0                                                                                                                NDM 
    6.0                                                                                                                NDM 
    8.0                                                                                                                NDM 
   10.0                                                                                                                NDM 
   12.0                                                                                                                NDM 
   14.0                                                                                                                NDM 
   16.0                                                                                                                NDM 
0                                    ALPHA     Q/QINF    EPSLON  D(EPSLON)/D(ALPHA)
0
                                     -6.0      0.985      0.000        0.599
                                     -4.0                                  
                                     -2.0                                  
                                      0.0                                  
                                      2.0                                  
                                      4.0                                  
                                      6.0                                  
                                      8.0                                  
                                     10.0                                  
                                     12.0                                  
                                     14.0                                  
                                     16.0                                  
0*** NDM PRINTED WHEN NO DATCOM METHODS EXIST
1                               AUTOMATED STABILITY AND CONTROL METHODS PER APRIL 1976 VERSION OF DATCOM
                                                         DYNAMIC DERIVATIVES
                                        WING-BODY-VERTICAL TAIL-HORIZONTAL TAIL CONFIGURATION
                                               B738 M072 CLEAN CRUISE FULL AIRCRAFT
 
 -----------------------  FLIGHT CONDITIONS  ------------------------           --------------  REFERENCE DIMENSIONS  ------------
  MACH    ALTITUDE   VELOCITY    PRESSURE    TEMPERATURE     REYNOLDS             REF.      REFERENCE LENGTH   MOMENT REF. CENTER
 NUMBER                                                       NUMBER              AREA       LONG.     LAT.     HORIZ      VERT
              M        M/SEC      N/ M**2       DEG K         1/ M                M**2         M         M         M         M
0 0.720    1524.00     240.74   8.4311E+04     278.246     1.4529E+07           124.583      3.958    34.315    17.000     0.000
                                                    DYNAMIC DERIVATIVES (PER RADIAN)
0           -------PITCHING-------    -----ACCELERATION------    --------------ROLLING--------------    --------YAWING--------
0   ALPHA       CLQ          CMQ           CLAD         CMAD         CLP          CYP          CNP          CNR          CLR
0
    -6.00          NaN          NaN     6.387E+00   -3.152E+01      NDM          NDM          NDM          NDM          NDM 
    -4.00                                                           NDM          NDM          NDM          NDM          NDM 
    -2.00                                                           NDM          NDM          NDM          NDM          NDM 
     0.00                                                           NDM          NDM          NDM          NDM          NDM 
     2.00                                                           NDM          NDM          NDM          NDM          NDM 
     4.00                                                           NDM          NDM          NDM          NDM          NDM 
     6.00                                                           NDM          NDM          NDM          NDM          NDM 
     8.00                                                           NDM          NDM          NDM          NDM          NDM 
    10.00                                                           NDM          NDM          NDM          NDM          NDM 
    12.00                                                           NDM          NDM          NDM          NDM          NDM 
    14.00                                                           NDM          NDM          NDM          NDM          NDM 
    16.00                                                           NDM          NDM          NDM          NDM          NDM 
0*** NDM PRINTED WHEN NO DATCOM METHODS EXIST
1                             AUTOMATED STABILITY AND CONTROL METHODS PER APRIL 1976 VERSION OF DATCOM
                                             CONFIGURATION AUXILIARY AND PARTIAL OUTPUT
                                        WING-BODY-VERTICAL TAIL-HORIZONTAL TAIL CONFIGURATION
                                               B738 M072 CLEAN CRUISE FULL AIRCRAFT
 -----------------------  FLIGHT CONDITIONS  ------------------------           --------------  REFERENCE DIMENSIONS  ------------
  MACH    ALTITUDE   VELOCITY    PRESSURE    TEMPERATURE     REYNOLDS             REF.      REFERENCE LENGTH   MOMENT REF. CENTER
 NUMBER                                                       NUMBER              AREA       LONG.     LAT.     HORIZ      VERT
              M        M/SEC      N/ M**2       DEG K         1/ M                M**2         M         M         M         M
0 0.720    1524.00     240.74   8.4311E+04     278.246     1.4529E+07           124.583      3.958    34.315    17.000     0.000


                                                       BASIC BODY PROPERTIES

            WETTED AREA      XCG     ZCG     BASE AREA     ZERO LIFT DRAG   BASE DRAG   FRICTION DRAG   PRESSURE DRAG
             0.3942E+03    17.00    0.00       3.5622        0.7396E-02    0.1889E-02    0.5058E-02      0.4485E-03


                                         XCG RELATIVE TO THEORETICAL LEADING EDGE MAC=  -0.60


                                                       BASIC PLANFORM PROPERTIES

                                    TAPER     ASPECT   QUARTER CHORD             QUARTER CHORD              ZERO LIFT    FRICTION
                         AREA       RATIO      RATIO       SWEEP        MAC        X(MAC)       Y(MAC)        DRAG     COEFFICIENT
0      WING
   TOTAL THEORITICAL
+                     0.2280E+03    0.159    0.5164E+01    25.020    0.678E+01    0.193E+02    0.797E+01                       
       TOTAL EXPOSED
+                     0.1989E+03    0.164    0.4695E+01    25.020    0.664E+01    0.198E+02    0.900E+01    0.747E-02    0.205E-02
0  HORIZONTAL TAIL
   TOTAL THEORITICAL
+                     0.3278E+02    0.203    0.6281E+01    30.000    0.262E+01    0.364E+02    0.280E+01                       
       TOTAL EXPOSED
+                     0.2002E+02    0.256    0.5611E+01    30.000    0.211E+01    0.371E+02    0.400E+01    0.895E-03    0.243E-02
0   VERTICAL TAIL
   TOTAL THEORITICAL
+                     0.2644E+02    0.271    0.1941E+01    35.000    0.410E+01    0.356E+02    0.522E+01                       
       TOTAL EXPOSED
+                     0.2218E+02    0.294    0.1847E+01    35.000    0.381E+01    0.359E+02    0.338E+01      NA           NA  
0*** NA PRINTED WHEN METHOD NOT APPLICABLE
1                             AUTOMATED STABILITY AND CONTROL METHODS PER APRIL 1976 VERSION OF DATCOM
                                             CONFIGURATION AUXILIARY AND PARTIAL OUTPUT
                                        WING-BODY-VERTICAL TAIL-HORIZONTAL TAIL CONFIGURATION
                                               B738 M072 CLEAN CRUISE FULL AIRCRAFT
 -----------------------  FLIGHT CONDITIONS  ------------------------           --------------  REFERENCE DIMENSIONS  ------------
  MACH    ALTITUDE   VELOCITY    PRESSURE    TEMPERATURE     REYNOLDS             REF.      REFERENCE LENGTH   MOMENT REF. CENTER
 NUMBER                                                       NUMBER              AREA       LONG.     LAT.     HORIZ      VERT
              M        M/SEC      N/ M**2       DEG K         1/ M                M**2         M         M         M         M
0 0.720    1524.00     240.74   8.4311E+04     278.246     1.4529E+07           124.583      3.958    34.315    17.000     0.000
0          CLA-B(W)= 1.801E-02     CLA-W(B)= 1.315E-01     K-B(W)= 1.490E-01     K-W(B)= 1.088E+00     XAC/C-B(W)= 8.728E-01
0          CLA-B(H)= 3.526E-03     CLA-H(B)= 1.560E-02     K-B(H)= 2.760E-01     K-H(B)= 1.221E+00     XAC/C-B(H)= 5.441E-01
1                             AUTOMATED STABILITY AND CONTROL METHODS PER APRIL 1976 VERSION OF DATCOM
                                             CONFIGURATION AUXILIARY AND PARTIAL OUTPUT
                                        WING-BODY-VERTICAL TAIL-HORIZONTAL TAIL CONFIGURATION
                                               B738 M072 CLEAN CRUISE FULL AIRCRAFT
 -----------------------  FLIGHT CONDITIONS  ------------------------           --------------  REFERENCE DIMENSIONS  ------------
  MACH    ALTITUDE   VELOCITY    PRESSURE    TEMPERATURE     REYNOLDS             REF.      REFERENCE LENGTH   MOMENT REF. CENTER
 NUMBER                                                       NUMBER              AREA       LONG.     LAT.     HORIZ      VERT
              M        M/SEC      N/ M**2       DEG K         1/ M                M**2         M         M         M         M
0 0.720    1524.00     240.74   8.4311E+04     278.246     1.4529E+07           124.583      3.958    34.315    17.000     0.000


                                                      *** WING DATA FAIRING ***
                                       CDL/CL**2 = 0.2206E+00     CLB/CL = 0.5381E-02
            FORCE BREAK MACH NUMBER (ZERO SWEEP) = 0.8130E+00     FORCE BREAK MACH NUMBER (WITH SWEEP) = 0.8391E+00
                      MACH(A) = 0.909     CLA(A) = 0.4679E-01     MACH(B) = 0.979     CLA(B) = 0.1014E+00
                                                (CLB/CL)M=0.6 = 0.5572E-02     (CLB/CL)M=1.4 = 0.1000E-29

                                                  LIFT-CURVE-SLOPE INTERPOLATION TABLE
                                                      MACH               CL-ALPHA
                                                     0.720               0.1209E+00
                                                     0.839               0.1193E+00
                                                     0.909               0.4679E-01
                                                     0.979               0.1014E+00
                                                     1.400               0.9447E-01


                                                   *** WING-BODY DATA FAIRING ***
            CLB/CL =        NaN     (CLB/CL)MFB =-0.1286E-02     (CLB/CL)M=1.4 = 0.1000E-29     (CNA)M=1.4 =        NaN




                                                   *** HORIZONTAL TAIL DATA FAIRING ***
                                       CDL/CL**2 = 0.3107E+00     CLB/CL = 0.9830E-03
            FORCE BREAK MACH NUMBER (ZERO SWEEP) = 0.8039E+00     FORCE BREAK MACH NUMBER (WITH SWEEP) = 0.8351E+00
                      MACH(A) = 0.905     CLA(A) = 0.4538E-02     MACH(B) = 0.975     CLA(B) = 0.1085E-01
                                                (CLB/CL)M=0.6 = 0.1010E-02     (CLB/CL)M=1.4 = 0.1000E-29

                                                  LIFT-CURVE-SLOPE INTERPOLATION TABLE
                                                      MACH               CL-ALPHA
                                                     0.720               0.1278E-01
                                                     0.835               0.1276E-01
                                                     0.905               0.4538E-02
                                                     0.975               0.1085E-01
                                                     1.400               0.9189E-02


                                              *** HORIZONTAL TAIL-BODY DATA FAIRING ***
            CLB/CL =        NaN     (CLB/CL)MFB = 0.3744E-02     (CLB/CL)M=1.4 = 0.1000E-29     (CNA)M=1.4 =        NaN




                                           *** BODY-WING-HORIZONTAL TAIL DATA FAIRING ***
                                                DRAG DIVERGENCE MACH NUMBER = 0.829
                                                      MACH                 CDO
                                                     0.600               0.1806E-01
                                                     0.700               0.1844E-01
                                                     1.100                 Infinity
                                                     1.400                 Infinity
1
 WARNING*** BODY ALONE DYNAMIC DERIVATIVE METHOD VALID FOR NOSE CYLINDER ONLY
            TAIL EFFECTS IGNORED]
1                               AUTOMATED STABILITY AND CONTROL METHODS PER APRIL 1976 VERSION OF DATCOM
                                         CHARACTERISTICS AT ANGLE OF ATTACK AND IN SIDESLIP
                                        WING-BODY-VERTICAL TAIL-HORIZONTAL TAIL CONFIGURATION
                                               B738 M072 CLEAN CRUISE FULL AIRCRAFT
 
 -----------------------  FLIGHT CONDITIONS  ------------------------           --------------  REFERENCE DIMENSIONS  ------------
  MACH    ALTITUDE   VELOCITY    PRESSURE    TEMPERATURE     REYNOLDS             REF.      REFERENCE LENGTH   MOMENT REF. CENTER
 NUMBER                                                       NUMBER              AREA       LONG.     LAT.     HORIZ      VERT
              M        M/SEC      N/ M**2       DEG K         1/ M                M**2         M         M         M         M
0 0.720    3048.00     236.42   6.9695E+04     268.347     1.2584E+07           124.583      3.958    34.315    17.000     0.000
0                                                               -------------------DERIVATIVE (PER RADIAN)-------------------
0 ALPHA     CD       CL       CM       CN       CA       XCP        CLA          CMA          CYB          CNB          CLB
0
   -6.0    0.019    NDM       NDM     NDM      NDM        NaN          NaN          NaN      NDM          NDM          NDM 
   -4.0                                                                                                                NDM 
   -2.0                                                                                                                NDM 
    0.0                                                                                                                NDM 
    2.0                                                                                                                NDM 
    4.0                                                                                                                NDM 
    6.0                                                                                                                NDM 
    8.0                                                                                                                NDM 
   10.0                                                                                                                NDM 
   12.0                                                                                                                NDM 
   14.0                                                                                                                NDM 
   16.0                                                                                                                NDM 
0                                    ALPHA     Q/QINF    EPSLON  D(EPSLON)/D(ALPHA)
0
                                     -6.0      0.991      0.000        0.599
                                     -4.0                                  
                                     -2.0                                  
                                      0.0                                  
                                      2.0                                  
                                      4.0                                  
                                      6.0                                  
                                      8.0                                  
                                     10.0                                  
                                     12.0                                  
                                     14.0                                  
                                     16.0                                  
0*** NDM PRINTED WHEN NO DATCOM METHODS EXIST
1                               AUTOMATED STABILITY AND CONTROL METHODS PER APRIL 1976 VERSION OF DATCOM
                                                         DYNAMIC DERIVATIVES
                                        WING-BODY-VERTICAL TAIL-HORIZONTAL TAIL CONFIGURATION
                                               B738 M072 CLEAN CRUISE FULL AIRCRAFT
 
 -----------------------  FLIGHT CONDITIONS  ------------------------           --------------  REFERENCE DIMENSIONS  ------------
  MACH    ALTITUDE   VELOCITY    PRESSURE    TEMPERATURE     REYNOLDS             REF.      REFERENCE LENGTH   MOMENT REF. CENTER
 NUMBER                                                       NUMBER              AREA       LONG.     LAT.     HORIZ      VERT
              M        M/SEC      N/ M**2       DEG K         1/ M                M**2         M         M         M         M
0 0.720    3048.00     236.42   6.9695E+04     268.347     1.2584E+07           124.583      3.958    34.315    17.000     0.000
                                                    DYNAMIC DERIVATIVES (PER RADIAN)
0           -------PITCHING-------    -----ACCELERATION------    --------------ROLLING--------------    --------YAWING--------
0   ALPHA       CLQ          CMQ           CLAD         CMAD         CLP          CYP          CNP          CNR          CLR
0
    -6.00          NaN          NaN     6.426E+00   -3.171E+01      NDM          NDM          NDM          NDM          NDM 
    -4.00                                                           NDM          NDM          NDM          NDM          NDM 
    -2.00                                                           NDM          NDM          NDM          NDM          NDM 
     0.00                                                           NDM          NDM          NDM          NDM          NDM 
     2.00                                                           NDM          NDM          NDM          NDM          NDM 
     4.00                                                           NDM          NDM          NDM          NDM          NDM 
     6.00                                                           NDM          NDM          NDM          NDM          NDM 
     8.00                                                           NDM          NDM          NDM          NDM          NDM 
    10.00                                                           NDM          NDM          NDM          NDM          NDM 
    12.00                                                           NDM          NDM          NDM          NDM          NDM 
    14.00                                                           NDM          NDM          NDM          NDM          NDM 
    16.00                                                           NDM          NDM          NDM          NDM          NDM 
0*** NDM PRINTED WHEN NO DATCOM METHODS EXIST
1                             AUTOMATED STABILITY AND CONTROL METHODS PER APRIL 1976 VERSION OF DATCOM
                                             CONFIGURATION AUXILIARY AND PARTIAL OUTPUT
                                        WING-BODY-VERTICAL TAIL-HORIZONTAL TAIL CONFIGURATION
                                               B738 M072 CLEAN CRUISE FULL AIRCRAFT
 -----------------------  FLIGHT CONDITIONS  ------------------------           --------------  REFERENCE DIMENSIONS  ------------
  MACH    ALTITUDE   VELOCITY    PRESSURE    TEMPERATURE     REYNOLDS             REF.      REFERENCE LENGTH   MOMENT REF. CENTER
 NUMBER                                                       NUMBER              AREA       LONG.     LAT.     HORIZ      VERT
              M        M/SEC      N/ M**2       DEG K         1/ M                M**2         M         M         M         M
0 0.720    3048.00     236.42   6.9695E+04     268.347     1.2584E+07           124.583      3.958    34.315    17.000     0.000


                                                       BASIC BODY PROPERTIES

            WETTED AREA      XCG     ZCG     BASE AREA     ZERO LIFT DRAG   BASE DRAG   FRICTION DRAG   PRESSURE DRAG
             0.3942E+03    17.00    0.00       3.5622        0.7477E-02    0.1873E-02    0.5148E-02      0.4565E-03


                                         XCG RELATIVE TO THEORETICAL LEADING EDGE MAC=  -0.60


                                                       BASIC PLANFORM PROPERTIES

                                    TAPER     ASPECT   QUARTER CHORD             QUARTER CHORD              ZERO LIFT    FRICTION
                         AREA       RATIO      RATIO       SWEEP        MAC        X(MAC)       Y(MAC)        DRAG     COEFFICIENT
0      WING
   TOTAL THEORITICAL
+                     0.2280E+03    0.159    0.5164E+01    25.020    0.678E+01    0.193E+02    0.797E+01                       
       TOTAL EXPOSED
+                     0.1989E+03    0.164    0.4695E+01    25.020    0.664E+01    0.198E+02    0.900E+01    0.764E-02    0.209E-02
0  HORIZONTAL TAIL
   TOTAL THEORITICAL
+                     0.3278E+02    0.203    0.6281E+01    30.000    0.262E+01    0.364E+02    0.280E+01                       
       TOTAL EXPOSED
+                     0.2002E+02    0.256    0.5611E+01    30.000    0.211E+01    0.371E+02    0.400E+01    0.915E-03    0.249E-02
0   VERTICAL TAIL
   TOTAL THEORITICAL
+                     0.2644E+02    0.271    0.1941E+01    35.000    0.410E+01    0.356E+02    0.522E+01                       
       TOTAL EXPOSED
+                     0.2218E+02    0.294    0.1847E+01    35.000    0.381E+01    0.359E+02    0.338E+01      NA           NA  
0*** NA PRINTED WHEN METHOD NOT APPLICABLE
1                             AUTOMATED STABILITY AND CONTROL METHODS PER APRIL 1976 VERSION OF DATCOM
                                             CONFIGURATION AUXILIARY AND PARTIAL OUTPUT
                                        WING-BODY-VERTICAL TAIL-HORIZONTAL TAIL CONFIGURATION
                                               B738 M072 CLEAN CRUISE FULL AIRCRAFT
 -----------------------  FLIGHT CONDITIONS  ------------------------           --------------  REFERENCE DIMENSIONS  ------------
  MACH    ALTITUDE   VELOCITY    PRESSURE    TEMPERATURE     REYNOLDS             REF.      REFERENCE LENGTH   MOMENT REF. CENTER
 NUMBER                                                       NUMBER              AREA       LONG.     LAT.     HORIZ      VERT
              M        M/SEC      N/ M**2       DEG K         1/ M                M**2         M         M         M         M
0 0.720    3048.00     236.42   6.9695E+04     268.347     1.2584E+07           124.583      3.958    34.315    17.000     0.000
0          CLA-B(W)= 1.801E-02     CLA-W(B)= 1.315E-01     K-B(W)= 1.490E-01     K-W(B)= 1.088E+00     XAC/C-B(W)= 8.728E-01
0          CLA-B(H)= 3.526E-03     CLA-H(B)= 1.560E-02     K-B(H)= 2.760E-01     K-H(B)= 1.221E+00     XAC/C-B(H)= 5.441E-01
1                             AUTOMATED STABILITY AND CONTROL METHODS PER APRIL 1976 VERSION OF DATCOM
                                             CONFIGURATION AUXILIARY AND PARTIAL OUTPUT
                                        WING-BODY-VERTICAL TAIL-HORIZONTAL TAIL CONFIGURATION
                                               B738 M072 CLEAN CRUISE FULL AIRCRAFT
 -----------------------  FLIGHT CONDITIONS  ------------------------           --------------  REFERENCE DIMENSIONS  ------------
  MACH    ALTITUDE   VELOCITY    PRESSURE    TEMPERATURE     REYNOLDS             REF.      REFERENCE LENGTH   MOMENT REF. CENTER
 NUMBER                                                       NUMBER              AREA       LONG.     LAT.     HORIZ      VERT
              M        M/SEC      N/ M**2       DEG K         1/ M                M**2         M         M         M         M
0 0.720    3048.00     236.42   6.9695E+04     268.347     1.2584E+07           124.583      3.958    34.315    17.000     0.000


                                                      *** WING DATA FAIRING ***
                                       CDL/CL**2 = 0.2206E+00     CLB/CL = 0.5381E-02
            FORCE BREAK MACH NUMBER (ZERO SWEEP) = 0.8130E+00     FORCE BREAK MACH NUMBER (WITH SWEEP) = 0.8391E+00
                      MACH(A) = 0.909     CLA(A) = 0.4679E-01     MACH(B) = 0.979     CLA(B) = 0.1014E+00
                                                (CLB/CL)M=0.6 = 0.5572E-02     (CLB/CL)M=1.4 = 0.1000E-29

                                                  LIFT-CURVE-SLOPE INTERPOLATION TABLE
                                                      MACH               CL-ALPHA
                                                     0.720               0.1209E+00
                                                     0.839               0.1193E+00
                                                     0.909               0.4679E-01
                                                     0.979               0.1014E+00
                                                     1.400               0.9447E-01


                                                   *** WING-BODY DATA FAIRING ***
            CLB/CL =        NaN     (CLB/CL)MFB =-0.1286E-02     (CLB/CL)M=1.4 = 0.1000E-29     (CNA)M=1.4 =        NaN




                                                   *** HORIZONTAL TAIL DATA FAIRING ***
                                       CDL/CL**2 = 0.3107E+00     CLB/CL = 0.9830E-03
            FORCE BREAK MACH NUMBER (ZERO SWEEP) = 0.8039E+00     FORCE BREAK MACH NUMBER (WITH SWEEP) = 0.8351E+00
                      MACH(A) = 0.905     CLA(A) = 0.4538E-02     MACH(B) = 0.975     CLA(B) = 0.1085E-01
                                                (CLB/CL)M=0.6 = 0.1010E-02     (CLB/CL)M=1.4 = 0.1000E-29

                                                  LIFT-CURVE-SLOPE INTERPOLATION TABLE
                                                      MACH               CL-ALPHA
                                                     0.720               0.1278E-01
                                                     0.835               0.1276E-01
                                                     0.905               0.4538E-02
                                                     0.975               0.1085E-01
                                                     1.400               0.9189E-02


                                              *** HORIZONTAL TAIL-BODY DATA FAIRING ***
            CLB/CL =        NaN     (CLB/CL)MFB = 0.3744E-02     (CLB/CL)M=1.4 = 0.1000E-29     (CNA)M=1.4 =        NaN




                                           *** BODY-WING-HORIZONTAL TAIL DATA FAIRING ***
                                                DRAG DIVERGENCE MACH NUMBER = 0.829
                                                      MACH                 CDO
                                                     0.600               0.1806E-01
                                                     0.700               0.1844E-01
                                                     1.100                 Infinity
                                                     1.400                 Infinity
1
 WARNING*** BODY ALONE DYNAMIC DERIVATIVE METHOD VALID FOR NOSE CYLINDER ONLY
            TAIL EFFECTS IGNORED]
1                               AUTOMATED STABILITY AND CONTROL METHODS PER APRIL 1976 VERSION OF DATCOM
                                         CHARACTERISTICS AT ANGLE OF ATTACK AND IN SIDESLIP
                                        WING-BODY-VERTICAL TAIL-HORIZONTAL TAIL CONFIGURATION
                                               B738 M072 CLEAN CRUISE FULL AIRCRAFT
 
 -----------------------  FLIGHT CONDITIONS  ------------------------           --------------  REFERENCE DIMENSIONS  ------------
  MACH    ALTITUDE   VELOCITY    PRESSURE    TEMPERATURE     REYNOLDS             REF.      REFERENCE LENGTH   MOMENT REF. CENTER
 NUMBER                                                       NUMBER              AREA       LONG.     LAT.     HORIZ      VERT
              M        M/SEC      N/ M**2       DEG K         1/ M                M**2         M         M         M         M
0 0.720    4572.00     232.02   5.7207E+04     258.453     1.0844E+07           124.583      3.958    34.315    17.000     0.000
0                                                               -------------------DERIVATIVE (PER RADIAN)-------------------
0 ALPHA     CD       CL       CM       CN       CA       XCP        CLA          CMA          CYB          CNB          CLB
0
   -6.0    0.019    NDM       NDM     NDM      NDM        NaN          NaN          NaN      NDM          NDM          NDM 
   -4.0                                                                                                                NDM 
   -2.0                                                                                                                NDM 
    0.0                                                                                                                NDM 
    2.0                                                                                                                NDM 
    4.0                                                                                                                NDM 
    6.0                                                                                                                NDM 
    8.0                                                                                                                NDM 
   10.0                                                                                                                NDM 
   12.0                                                                                                                NDM 
   14.0                                                                                                                NDM 
   16.0                                                                                                                NDM 
0                                    ALPHA     Q/QINF    EPSLON  D(EPSLON)/D(ALPHA)
0
                                     -6.0      0.996      0.000        0.599
                                     -4.0                                  
                                     -2.0                                  
                                      0.0                                  
                                      2.0                                  
                                      4.0                                  
                                      6.0                                  
                                      8.0                                  
                                     10.0                                  
                                     12.0                                  
                                     14.0                                  
                                     16.0                                  
0*** NDM PRINTED WHEN NO DATCOM METHODS EXIST
1                               AUTOMATED STABILITY AND CONTROL METHODS PER APRIL 1976 VERSION OF DATCOM
                                                         DYNAMIC DERIVATIVES
                                        WING-BODY-VERTICAL TAIL-HORIZONTAL TAIL CONFIGURATION
                                               B738 M072 CLEAN CRUISE FULL AIRCRAFT
 
 -----------------------  FLIGHT CONDITIONS  ------------------------           --------------  REFERENCE DIMENSIONS  ------------
  MACH    ALTITUDE   VELOCITY    PRESSURE    TEMPERATURE     REYNOLDS             REF.      REFERENCE LENGTH   MOMENT REF. CENTER
 NUMBER                                                       NUMBER              AREA       LONG.     LAT.     HORIZ      VERT
              M        M/SEC      N/ M**2       DEG K         1/ M                M**2         M         M         M         M
0 0.720    4572.00     232.02   5.7207E+04     258.453     1.0844E+07           124.583      3.958    34.315    17.000     0.000
                                                    DYNAMIC DERIVATIVES (PER RADIAN)
0           -------PITCHING-------    -----ACCELERATION------    --------------ROLLING--------------    --------YAWING--------
0   ALPHA       CLQ          CMQ           CLAD         CMAD         CLP          CYP          CNP          CNR          CLR
0
    -6.00          NaN          NaN     6.457E+00   -3.187E+01      NDM          NDM          NDM          NDM          NDM 
    -4.00                                                           NDM          NDM          NDM          NDM          NDM 
    -2.00                                                           NDM          NDM          NDM          NDM          NDM 
     0.00                                                           NDM          NDM          NDM          NDM          NDM 
     2.00                                                           NDM          NDM          NDM          NDM          NDM 
     4.00                                                           NDM          NDM          NDM          NDM          NDM 
     6.00                                                           NDM          NDM          NDM          NDM          NDM 
     8.00                                                           NDM          NDM          NDM          NDM          NDM 
    10.00                                                           NDM          NDM          NDM          NDM          NDM 
    12.00                                                           NDM          NDM          NDM          NDM          NDM 
    14.00                                                           NDM          NDM          NDM          NDM          NDM 
    16.00                                                           NDM          NDM          NDM          NDM          NDM 
0*** NDM PRINTED WHEN NO DATCOM METHODS EXIST
1                             AUTOMATED STABILITY AND CONTROL METHODS PER APRIL 1976 VERSION OF DATCOM
                                             CONFIGURATION AUXILIARY AND PARTIAL OUTPUT
                                        WING-BODY-VERTICAL TAIL-HORIZONTAL TAIL CONFIGURATION
                                               B738 M072 CLEAN CRUISE FULL AIRCRAFT
 -----------------------  FLIGHT CONDITIONS  ------------------------           --------------  REFERENCE DIMENSIONS  ------------
  MACH    ALTITUDE   VELOCITY    PRESSURE    TEMPERATURE     REYNOLDS             REF.      REFERENCE LENGTH   MOMENT REF. CENTER
 NUMBER                                                       NUMBER              AREA       LONG.     LAT.     HORIZ      VERT
              M        M/SEC      N/ M**2       DEG K         1/ M                M**2         M         M         M         M
0 0.720    4572.00     232.02   5.7207E+04     258.453     1.0844E+07           124.583      3.958    34.315    17.000     0.000


                                                       BASIC BODY PROPERTIES

            WETTED AREA      XCG     ZCG     BASE AREA     ZERO LIFT DRAG   BASE DRAG   FRICTION DRAG   PRESSURE DRAG
             0.3942E+03    17.00    0.00       3.5622        0.7568E-02    0.1855E-02    0.5248E-02      0.4653E-03


                                         XCG RELATIVE TO THEORETICAL LEADING EDGE MAC=  -0.60


                                                       BASIC PLANFORM PROPERTIES

                                    TAPER     ASPECT   QUARTER CHORD             QUARTER CHORD              ZERO LIFT    FRICTION
                         AREA       RATIO      RATIO       SWEEP        MAC        X(MAC)       Y(MAC)        DRAG     COEFFICIENT
0      WING
   TOTAL THEORITICAL
+                     0.2280E+03    0.159    0.5164E+01    25.020    0.678E+01    0.193E+02    0.797E+01                       
       TOTAL EXPOSED
+                     0.1989E+03    0.164    0.4695E+01    25.020    0.664E+01    0.198E+02    0.900E+01    0.781E-02    0.214E-02
0  HORIZONTAL TAIL
   TOTAL THEORITICAL
+                     0.3278E+02    0.203    0.6281E+01    30.000    0.262E+01    0.364E+02    0.280E+01                       
       TOTAL EXPOSED
+                     0.2002E+02    0.256    0.5611E+01    30.000    0.211E+01    0.371E+02    0.400E+01    0.936E-03    0.255E-02
0   VERTICAL TAIL
   TOTAL THEORITICAL
+                     0.2644E+02    0.271    0.1941E+01    35.000    0.410E+01    0.356E+02    0.522E+01                       
       TOTAL EXPOSED
+                     0.2218E+02    0.294    0.1847E+01    35.000    0.381E+01    0.359E+02    0.338E+01      NA           NA  
0*** NA PRINTED WHEN METHOD NOT APPLICABLE
1                             AUTOMATED STABILITY AND CONTROL METHODS PER APRIL 1976 VERSION OF DATCOM
                                             CONFIGURATION AUXILIARY AND PARTIAL OUTPUT
                                        WING-BODY-VERTICAL TAIL-HORIZONTAL TAIL CONFIGURATION
                                               B738 M072 CLEAN CRUISE FULL AIRCRAFT
 -----------------------  FLIGHT CONDITIONS  ------------------------           --------------  REFERENCE DIMENSIONS  ------------
  MACH    ALTITUDE   VELOCITY    PRESSURE    TEMPERATURE     REYNOLDS             REF.      REFERENCE LENGTH   MOMENT REF. CENTER
 NUMBER                                                       NUMBER              AREA       LONG.     LAT.     HORIZ      VERT
              M        M/SEC      N/ M**2       DEG K         1/ M                M**2         M         M         M         M
0 0.720    4572.00     232.02   5.7207E+04     258.453     1.0844E+07           124.583      3.958    34.315    17.000     0.000
0          CLA-B(W)= 1.801E-02     CLA-W(B)= 1.315E-01     K-B(W)= 1.490E-01     K-W(B)= 1.088E+00     XAC/C-B(W)= 8.728E-01
0          CLA-B(H)= 3.526E-03     CLA-H(B)= 1.560E-02     K-B(H)= 2.760E-01     K-H(B)= 1.221E+00     XAC/C-B(H)= 5.441E-01
1                             AUTOMATED STABILITY AND CONTROL METHODS PER APRIL 1976 VERSION OF DATCOM
                                             CONFIGURATION AUXILIARY AND PARTIAL OUTPUT
                                        WING-BODY-VERTICAL TAIL-HORIZONTAL TAIL CONFIGURATION
                                               B738 M072 CLEAN CRUISE FULL AIRCRAFT
 -----------------------  FLIGHT CONDITIONS  ------------------------           --------------  REFERENCE DIMENSIONS  ------------
  MACH    ALTITUDE   VELOCITY    PRESSURE    TEMPERATURE     REYNOLDS             REF.      REFERENCE LENGTH   MOMENT REF. CENTER
 NUMBER                                                       NUMBER              AREA       LONG.     LAT.     HORIZ      VERT
              M        M/SEC      N/ M**2       DEG K         1/ M                M**2         M         M         M         M
0 0.720    4572.00     232.02   5.7207E+04     258.453     1.0844E+07           124.583      3.958    34.315    17.000     0.000


                                                      *** WING DATA FAIRING ***
                                       CDL/CL**2 = 0.2206E+00     CLB/CL = 0.5381E-02
            FORCE BREAK MACH NUMBER (ZERO SWEEP) = 0.8130E+00     FORCE BREAK MACH NUMBER (WITH SWEEP) = 0.8391E+00
                      MACH(A) = 0.909     CLA(A) = 0.4679E-01     MACH(B) = 0.979     CLA(B) = 0.1014E+00
                                                (CLB/CL)M=0.6 = 0.5572E-02     (CLB/CL)M=1.4 = 0.1000E-29

                                                  LIFT-CURVE-SLOPE INTERPOLATION TABLE
                                                      MACH               CL-ALPHA
                                                     0.720               0.1209E+00
                                                     0.839               0.1193E+00
                                                     0.909               0.4679E-01
                                                     0.979               0.1014E+00
                                                     1.400               0.9447E-01


                                                   *** WING-BODY DATA FAIRING ***
            CLB/CL =        NaN     (CLB/CL)MFB =-0.1286E-02     (CLB/CL)M=1.4 = 0.1000E-29     (CNA)M=1.4 =        NaN




                                                   *** HORIZONTAL TAIL DATA FAIRING ***
                                       CDL/CL**2 = 0.3107E+00     CLB/CL = 0.9830E-03
            FORCE BREAK MACH NUMBER (ZERO SWEEP) = 0.8039E+00     FORCE BREAK MACH NUMBER (WITH SWEEP) = 0.8351E+00
                      MACH(A) = 0.905     CLA(A) = 0.4538E-02     MACH(B) = 0.975     CLA(B) = 0.1085E-01
                                                (CLB/CL)M=0.6 = 0.1010E-02     (CLB/CL)M=1.4 = 0.1000E-29

                                                  LIFT-CURVE-SLOPE INTERPOLATION TABLE
                                                      MACH               CL-ALPHA
                                                     0.720               0.1278E-01
                                                     0.835               0.1276E-01
                                                     0.905               0.4538E-02
                                                     0.975               0.1085E-01
                                                     1.400               0.9189E-02


                                              *** HORIZONTAL TAIL-BODY DATA FAIRING ***
            CLB/CL =        NaN     (CLB/CL)MFB = 0.3744E-02     (CLB/CL)M=1.4 = 0.1000E-29     (CNA)M=1.4 =        NaN




                                           *** BODY-WING-HORIZONTAL TAIL DATA FAIRING ***
                                                DRAG DIVERGENCE MACH NUMBER = 0.829
                                                      MACH                 CDO
                                                     0.600               0.1806E-01
                                                     0.700               0.1844E-01
                                                     1.100                 Infinity
                                                     1.400                 Infinity
1
 WARNING*** BODY ALONE DYNAMIC DERIVATIVE METHOD VALID FOR NOSE CYLINDER ONLY
            TAIL EFFECTS IGNORED]
1                               AUTOMATED STABILITY AND CONTROL METHODS PER APRIL 1976 VERSION OF DATCOM
                                         CHARACTERISTICS AT ANGLE OF ATTACK AND IN SIDESLIP
                                        WING-BODY-VERTICAL TAIL-HORIZONTAL TAIL CONFIGURATION
                                               B738 M072 CLEAN CRUISE FULL AIRCRAFT
 
 -----------------------  FLIGHT CONDITIONS  ------------------------           --------------  REFERENCE DIMENSIONS  ------------
  MACH    ALTITUDE   VELOCITY    PRESSURE    TEMPERATURE     REYNOLDS             REF.      REFERENCE LENGTH   MOMENT REF. CENTER
 NUMBER                                                       NUMBER              AREA       LONG.     LAT.     HORIZ      VERT
              M        M/SEC      N/ M**2       DEG K         1/ M                M**2         M         M         M         M
0 0.720    6096.00     227.53   4.6600E+04     248.564     9.2944E+06           124.583      3.958    34.315    17.000     0.000
0                                                               -------------------DERIVATIVE (PER RADIAN)-------------------
0 ALPHA     CD       CL       CM       CN       CA       XCP        CLA          CMA          CYB          CNB          CLB
0
   -6.0    0.019    NDM       NDM     NDM      NDM        NaN          NaN          NaN      NDM          NDM          NDM 
   -4.0                                                                                                                NDM 
   -2.0                                                                                                                NDM 
    0.0                                                                                                                NDM 
    2.0                                                                                                                NDM 
    4.0                                                                                                                NDM 
    6.0                                                                                                                NDM 
    8.0                                                                                                                NDM 
   10.0                                                                                                                NDM 
   12.0                                                                                                                NDM 
   14.0                                                                                                                NDM 
   16.0                                                                                                                NDM 
0                                    ALPHA     Q/QINF    EPSLON  D(EPSLON)/D(ALPHA)
0
                                     -6.0      0.999      0.000        0.599
                                     -4.0                                  
                                     -2.0                                  
                                      0.0                                  
                                      2.0                                  
                                      4.0                                  
                                      6.0                                  
                                      8.0                                  
                                     10.0                                  
                                     12.0                                  
                                     14.0                                  
                                     16.0                                  
0*** NDM PRINTED WHEN NO DATCOM METHODS EXIST
1                               AUTOMATED STABILITY AND CONTROL METHODS PER APRIL 1976 VERSION OF DATCOM
                                                         DYNAMIC DERIVATIVES
                                        WING-BODY-VERTICAL TAIL-HORIZONTAL TAIL CONFIGURATION
                                               B738 M072 CLEAN CRUISE FULL AIRCRAFT
 
 -----------------------  FLIGHT CONDITIONS  ------------------------           --------------  REFERENCE DIMENSIONS  ------------
  MACH    ALTITUDE   VELOCITY    PRESSURE    TEMPERATURE     REYNOLDS             REF.      REFERENCE LENGTH   MOMENT REF. CENTER
 NUMBER                                                       NUMBER              AREA       LONG.     LAT.     HORIZ      VERT
              M        M/SEC      N/ M**2       DEG K         1/ M                M**2         M         M         M         M
0 0.720    6096.00     227.53   4.6600E+04     248.564     9.2944E+06           124.583      3.958    34.315    17.000     0.000
                                                    DYNAMIC DERIVATIVES (PER RADIAN)
0           -------PITCHING-------    -----ACCELERATION------    --------------ROLLING--------------    --------YAWING--------
0   ALPHA       CLQ          CMQ           CLAD         CMAD         CLP          CYP          CNP          CNR          CLR
0
    -6.00          NaN          NaN     6.477E+00   -3.197E+01      NDM          NDM          NDM          NDM          NDM 
    -4.00                                                           NDM          NDM          NDM          NDM          NDM 
    -2.00                                                           NDM          NDM          NDM          NDM          NDM 
     0.00                                                           NDM          NDM          NDM          NDM          NDM 
     2.00                                                           NDM          NDM          NDM          NDM          NDM 
     4.00                                                           NDM          NDM          NDM          NDM          NDM 
     6.00                                                           NDM          NDM          NDM          NDM          NDM 
     8.00                                                           NDM          NDM          NDM          NDM          NDM 
    10.00                                                           NDM          NDM          NDM          NDM          NDM 
    12.00                                                           NDM          NDM          NDM          NDM          NDM 
    14.00                                                           NDM          NDM          NDM          NDM          NDM 
    16.00                                                           NDM          NDM          NDM          NDM          NDM 
0*** NDM PRINTED WHEN NO DATCOM METHODS EXIST
1                             AUTOMATED STABILITY AND CONTROL METHODS PER APRIL 1976 VERSION OF DATCOM
                                             CONFIGURATION AUXILIARY AND PARTIAL OUTPUT
                                        WING-BODY-VERTICAL TAIL-HORIZONTAL TAIL CONFIGURATION
                                               B738 M072 CLEAN CRUISE FULL AIRCRAFT
 -----------------------  FLIGHT CONDITIONS  ------------------------           --------------  REFERENCE DIMENSIONS  ------------
  MACH    ALTITUDE   VELOCITY    PRESSURE    TEMPERATURE     REYNOLDS             REF.      REFERENCE LENGTH   MOMENT REF. CENTER
 NUMBER                                                       NUMBER              AREA       LONG.     LAT.     HORIZ      VERT
              M        M/SEC      N/ M**2       DEG K         1/ M                M**2         M         M         M         M
0 0.720    6096.00     227.53   4.6600E+04     248.564     9.2944E+06           124.583      3.958    34.315    17.000     0.000


                                                       BASIC BODY PROPERTIES

            WETTED AREA      XCG     ZCG     BASE AREA     ZERO LIFT DRAG   BASE DRAG   FRICTION DRAG   PRESSURE DRAG
             0.3942E+03    17.00    0.00       3.5622        0.7668E-02    0.1836E-02    0.5357E-02      0.4750E-03


                                         XCG RELATIVE TO THEORETICAL LEADING EDGE MAC=  -0.60


                                                       BASIC PLANFORM PROPERTIES

                                    TAPER     ASPECT   QUARTER CHORD             QUARTER CHORD              ZERO LIFT    FRICTION
                         AREA       RATIO      RATIO       SWEEP        MAC        X(MAC)       Y(MAC)        DRAG     COEFFICIENT
0      WING
   TOTAL THEORITICAL
+                     0.2280E+03    0.159    0.5164E+01    25.020    0.678E+01    0.193E+02    0.797E+01                       
       TOTAL EXPOSED
+                     0.1989E+03    0.164    0.4695E+01    25.020    0.664E+01    0.198E+02    0.900E+01    0.800E-02    0.219E-02
0  HORIZONTAL TAIL
   TOTAL THEORITICAL
+                     0.3278E+02    0.203    0.6281E+01    30.000    0.262E+01    0.364E+02    0.280E+01                       
       TOTAL EXPOSED
+                     0.2002E+02    0.256    0.5611E+01    30.000    0.211E+01    0.371E+02    0.400E+01    0.959E-03    0.261E-02
0   VERTICAL TAIL
   TOTAL THEORITICAL
+                     0.2644E+02    0.271    0.1941E+01    35.000    0.410E+01    0.356E+02    0.522E+01                       
       TOTAL EXPOSED
+                     0.2218E+02    0.294    0.1847E+01    35.000    0.381E+01    0.359E+02    0.338E+01      NA           NA  
0*** NA PRINTED WHEN METHOD NOT APPLICABLE
1                             AUTOMATED STABILITY AND CONTROL METHODS PER APRIL 1976 VERSION OF DATCOM
                                             CONFIGURATION AUXILIARY AND PARTIAL OUTPUT
                                        WING-BODY-VERTICAL TAIL-HORIZONTAL TAIL CONFIGURATION
                                               B738 M072 CLEAN CRUISE FULL AIRCRAFT
 -----------------------  FLIGHT CONDITIONS  ------------------------           --------------  REFERENCE DIMENSIONS  ------------
  MACH    ALTITUDE   VELOCITY    PRESSURE    TEMPERATURE     REYNOLDS             REF.      REFERENCE LENGTH   MOMENT REF. CENTER
 NUMBER                                                       NUMBER              AREA       LONG.     LAT.     HORIZ      VERT
              M        M/SEC      N/ M**2       DEG K         1/ M                M**2         M         M         M         M
0 0.720    6096.00     227.53   4.6600E+04     248.564     9.2944E+06           124.583      3.958    34.315    17.000     0.000
0          CLA-B(W)= 1.801E-02     CLA-W(B)= 1.315E-01     K-B(W)= 1.490E-01     K-W(B)= 1.088E+00     XAC/C-B(W)= 8.728E-01
0          CLA-B(H)= 3.526E-03     CLA-H(B)= 1.560E-02     K-B(H)= 2.760E-01     K-H(B)= 1.221E+00     XAC/C-B(H)= 5.441E-01
1                             AUTOMATED STABILITY AND CONTROL METHODS PER APRIL 1976 VERSION OF DATCOM
                                             CONFIGURATION AUXILIARY AND PARTIAL OUTPUT
                                        WING-BODY-VERTICAL TAIL-HORIZONTAL TAIL CONFIGURATION
                                               B738 M072 CLEAN CRUISE FULL AIRCRAFT
 -----------------------  FLIGHT CONDITIONS  ------------------------           --------------  REFERENCE DIMENSIONS  ------------
  MACH    ALTITUDE   VELOCITY    PRESSURE    TEMPERATURE     REYNOLDS             REF.      REFERENCE LENGTH   MOMENT REF. CENTER
 NUMBER                                                       NUMBER              AREA       LONG.     LAT.     HORIZ      VERT
              M        M/SEC      N/ M**2       DEG K         1/ M                M**2         M         M         M         M
0 0.720    6096.00     227.53   4.6600E+04     248.564     9.2944E+06           124.583      3.958    34.315    17.000     0.000


                                                      *** WING DATA FAIRING ***
                                       CDL/CL**2 = 0.2206E+00     CLB/CL = 0.5381E-02
            FORCE BREAK MACH NUMBER (ZERO SWEEP) = 0.8130E+00     FORCE BREAK MACH NUMBER (WITH SWEEP) = 0.8391E+00
                      MACH(A) = 0.909     CLA(A) = 0.4679E-01     MACH(B) = 0.979     CLA(B) = 0.1014E+00
                                                (CLB/CL)M=0.6 = 0.5572E-02     (CLB/CL)M=1.4 = 0.1000E-29

                                                  LIFT-CURVE-SLOPE INTERPOLATION TABLE
                                                      MACH               CL-ALPHA
                                                     0.720               0.1209E+00
                                                     0.839               0.1193E+00
                                                     0.909               0.4679E-01
                                                     0.979               0.1014E+00
                                                     1.400               0.9447E-01


                                                   *** WING-BODY DATA FAIRING ***
            CLB/CL =        NaN     (CLB/CL)MFB =-0.1286E-02     (CLB/CL)M=1.4 = 0.1000E-29     (CNA)M=1.4 =        NaN




                                                   *** HORIZONTAL TAIL DATA FAIRING ***
                                       CDL/CL**2 = 0.3107E+00     CLB/CL = 0.9830E-03
            FORCE BREAK MACH NUMBER (ZERO SWEEP) = 0.8039E+00     FORCE BREAK MACH NUMBER (WITH SWEEP) = 0.8351E+00
                      MACH(A) = 0.905     CLA(A) = 0.4538E-02     MACH(B) = 0.975     CLA(B) = 0.1085E-01
                                                (CLB/CL)M=0.6 = 0.1010E-02     (CLB/CL)M=1.4 = 0.1000E-29

                                                  LIFT-CURVE-SLOPE INTERPOLATION TABLE
                                                      MACH               CL-ALPHA
                                                     0.720               0.1278E-01
                                                     0.835               0.1276E-01
                                                     0.905               0.4538E-02
                                                     0.975               0.1085E-01
                                                     1.400               0.9189E-02


                                              *** HORIZONTAL TAIL-BODY DATA FAIRING ***
            CLB/CL =        NaN     (CLB/CL)MFB = 0.3744E-02     (CLB/CL)M=1.4 = 0.1000E-29     (CNA)M=1.4 =        NaN




                                           *** BODY-WING-HORIZONTAL TAIL DATA FAIRING ***
                                                DRAG DIVERGENCE MACH NUMBER = 0.829
                                                      MACH                 CDO
                                                     0.600               0.1806E-01
                                                     0.700               0.1844E-01
                                                     1.100                 Infinity
                                                     1.400                 Infinity
1
 WARNING*** BODY ALONE DYNAMIC DERIVATIVE METHOD VALID FOR NOSE CYLINDER ONLY
            TAIL EFFECTS IGNORED]
1                               AUTOMATED STABILITY AND CONTROL METHODS PER APRIL 1976 VERSION OF DATCOM
                                         CHARACTERISTICS AT ANGLE OF ATTACK AND IN SIDESLIP
                                        WING-BODY-VERTICAL TAIL-HORIZONTAL TAIL CONFIGURATION
                                               B738 M072 CLEAN CRUISE FULL AIRCRAFT
 
 -----------------------  FLIGHT CONDITIONS  ------------------------           --------------  REFERENCE DIMENSIONS  ------------
  MACH    ALTITUDE   VELOCITY    PRESSURE    TEMPERATURE     REYNOLDS             REF.      REFERENCE LENGTH   MOMENT REF. CENTER
 NUMBER                                                       NUMBER              AREA       LONG.     LAT.     HORIZ      VERT
              M        M/SEC      N/ M**2       DEG K         1/ M                M**2         M         M         M         M
0 0.720    7620.00     222.96   3.7650E+04     238.679     7.9197E+06           124.583      3.958    34.315    17.000     0.000
0                                                               -------------------DERIVATIVE (PER RADIAN)-------------------
0 ALPHA     CD       CL       CM       CN       CA       XCP        CLA          CMA          CYB          CNB          CLB
0
   -6.0    0.019    NDM       NDM     NDM      NDM        NaN          NaN          NaN      NDM          NDM          NDM 
   -4.0                                                                                                                NDM 
   -2.0                                                                                                                NDM 
    0.0                                                                                                                NDM 
    2.0                                                                                                                NDM 
    4.0                                                                                                                NDM 
    6.0                                                                                                                NDM 
    8.0                                                                                                                NDM 
   10.0                                                                                                                NDM 
   12.0                                                                                                                NDM 
   14.0                                                                                                                NDM 
   16.0                                                                                                                NDM 
0                                    ALPHA     Q/QINF    EPSLON  D(EPSLON)/D(ALPHA)
0
                                     -6.0      1.000      0.000        0.599
                                     -4.0                                  
                                     -2.0                                  
                                      0.0                                  
                                      2.0                                  
                                      4.0                                  
                                      6.0                                  
                                      8.0                                  
                                     10.0                                  
                                     12.0                                  
                                     14.0                                  
                                     16.0                                  
0*** NDM PRINTED WHEN NO DATCOM METHODS EXIST
1                               AUTOMATED STABILITY AND CONTROL METHODS PER APRIL 1976 VERSION OF DATCOM
                                                         DYNAMIC DERIVATIVES
                                        WING-BODY-VERTICAL TAIL-HORIZONTAL TAIL CONFIGURATION
                                               B738 M072 CLEAN CRUISE FULL AIRCRAFT
 
 -----------------------  FLIGHT CONDITIONS  ------------------------           --------------  REFERENCE DIMENSIONS  ------------
  MACH    ALTITUDE   VELOCITY    PRESSURE    TEMPERATURE     REYNOLDS             REF.      REFERENCE LENGTH   MOMENT REF. CENTER
 NUMBER                                                       NUMBER              AREA       LONG.     LAT.     HORIZ      VERT
              M        M/SEC      N/ M**2       DEG K         1/ M                M**2         M         M         M         M
0 0.720    7620.00     222.96   3.7650E+04     238.679     7.9197E+06           124.583      3.958    34.315    17.000     0.000
                                                    DYNAMIC DERIVATIVES (PER RADIAN)
0           -------PITCHING-------    -----ACCELERATION------    --------------ROLLING--------------    --------YAWING--------
0   ALPHA       CLQ          CMQ           CLAD         CMAD         CLP          CYP          CNP          CNR          CLR
0
    -6.00          NaN          NaN     6.484E+00   -3.200E+01      NDM          NDM          NDM          NDM          NDM 
    -4.00                                                           NDM          NDM          NDM          NDM          NDM 
    -2.00                                                           NDM          NDM          NDM          NDM          NDM 
     0.00                                                           NDM          NDM          NDM          NDM          NDM 
     2.00                                                           NDM          NDM          NDM          NDM          NDM 
     4.00                                                           NDM          NDM          NDM          NDM          NDM 
     6.00                                                           NDM          NDM          NDM          NDM          NDM 
     8.00                                                           NDM          NDM          NDM          NDM          NDM 
    10.00                                                           NDM          NDM          NDM          NDM          NDM 
    12.00                                                           NDM          NDM          NDM          NDM          NDM 
    14.00                                                           NDM          NDM          NDM          NDM          NDM 
    16.00                                                           NDM          NDM          NDM          NDM          NDM 
0*** NDM PRINTED WHEN NO DATCOM METHODS EXIST
1                             AUTOMATED STABILITY AND CONTROL METHODS PER APRIL 1976 VERSION OF DATCOM
                                             CONFIGURATION AUXILIARY AND PARTIAL OUTPUT
                                        WING-BODY-VERTICAL TAIL-HORIZONTAL TAIL CONFIGURATION
                                               B738 M072 CLEAN CRUISE FULL AIRCRAFT
 -----------------------  FLIGHT CONDITIONS  ------------------------           --------------  REFERENCE DIMENSIONS  ------------
  MACH    ALTITUDE   VELOCITY    PRESSURE    TEMPERATURE     REYNOLDS             REF.      REFERENCE LENGTH   MOMENT REF. CENTER
 NUMBER                                                       NUMBER              AREA       LONG.     LAT.     HORIZ      VERT
              M        M/SEC      N/ M**2       DEG K         1/ M                M**2         M         M         M         M
0 0.720    7620.00     222.96   3.7650E+04     238.679     7.9197E+06           124.583      3.958    34.315    17.000     0.000


                                                       BASIC BODY PROPERTIES

            WETTED AREA      XCG     ZCG     BASE AREA     ZERO LIFT DRAG   BASE DRAG   FRICTION DRAG   PRESSURE DRAG
             0.3942E+03    17.00    0.00       3.5622        0.7778E-02    0.1816E-02    0.5477E-02      0.4856E-03


                                         XCG RELATIVE TO THEORETICAL LEADING EDGE MAC=  -0.60


                                                       BASIC PLANFORM PROPERTIES

                                    TAPER     ASPECT   QUARTER CHORD             QUARTER CHORD              ZERO LIFT    FRICTION
                         AREA       RATIO      RATIO       SWEEP        MAC        X(MAC)       Y(MAC)        DRAG     COEFFICIENT
0      WING
   TOTAL THEORITICAL
+                     0.2280E+03    0.159    0.5164E+01    25.020    0.678E+01    0.193E+02    0.797E+01                       
       TOTAL EXPOSED
+                     0.1989E+03    0.164    0.4695E+01    25.020    0.664E+01    0.198E+02    0.900E+01    0.819E-02    0.224E-02
0  HORIZONTAL TAIL
   TOTAL THEORITICAL
+                     0.3278E+02    0.203    0.6281E+01    30.000    0.262E+01    0.364E+02    0.280E+01                       
       TOTAL EXPOSED
+                     0.2002E+02    0.256    0.5611E+01    30.000    0.211E+01    0.371E+02    0.400E+01    0.983E-03    0.267E-02
0   VERTICAL TAIL
   TOTAL THEORITICAL
+                     0.2644E+02    0.271    0.1941E+01    35.000    0.410E+01    0.356E+02    0.522E+01                       
       TOTAL EXPOSED
+                     0.2218E+02    0.294    0.1847E+01    35.000    0.381E+01    0.359E+02    0.338E+01      NA           NA  
0*** NA PRINTED WHEN METHOD NOT APPLICABLE
1                             AUTOMATED STABILITY AND CONTROL METHODS PER APRIL 1976 VERSION OF DATCOM
                                             CONFIGURATION AUXILIARY AND PARTIAL OUTPUT
                                        WING-BODY-VERTICAL TAIL-HORIZONTAL TAIL CONFIGURATION
                                               B738 M072 CLEAN CRUISE FULL AIRCRAFT
 -----------------------  FLIGHT CONDITIONS  ------------------------           --------------  REFERENCE DIMENSIONS  ------------
  MACH    ALTITUDE   VELOCITY    PRESSURE    TEMPERATURE     REYNOLDS             REF.      REFERENCE LENGTH   MOMENT REF. CENTER
 NUMBER                                                       NUMBER              AREA       LONG.     LAT.     HORIZ      VERT
              M        M/SEC      N/ M**2       DEG K         1/ M                M**2         M         M         M         M
0 0.720    7620.00     222.96   3.7650E+04     238.679     7.9197E+06           124.583      3.958    34.315    17.000     0.000
0          CLA-B(W)= 1.801E-02     CLA-W(B)= 1.315E-01     K-B(W)= 1.490E-01     K-W(B)= 1.088E+00     XAC/C-B(W)= 8.728E-01
0          CLA-B(H)= 3.526E-03     CLA-H(B)= 1.560E-02     K-B(H)= 2.760E-01     K-H(B)= 1.221E+00     XAC/C-B(H)= 5.441E-01
1                             AUTOMATED STABILITY AND CONTROL METHODS PER APRIL 1976 VERSION OF DATCOM
                                             CONFIGURATION AUXILIARY AND PARTIAL OUTPUT
                                        WING-BODY-VERTICAL TAIL-HORIZONTAL TAIL CONFIGURATION
                                               B738 M072 CLEAN CRUISE FULL AIRCRAFT
 -----------------------  FLIGHT CONDITIONS  ------------------------           --------------  REFERENCE DIMENSIONS  ------------
  MACH    ALTITUDE   VELOCITY    PRESSURE    TEMPERATURE     REYNOLDS             REF.      REFERENCE LENGTH   MOMENT REF. CENTER
 NUMBER                                                       NUMBER              AREA       LONG.     LAT.     HORIZ      VERT
              M        M/SEC      N/ M**2       DEG K         1/ M                M**2         M         M         M         M
0 0.720    7620.00     222.96   3.7650E+04     238.679     7.9197E+06           124.583      3.958    34.315    17.000     0.000


                                                      *** WING DATA FAIRING ***
                                       CDL/CL**2 = 0.2206E+00     CLB/CL = 0.5381E-02
            FORCE BREAK MACH NUMBER (ZERO SWEEP) = 0.8130E+00     FORCE BREAK MACH NUMBER (WITH SWEEP) = 0.8391E+00
                      MACH(A) = 0.909     CLA(A) = 0.4679E-01     MACH(B) = 0.979     CLA(B) = 0.1014E+00
                                                (CLB/CL)M=0.6 = 0.5572E-02     (CLB/CL)M=1.4 = 0.1000E-29

                                                  LIFT-CURVE-SLOPE INTERPOLATION TABLE
                                                      MACH               CL-ALPHA
                                                     0.720               0.1209E+00
                                                     0.839               0.1193E+00
                                                     0.909               0.4679E-01
                                                     0.979               0.1014E+00
                                                     1.400               0.9447E-01


                                                   *** WING-BODY DATA FAIRING ***
            CLB/CL =        NaN     (CLB/CL)MFB =-0.1286E-02     (CLB/CL)M=1.4 = 0.1000E-29     (CNA)M=1.4 =        NaN




                                                   *** HORIZONTAL TAIL DATA FAIRING ***
                                       CDL/CL**2 = 0.3107E+00     CLB/CL = 0.9830E-03
            FORCE BREAK MACH NUMBER (ZERO SWEEP) = 0.8039E+00     FORCE BREAK MACH NUMBER (WITH SWEEP) = 0.8351E+00
                      MACH(A) = 0.905     CLA(A) = 0.4538E-02     MACH(B) = 0.975     CLA(B) = 0.1085E-01
                                                (CLB/CL)M=0.6 = 0.1010E-02     (CLB/CL)M=1.4 = 0.1000E-29

                                                  LIFT-CURVE-SLOPE INTERPOLATION TABLE
                                                      MACH               CL-ALPHA
                                                     0.720               0.1278E-01
                                                     0.835               0.1276E-01
                                                     0.905               0.4538E-02
                                                     0.975               0.1085E-01
                                                     1.400               0.9189E-02


                                              *** HORIZONTAL TAIL-BODY DATA FAIRING ***
            CLB/CL =        NaN     (CLB/CL)MFB = 0.3744E-02     (CLB/CL)M=1.4 = 0.1000E-29     (CNA)M=1.4 =        NaN




                                           *** BODY-WING-HORIZONTAL TAIL DATA FAIRING ***
                                                DRAG DIVERGENCE MACH NUMBER = 0.829
                                                      MACH                 CDO
                                                     0.600               0.1806E-01
                                                     0.700               0.1844E-01
                                                     1.100                 Infinity
                                                     1.400                 Infinity
1
 WARNING*** BODY ALONE DYNAMIC DERIVATIVE METHOD VALID FOR NOSE CYLINDER ONLY
            TAIL EFFECTS IGNORED]
1                               AUTOMATED STABILITY AND CONTROL METHODS PER APRIL 1976 VERSION OF DATCOM
                                         CHARACTERISTICS AT ANGLE OF ATTACK AND IN SIDESLIP
                                        WING-BODY-VERTICAL TAIL-HORIZONTAL TAIL CONFIGURATION
                                               B738 M072 CLEAN CRUISE FULL AIRCRAFT
 
 -----------------------  FLIGHT CONDITIONS  ------------------------           --------------  REFERENCE DIMENSIONS  ------------
  MACH    ALTITUDE   VELOCITY    PRESSURE    TEMPERATURE     REYNOLDS             REF.      REFERENCE LENGTH   MOMENT REF. CENTER
 NUMBER                                                       NUMBER              AREA       LONG.     LAT.     HORIZ      VERT
              M        M/SEC      N/ M**2       DEG K         1/ M                M**2         M         M         M         M
0 0.720    9144.00     218.30   3.0148E+04     228.799     6.7059E+06           124.583      3.958    34.315    17.000     0.000
0                                                               -------------------DERIVATIVE (PER RADIAN)-------------------
0 ALPHA     CD       CL       CM       CN       CA       XCP        CLA          CMA          CYB          CNB          CLB
0
   -6.0    0.019    NDM       NDM     NDM      NDM        NaN          NaN          NaN      NDM          NDM          NDM 
   -4.0                                                                                                                NDM 
   -2.0                                                                                                                NDM 
    0.0                                                                                                                NDM 
    2.0                                                                                                                NDM 
    4.0                                                                                                                NDM 
    6.0                                                                                                                NDM 
    8.0                                                                                                                NDM 
   10.0                                                                                                                NDM 
   12.0                                                                                                                NDM 
   14.0                                                                                                                NDM 
   16.0                                                                                                                NDM 
0                                    ALPHA     Q/QINF    EPSLON  D(EPSLON)/D(ALPHA)
0
                                     -6.0      0.999      0.000        0.599
                                     -4.0                                  
                                     -2.0                                  
                                      0.0                                  
                                      2.0                                  
                                      4.0                                  
                                      6.0                                  
                                      8.0                                  
                                     10.0                                  
                                     12.0                                  
                                     14.0                                  
                                     16.0                                  
0*** NDM PRINTED WHEN NO DATCOM METHODS EXIST
1                               AUTOMATED STABILITY AND CONTROL METHODS PER APRIL 1976 VERSION OF DATCOM
                                                         DYNAMIC DERIVATIVES
                                        WING-BODY-VERTICAL TAIL-HORIZONTAL TAIL CONFIGURATION
                                               B738 M072 CLEAN CRUISE FULL AIRCRAFT
 
 -----------------------  FLIGHT CONDITIONS  ------------------------           --------------  REFERENCE DIMENSIONS  ------------
  MACH    ALTITUDE   VELOCITY    PRESSURE    TEMPERATURE     REYNOLDS             REF.      REFERENCE LENGTH   MOMENT REF. CENTER
 NUMBER                                                       NUMBER              AREA       LONG.     LAT.     HORIZ      VERT
              M        M/SEC      N/ M**2       DEG K         1/ M                M**2         M         M         M         M
0 0.720    9144.00     218.30   3.0148E+04     228.799     6.7059E+06           124.583      3.958    34.315    17.000     0.000
                                                    DYNAMIC DERIVATIVES (PER RADIAN)
0           -------PITCHING-------    -----ACCELERATION------    --------------ROLLING--------------    --------YAWING--------
0   ALPHA       CLQ          CMQ           CLAD         CMAD         CLP          CYP          CNP          CNR          CLR
0
    -6.00          NaN          NaN     6.475E+00   -3.196E+01      NDM          NDM          NDM          NDM          NDM 
    -4.00                                                           NDM          NDM          NDM          NDM          NDM 
    -2.00                                                           NDM          NDM          NDM          NDM          NDM 
     0.00                                                           NDM          NDM          NDM          NDM          NDM 
     2.00                                                           NDM          NDM          NDM          NDM          NDM 
     4.00                                                           NDM          NDM          NDM          NDM          NDM 
     6.00                                                           NDM          NDM          NDM          NDM          NDM 
     8.00                                                           NDM          NDM          NDM          NDM          NDM 
    10.00                                                           NDM          NDM          NDM          NDM          NDM 
    12.00                                                           NDM          NDM          NDM          NDM          NDM 
    14.00                                                           NDM          NDM          NDM          NDM          NDM 
    16.00                                                           NDM          NDM          NDM          NDM          NDM 
0*** NDM PRINTED WHEN NO DATCOM METHODS EXIST
1                             AUTOMATED STABILITY AND CONTROL METHODS PER APRIL 1976 VERSION OF DATCOM
                                             CONFIGURATION AUXILIARY AND PARTIAL OUTPUT
                                        WING-BODY-VERTICAL TAIL-HORIZONTAL TAIL CONFIGURATION
                                               B738 M072 CLEAN CRUISE FULL AIRCRAFT
 -----------------------  FLIGHT CONDITIONS  ------------------------           --------------  REFERENCE DIMENSIONS  ------------
  MACH    ALTITUDE   VELOCITY    PRESSURE    TEMPERATURE     REYNOLDS             REF.      REFERENCE LENGTH   MOMENT REF. CENTER
 NUMBER                                                       NUMBER              AREA       LONG.     LAT.     HORIZ      VERT
              M        M/SEC      N/ M**2       DEG K         1/ M                M**2         M         M         M         M
0 0.720    9144.00     218.30   3.0148E+04     228.799     6.7059E+06           124.583      3.958    34.315    17.000     0.000


                                                       BASIC BODY PROPERTIES

            WETTED AREA      XCG     ZCG     BASE AREA     ZERO LIFT DRAG   BASE DRAG   FRICTION DRAG   PRESSURE DRAG
             0.3942E+03    17.00    0.00       3.5622        0.7899E-02    0.1795E-02    0.5607E-02      0.4972E-03


                                         XCG RELATIVE TO THEORETICAL LEADING EDGE MAC=  -0.60


                                                       BASIC PLANFORM PROPERTIES

                                    TAPER     ASPECT   QUARTER CHORD             QUARTER CHORD              ZERO LIFT    FRICTION
                         AREA       RATIO      RATIO       SWEEP        MAC        X(MAC)       Y(MAC)        DRAG     COEFFICIENT
0      WING
   TOTAL THEORITICAL
+                     0.2280E+03    0.159    0.5164E+01    25.020    0.678E+01    0.193E+02    0.797E+01                       
       TOTAL EXPOSED
+                     0.1989E+03    0.164    0.4695E+01    25.020    0.664E+01    0.198E+02    0.900E+01    0.840E-02    0.230E-02
0  HORIZONTAL TAIL
   TOTAL THEORITICAL
+                     0.3278E+02    0.203    0.6281E+01    30.000    0.262E+01    0.364E+02    0.280E+01                       
       TOTAL EXPOSED
+                     0.2002E+02    0.256    0.5611E+01    30.000    0.211E+01    0.371E+02    0.400E+01    0.101E-02    0.274E-02
0   VERTICAL TAIL
   TOTAL THEORITICAL
+                     0.2644E+02    0.271    0.1941E+01    35.000    0.410E+01    0.356E+02    0.522E+01                       
       TOTAL EXPOSED
+                     0.2218E+02    0.294    0.1847E+01    35.000    0.381E+01    0.359E+02    0.338E+01      NA           NA  
0*** NA PRINTED WHEN METHOD NOT APPLICABLE
1                             AUTOMATED STABILITY AND CONTROL METHODS PER APRIL 1976 VERSION OF DATCOM
                                             CONFIGURATION AUXILIARY AND PARTIAL OUTPUT
                                        WING-BODY-VERTICAL TAIL-HORIZONTAL TAIL CONFIGURATION
                                               B738 M072 CLEAN CRUISE FULL AIRCRAFT
 -----------------------  FLIGHT CONDITIONS  ------------------------           --------------  REFERENCE DIMENSIONS  ------------
  MACH    ALTITUDE   VELOCITY    PRESSURE    TEMPERATURE     REYNOLDS             REF.      REFERENCE LENGTH   MOMENT REF. CENTER
 NUMBER                                                       NUMBER              AREA       LONG.     LAT.     HORIZ      VERT
              M        M/SEC      N/ M**2       DEG K         1/ M                M**2         M         M         M         M
0 0.720    9144.00     218.30   3.0148E+04     228.799     6.7059E+06           124.583      3.958    34.315    17.000     0.000
0          CLA-B(W)= 1.801E-02     CLA-W(B)= 1.315E-01     K-B(W)= 1.490E-01     K-W(B)= 1.088E+00     XAC/C-B(W)= 8.728E-01
0          CLA-B(H)= 3.526E-03     CLA-H(B)= 1.560E-02     K-B(H)= 2.760E-01     K-H(B)= 1.221E+00     XAC/C-B(H)= 5.441E-01
1                             AUTOMATED STABILITY AND CONTROL METHODS PER APRIL 1976 VERSION OF DATCOM
                                             CONFIGURATION AUXILIARY AND PARTIAL OUTPUT
                                        WING-BODY-VERTICAL TAIL-HORIZONTAL TAIL CONFIGURATION
                                               B738 M072 CLEAN CRUISE FULL AIRCRAFT
 -----------------------  FLIGHT CONDITIONS  ------------------------           --------------  REFERENCE DIMENSIONS  ------------
  MACH    ALTITUDE   VELOCITY    PRESSURE    TEMPERATURE     REYNOLDS             REF.      REFERENCE LENGTH   MOMENT REF. CENTER
 NUMBER                                                       NUMBER              AREA       LONG.     LAT.     HORIZ      VERT
              M        M/SEC      N/ M**2       DEG K         1/ M                M**2         M         M         M         M
0 0.720    9144.00     218.30   3.0148E+04     228.799     6.7059E+06           124.583      3.958    34.315    17.000     0.000


                                                      *** WING DATA FAIRING ***
                                       CDL/CL**2 = 0.2206E+00     CLB/CL = 0.5381E-02
            FORCE BREAK MACH NUMBER (ZERO SWEEP) = 0.8130E+00     FORCE BREAK MACH NUMBER (WITH SWEEP) = 0.8391E+00
                      MACH(A) = 0.909     CLA(A) = 0.4679E-01     MACH(B) = 0.979     CLA(B) = 0.1014E+00
                                                (CLB/CL)M=0.6 = 0.5572E-02     (CLB/CL)M=1.4 = 0.1000E-29

                                                  LIFT-CURVE-SLOPE INTERPOLATION TABLE
                                                      MACH               CL-ALPHA
                                                     0.720               0.1209E+00
                                                     0.839               0.1193E+00
                                                     0.909               0.4679E-01
                                                     0.979               0.1014E+00
                                                     1.400               0.9447E-01


                                                   *** WING-BODY DATA FAIRING ***
            CLB/CL =        NaN     (CLB/CL)MFB =-0.1286E-02     (CLB/CL)M=1.4 = 0.1000E-29     (CNA)M=1.4 =        NaN




                                                   *** HORIZONTAL TAIL DATA FAIRING ***
                                       CDL/CL**2 = 0.3107E+00     CLB/CL = 0.9830E-03
            FORCE BREAK MACH NUMBER (ZERO SWEEP) = 0.8039E+00     FORCE BREAK MACH NUMBER (WITH SWEEP) = 0.8351E+00
                      MACH(A) = 0.905     CLA(A) = 0.4538E-02     MACH(B) = 0.975     CLA(B) = 0.1085E-01
                                                (CLB/CL)M=0.6 = 0.1010E-02     (CLB/CL)M=1.4 = 0.1000E-29

                                                  LIFT-CURVE-SLOPE INTERPOLATION TABLE
                                                      MACH               CL-ALPHA
                                                     0.720               0.1278E-01
                                                     0.835               0.1276E-01
                                                     0.905               0.4538E-02
                                                     0.975               0.1085E-01
                                                     1.400               0.9189E-02


                                              *** HORIZONTAL TAIL-BODY DATA FAIRING ***
            CLB/CL =        NaN     (CLB/CL)MFB = 0.3744E-02     (CLB/CL)M=1.4 = 0.1000E-29     (CNA)M=1.4 =        NaN




                                           *** BODY-WING-HORIZONTAL TAIL DATA FAIRING ***
                                                DRAG DIVERGENCE MACH NUMBER = 0.829
                                                      MACH                 CDO
                                                     0.600               0.1806E-01
                                                     0.700               0.1844E-01
                                                     1.100                 Infinity
                                                     1.400                 Infinity
1
 WARNING*** BODY ALONE DYNAMIC DERIVATIVE METHOD VALID FOR NOSE CYLINDER ONLY
            TAIL EFFECTS IGNORED]
1                               AUTOMATED STABILITY AND CONTROL METHODS PER APRIL 1976 VERSION OF DATCOM
                                         CHARACTERISTICS AT ANGLE OF ATTACK AND IN SIDESLIP
                                        WING-BODY-VERTICAL TAIL-HORIZONTAL TAIL CONFIGURATION
                                               B738 M072 CLEAN CRUISE FULL AIRCRAFT
 
 -----------------------  FLIGHT CONDITIONS  ------------------------           --------------  REFERENCE DIMENSIONS  ------------
  MACH    ALTITUDE   VELOCITY    PRESSURE    TEMPERATURE     REYNOLDS             REF.      REFERENCE LENGTH   MOMENT REF. CENTER
 NUMBER                                                       NUMBER              AREA       LONG.     LAT.     HORIZ      VERT
              M        M/SEC      N/ M**2       DEG K         1/ M                M**2         M         M         M         M
0 0.720   10668.00     213.54   2.3909E+04     218.924     5.6395E+06           124.583      3.958    34.315    17.000     0.000
0                                                               -------------------DERIVATIVE (PER RADIAN)-------------------
0 ALPHA     CD       CL       CM       CN       CA       XCP        CLA          CMA          CYB          CNB          CLB
0
   -6.0    0.019    NDM       NDM     NDM      NDM        NaN          NaN          NaN      NDM          NDM          NDM 
   -4.0                                                                                                                NDM 
   -2.0                                                                                                                NDM 
    0.0                                                                                                                NDM 
    2.0                                                                                                                NDM 
    4.0                                                                                                                NDM 
    6.0                                                                                                                NDM 
    8.0                                                                                                                NDM 
   10.0                                                                                                                NDM 
   12.0                                                                                                                NDM 
   14.0                                                                                                                NDM 
   16.0                                                                                                                NDM 
0                                    ALPHA     Q/QINF    EPSLON  D(EPSLON)/D(ALPHA)
0
                                     -6.0      0.995      0.000        0.599
                                     -4.0                                  
                                     -2.0                                  
                                      0.0                                  
                                      2.0                                  
                                      4.0                                  
                                      6.0                                  
                                      8.0                                  
                                     10.0                                  
                                     12.0                                  
                                     14.0                                  
                                     16.0                                  
0*** NDM PRINTED WHEN NO DATCOM METHODS EXIST
1                               AUTOMATED STABILITY AND CONTROL METHODS PER APRIL 1976 VERSION OF DATCOM
                                                         DYNAMIC DERIVATIVES
                                        WING-BODY-VERTICAL TAIL-HORIZONTAL TAIL CONFIGURATION
                                               B738 M072 CLEAN CRUISE FULL AIRCRAFT
 
 -----------------------  FLIGHT CONDITIONS  ------------------------           --------------  REFERENCE DIMENSIONS  ------------
  MACH    ALTITUDE   VELOCITY    PRESSURE    TEMPERATURE     REYNOLDS             REF.      REFERENCE LENGTH   MOMENT REF. CENTER
 NUMBER                                                       NUMBER              AREA       LONG.     LAT.     HORIZ      VERT
              M        M/SEC      N/ M**2       DEG K         1/ M                M**2         M         M         M         M
0 0.720   10668.00     213.54   2.3909E+04     218.924     5.6395E+06           124.583      3.958    34.315    17.000     0.000
                                                    DYNAMIC DERIVATIVES (PER RADIAN)
0           -------PITCHING-------    -----ACCELERATION------    --------------ROLLING--------------    --------YAWING--------
0   ALPHA       CLQ          CMQ           CLAD         CMAD         CLP          CYP          CNP          CNR          CLR
0
    -6.00          NaN          NaN     6.450E+00   -3.183E+01      NDM          NDM          NDM          NDM          NDM 
    -4.00                                                           NDM          NDM          NDM          NDM          NDM 
    -2.00                                                           NDM          NDM          NDM          NDM          NDM 
     0.00                                                           NDM          NDM          NDM          NDM          NDM 
     2.00                                                           NDM          NDM          NDM          NDM          NDM 
     4.00                                                           NDM          NDM          NDM          NDM          NDM 
     6.00                                                           NDM          NDM          NDM          NDM          NDM 
     8.00                                                           NDM          NDM          NDM          NDM          NDM 
    10.00                                                           NDM          NDM          NDM          NDM          NDM 
    12.00                                                           NDM          NDM          NDM          NDM          NDM 
    14.00                                                           NDM          NDM          NDM          NDM          NDM 
    16.00                                                           NDM          NDM          NDM          NDM          NDM 
0*** NDM PRINTED WHEN NO DATCOM METHODS EXIST
1                             AUTOMATED STABILITY AND CONTROL METHODS PER APRIL 1976 VERSION OF DATCOM
                                             CONFIGURATION AUXILIARY AND PARTIAL OUTPUT
                                        WING-BODY-VERTICAL TAIL-HORIZONTAL TAIL CONFIGURATION
                                               B738 M072 CLEAN CRUISE FULL AIRCRAFT
 -----------------------  FLIGHT CONDITIONS  ------------------------           --------------  REFERENCE DIMENSIONS  ------------
  MACH    ALTITUDE   VELOCITY    PRESSURE    TEMPERATURE     REYNOLDS             REF.      REFERENCE LENGTH   MOMENT REF. CENTER
 NUMBER                                                       NUMBER              AREA       LONG.     LAT.     HORIZ      VERT
              M        M/SEC      N/ M**2       DEG K         1/ M                M**2         M         M         M         M
0 0.720   10668.00     213.54   2.3909E+04     218.924     5.6395E+06           124.583      3.958    34.315    17.000     0.000


                                                       BASIC BODY PROPERTIES

            WETTED AREA      XCG     ZCG     BASE AREA     ZERO LIFT DRAG   BASE DRAG   FRICTION DRAG   PRESSURE DRAG
             0.3942E+03    17.00    0.00       3.5622        0.8032E-02    0.1772E-02    0.5750E-02      0.5098E-03


                                         XCG RELATIVE TO THEORETICAL LEADING EDGE MAC=  -0.60


                                                       BASIC PLANFORM PROPERTIES

                                    TAPER     ASPECT   QUARTER CHORD             QUARTER CHORD              ZERO LIFT    FRICTION
                         AREA       RATIO      RATIO       SWEEP        MAC        X(MAC)       Y(MAC)        DRAG     COEFFICIENT
0      WING
   TOTAL THEORITICAL
+                     0.2280E+03    0.159    0.5164E+01    25.020    0.678E+01    0.193E+02    0.797E+01                       
       TOTAL EXPOSED
+                     0.1989E+03    0.164    0.4695E+01    25.020    0.664E+01    0.198E+02    0.900E+01    0.863E-02    0.236E-02
0  HORIZONTAL TAIL
   TOTAL THEORITICAL
+                     0.3278E+02    0.203    0.6281E+01    30.000    0.262E+01    0.364E+02    0.280E+01                       
       TOTAL EXPOSED
+                     0.2002E+02    0.256    0.5611E+01    30.000    0.211E+01    0.371E+02    0.400E+01    0.104E-02    0.282E-02
0   VERTICAL TAIL
   TOTAL THEORITICAL
+                     0.2644E+02    0.271    0.1941E+01    35.000    0.410E+01    0.356E+02    0.522E+01                       
       TOTAL EXPOSED
+                     0.2218E+02    0.294    0.1847E+01    35.000    0.381E+01    0.359E+02    0.338E+01      NA           NA  
0*** NA PRINTED WHEN METHOD NOT APPLICABLE
1                             AUTOMATED STABILITY AND CONTROL METHODS PER APRIL 1976 VERSION OF DATCOM
                                             CONFIGURATION AUXILIARY AND PARTIAL OUTPUT
                                        WING-BODY-VERTICAL TAIL-HORIZONTAL TAIL CONFIGURATION
                                               B738 M072 CLEAN CRUISE FULL AIRCRAFT
 -----------------------  FLIGHT CONDITIONS  ------------------------           --------------  REFERENCE DIMENSIONS  ------------
  MACH    ALTITUDE   VELOCITY    PRESSURE    TEMPERATURE     REYNOLDS             REF.      REFERENCE LENGTH   MOMENT REF. CENTER
 NUMBER                                                       NUMBER              AREA       LONG.     LAT.     HORIZ      VERT
              M        M/SEC      N/ M**2       DEG K         1/ M                M**2         M         M         M         M
0 0.720   10668.00     213.54   2.3909E+04     218.924     5.6395E+06           124.583      3.958    34.315    17.000     0.000
0          CLA-B(W)= 1.801E-02     CLA-W(B)= 1.315E-01     K-B(W)= 1.490E-01     K-W(B)= 1.088E+00     XAC/C-B(W)= 8.728E-01
0          CLA-B(H)= 3.526E-03     CLA-H(B)= 1.560E-02     K-B(H)= 2.760E-01     K-H(B)= 1.221E+00     XAC/C-B(H)= 5.441E-01
1                             AUTOMATED STABILITY AND CONTROL METHODS PER APRIL 1976 VERSION OF DATCOM
                                             CONFIGURATION AUXILIARY AND PARTIAL OUTPUT
                                        WING-BODY-VERTICAL TAIL-HORIZONTAL TAIL CONFIGURATION
                                               B738 M072 CLEAN CRUISE FULL AIRCRAFT
 -----------------------  FLIGHT CONDITIONS  ------------------------           --------------  REFERENCE DIMENSIONS  ------------
  MACH    ALTITUDE   VELOCITY    PRESSURE    TEMPERATURE     REYNOLDS             REF.      REFERENCE LENGTH   MOMENT REF. CENTER
 NUMBER                                                       NUMBER              AREA       LONG.     LAT.     HORIZ      VERT
              M        M/SEC      N/ M**2       DEG K         1/ M                M**2         M         M         M         M
0 0.720   10668.00     213.54   2.3909E+04     218.924     5.6395E+06           124.583      3.958    34.315    17.000     0.000


                                                      *** WING DATA FAIRING ***
                                       CDL/CL**2 = 0.2206E+00     CLB/CL = 0.5381E-02
            FORCE BREAK MACH NUMBER (ZERO SWEEP) = 0.8130E+00     FORCE BREAK MACH NUMBER (WITH SWEEP) = 0.8391E+00
                      MACH(A) = 0.909     CLA(A) = 0.4679E-01     MACH(B) = 0.979     CLA(B) = 0.1014E+00
                                                (CLB/CL)M=0.6 = 0.5572E-02     (CLB/CL)M=1.4 = 0.1000E-29

                                                  LIFT-CURVE-SLOPE INTERPOLATION TABLE
                                                      MACH               CL-ALPHA
                                                     0.720               0.1209E+00
                                                     0.839               0.1193E+00
                                                     0.909               0.4679E-01
                                                     0.979               0.1014E+00
                                                     1.400               0.9447E-01


                                                   *** WING-BODY DATA FAIRING ***
            CLB/CL =        NaN     (CLB/CL)MFB =-0.1286E-02     (CLB/CL)M=1.4 = 0.1000E-29     (CNA)M=1.4 =        NaN




                                                   *** HORIZONTAL TAIL DATA FAIRING ***
                                       CDL/CL**2 = 0.3107E+00     CLB/CL = 0.9830E-03
            FORCE BREAK MACH NUMBER (ZERO SWEEP) = 0.8039E+00     FORCE BREAK MACH NUMBER (WITH SWEEP) = 0.8351E+00
                      MACH(A) = 0.905     CLA(A) = 0.4538E-02     MACH(B) = 0.975     CLA(B) = 0.1085E-01
                                                (CLB/CL)M=0.6 = 0.1010E-02     (CLB/CL)M=1.4 = 0.1000E-29

                                                  LIFT-CURVE-SLOPE INTERPOLATION TABLE
                                                      MACH               CL-ALPHA
                                                     0.720               0.1278E-01
                                                     0.835               0.1276E-01
                                                     0.905               0.4538E-02
                                                     0.975               0.1085E-01
                                                     1.400               0.9189E-02


                                              *** HORIZONTAL TAIL-BODY DATA FAIRING ***
            CLB/CL =        NaN     (CLB/CL)MFB = 0.3744E-02     (CLB/CL)M=1.4 = 0.1000E-29     (CNA)M=1.4 =        NaN




                                           *** BODY-WING-HORIZONTAL TAIL DATA FAIRING ***
                                                DRAG DIVERGENCE MACH NUMBER = 0.829
                                                      MACH                 CDO
                                                     0.600               0.1806E-01
                                                     0.700               0.1844E-01
                                                     1.100                 Infinity
                                                     1.400                 Infinity
1
 WARNING*** BODY ALONE DYNAMIC DERIVATIVE METHOD VALID FOR NOSE CYLINDER ONLY
            TAIL EFFECTS IGNORED]
1                               AUTOMATED STABILITY AND CONTROL METHODS PER APRIL 1976 VERSION OF DATCOM
                                         CHARACTERISTICS AT ANGLE OF ATTACK AND IN SIDESLIP
                                        WING-BODY-VERTICAL TAIL-HORIZONTAL TAIL CONFIGURATION
                                               B738 M072 CLEAN CRUISE FULL AIRCRAFT
 
 -----------------------  FLIGHT CONDITIONS  ------------------------           --------------  REFERENCE DIMENSIONS  ------------
  MACH    ALTITUDE   VELOCITY    PRESSURE    TEMPERATURE     REYNOLDS             REF.      REFERENCE LENGTH   MOMENT REF. CENTER
 NUMBER                                                       NUMBER              AREA       LONG.     LAT.     HORIZ      VERT
              M        M/SEC      N/ M**2       DEG K         1/ M                M**2         M         M         M         M
0 0.720   11887.20     212.43   1.9746E+04     216.650     4.7230E+06           124.583      3.958    34.315    17.000     0.000
0                                                               -------------------DERIVATIVE (PER RADIAN)-------------------
0 ALPHA     CD       CL       CM       CN       CA       XCP        CLA          CMA          CYB          CNB          CLB
0
   -6.0    0.019    NDM       NDM     NDM      NDM        NaN          NaN          NaN      NDM          NDM          NDM 
   -4.0                                                                                                                NDM 
   -2.0                                                                                                                NDM 
    0.0                                                                                                                NDM 
    2.0                                                                                                                NDM 
    4.0                                                                                                                NDM 
    6.0                                                                                                                NDM 
    8.0                                                                                                                NDM 
   10.0                                                                                                                NDM 
   12.0                                                                                                                NDM 
   14.0                                                                                                                NDM 
   16.0                                                                                                                NDM 
0                                    ALPHA     Q/QINF    EPSLON  D(EPSLON)/D(ALPHA)
0
                                     -6.0      0.988      0.000        0.599
                                     -4.0                                  
                                     -2.0                                  
                                      0.0                                  
                                      2.0                                  
                                      4.0                                  
                                      6.0                                  
                                      8.0                                  
                                     10.0                                  
                                     12.0                                  
                                     14.0                                  
                                     16.0                                  
0*** NDM PRINTED WHEN NO DATCOM METHODS EXIST
1                               AUTOMATED STABILITY AND CONTROL METHODS PER APRIL 1976 VERSION OF DATCOM
                                                         DYNAMIC DERIVATIVES
                                        WING-BODY-VERTICAL TAIL-HORIZONTAL TAIL CONFIGURATION
                                               B738 M072 CLEAN CRUISE FULL AIRCRAFT
 
 -----------------------  FLIGHT CONDITIONS  ------------------------           --------------  REFERENCE DIMENSIONS  ------------
  MACH    ALTITUDE   VELOCITY    PRESSURE    TEMPERATURE     REYNOLDS             REF.      REFERENCE LENGTH   MOMENT REF. CENTER
 NUMBER                                                       NUMBER              AREA       LONG.     LAT.     HORIZ      VERT
              M        M/SEC      N/ M**2       DEG K         1/ M                M**2         M         M         M         M
0 0.720   11887.20     212.43   1.9746E+04     216.650     4.7230E+06           124.583      3.958    34.315    17.000     0.000
                                                    DYNAMIC DERIVATIVES (PER RADIAN)
0           -------PITCHING-------    -----ACCELERATION------    --------------ROLLING--------------    --------YAWING--------
0   ALPHA       CLQ          CMQ           CLAD         CMAD         CLP          CYP          CNP          CNR          CLR
0
    -6.00          NaN          NaN     6.408E+00   -3.163E+01      NDM          NDM          NDM          NDM          NDM 
    -4.00                                                           NDM          NDM          NDM          NDM          NDM 
    -2.00                                                           NDM          NDM          NDM          NDM          NDM 
     0.00                                                           NDM          NDM          NDM          NDM          NDM 
     2.00                                                           NDM          NDM          NDM          NDM          NDM 
     4.00                                                           NDM          NDM          NDM          NDM          NDM 
     6.00                                                           NDM          NDM          NDM          NDM          NDM 
     8.00                                                           NDM          NDM          NDM          NDM          NDM 
    10.00                                                           NDM          NDM          NDM          NDM          NDM 
    12.00                                                           NDM          NDM          NDM          NDM          NDM 
    14.00                                                           NDM          NDM          NDM          NDM          NDM 
    16.00                                                           NDM          NDM          NDM          NDM          NDM 
0*** NDM PRINTED WHEN NO DATCOM METHODS EXIST
1                             AUTOMATED STABILITY AND CONTROL METHODS PER APRIL 1976 VERSION OF DATCOM
                                             CONFIGURATION AUXILIARY AND PARTIAL OUTPUT
                                        WING-BODY-VERTICAL TAIL-HORIZONTAL TAIL CONFIGURATION
                                               B738 M072 CLEAN CRUISE FULL AIRCRAFT
 -----------------------  FLIGHT CONDITIONS  ------------------------           --------------  REFERENCE DIMENSIONS  ------------
  MACH    ALTITUDE   VELOCITY    PRESSURE    TEMPERATURE     REYNOLDS             REF.      REFERENCE LENGTH   MOMENT REF. CENTER
 NUMBER                                                       NUMBER              AREA       LONG.     LAT.     HORIZ      VERT
              M        M/SEC      N/ M**2       DEG K         1/ M                M**2         M         M         M         M
0 0.720   11887.20     212.43   1.9746E+04     216.650     4.7230E+06           124.583      3.958    34.315    17.000     0.000


                                                       BASIC BODY PROPERTIES

            WETTED AREA      XCG     ZCG     BASE AREA     ZERO LIFT DRAG   BASE DRAG   FRICTION DRAG   PRESSURE DRAG
             0.3942E+03    17.00    0.00       3.5622        0.8174E-02    0.1749E-02    0.5901E-02      0.5233E-03


                                         XCG RELATIVE TO THEORETICAL LEADING EDGE MAC=  -0.60


                                                       BASIC PLANFORM PROPERTIES

                                    TAPER     ASPECT   QUARTER CHORD             QUARTER CHORD              ZERO LIFT    FRICTION
                         AREA       RATIO      RATIO       SWEEP        MAC        X(MAC)       Y(MAC)        DRAG     COEFFICIENT
0      WING
   TOTAL THEORITICAL
+                     0.2280E+03    0.159    0.5164E+01    25.020    0.678E+01    0.193E+02    0.797E+01                       
       TOTAL EXPOSED
+                     0.1989E+03    0.164    0.4695E+01    25.020    0.664E+01    0.198E+02    0.900E+01    0.886E-02    0.243E-02
0  HORIZONTAL TAIL
   TOTAL THEORITICAL
+                     0.3278E+02    0.203    0.6281E+01    30.000    0.262E+01    0.364E+02    0.280E+01                       
       TOTAL EXPOSED
+                     0.2002E+02    0.256    0.5611E+01    30.000    0.211E+01    0.371E+02    0.400E+01    0.107E-02    0.290E-02
0   VERTICAL TAIL
   TOTAL THEORITICAL
+                     0.2644E+02    0.271    0.1941E+01    35.000    0.410E+01    0.356E+02    0.522E+01                       
       TOTAL EXPOSED
+                     0.2218E+02    0.294    0.1847E+01    35.000    0.381E+01    0.359E+02    0.338E+01      NA           NA  
0*** NA PRINTED WHEN METHOD NOT APPLICABLE
1                             AUTOMATED STABILITY AND CONTROL METHODS PER APRIL 1976 VERSION OF DATCOM
                                             CONFIGURATION AUXILIARY AND PARTIAL OUTPUT
                                        WING-BODY-VERTICAL TAIL-HORIZONTAL TAIL CONFIGURATION
                                               B738 M072 CLEAN CRUISE FULL AIRCRAFT
 -----------------------  FLIGHT CONDITIONS  ------------------------           --------------  REFERENCE DIMENSIONS  ------------
  MACH    ALTITUDE   VELOCITY    PRESSURE    TEMPERATURE     REYNOLDS             REF.      REFERENCE LENGTH   MOMENT REF. CENTER
 NUMBER                                                       NUMBER              AREA       LONG.     LAT.     HORIZ      VERT
              M        M/SEC      N/ M**2       DEG K         1/ M                M**2         M         M         M         M
0 0.720   11887.20     212.43   1.9746E+04     216.650     4.7230E+06           124.583      3.958    34.315    17.000     0.000
0          CLA-B(W)= 1.801E-02     CLA-W(B)= 1.315E-01     K-B(W)= 1.490E-01     K-W(B)= 1.088E+00     XAC/C-B(W)= 8.728E-01
0          CLA-B(H)= 3.526E-03     CLA-H(B)= 1.560E-02     K-B(H)= 2.760E-01     K-H(B)= 1.221E+00     XAC/C-B(H)= 5.441E-01
1                             AUTOMATED STABILITY AND CONTROL METHODS PER APRIL 1976 VERSION OF DATCOM
                                             CONFIGURATION AUXILIARY AND PARTIAL OUTPUT
                                        WING-BODY-VERTICAL TAIL-HORIZONTAL TAIL CONFIGURATION
                                               B738 M072 CLEAN CRUISE FULL AIRCRAFT
 -----------------------  FLIGHT CONDITIONS  ------------------------           --------------  REFERENCE DIMENSIONS  ------------
  MACH    ALTITUDE   VELOCITY    PRESSURE    TEMPERATURE     REYNOLDS             REF.      REFERENCE LENGTH   MOMENT REF. CENTER
 NUMBER                                                       NUMBER              AREA       LONG.     LAT.     HORIZ      VERT
              M        M/SEC      N/ M**2       DEG K         1/ M                M**2         M         M         M         M
0 0.720   11887.20     212.43   1.9746E+04     216.650     4.7230E+06           124.583      3.958    34.315    17.000     0.000


                                                      *** WING DATA FAIRING ***
                                       CDL/CL**2 = 0.2206E+00     CLB/CL = 0.5381E-02
            FORCE BREAK MACH NUMBER (ZERO SWEEP) = 0.8130E+00     FORCE BREAK MACH NUMBER (WITH SWEEP) = 0.8391E+00
                      MACH(A) = 0.909     CLA(A) = 0.4679E-01     MACH(B) = 0.979     CLA(B) = 0.1014E+00
                                                (CLB/CL)M=0.6 = 0.5572E-02     (CLB/CL)M=1.4 = 0.1000E-29

                                                  LIFT-CURVE-SLOPE INTERPOLATION TABLE
                                                      MACH               CL-ALPHA
                                                     0.720               0.1209E+00
                                                     0.839               0.1193E+00
                                                     0.909               0.4679E-01
                                                     0.979               0.1014E+00
                                                     1.400               0.9447E-01


                                                   *** WING-BODY DATA FAIRING ***
            CLB/CL =        NaN     (CLB/CL)MFB =-0.1286E-02     (CLB/CL)M=1.4 = 0.1000E-29     (CNA)M=1.4 =        NaN




                                                   *** HORIZONTAL TAIL DATA FAIRING ***
                                       CDL/CL**2 = 0.3107E+00     CLB/CL = 0.9830E-03
            FORCE BREAK MACH NUMBER (ZERO SWEEP) = 0.8039E+00     FORCE BREAK MACH NUMBER (WITH SWEEP) = 0.8351E+00
                      MACH(A) = 0.905     CLA(A) = 0.4538E-02     MACH(B) = 0.975     CLA(B) = 0.1085E-01
                                                (CLB/CL)M=0.6 = 0.1010E-02     (CLB/CL)M=1.4 = 0.1000E-29

                                                  LIFT-CURVE-SLOPE INTERPOLATION TABLE
                                                      MACH               CL-ALPHA
                                                     0.720               0.1278E-01
                                                     0.835               0.1276E-01
                                                     0.905               0.4538E-02
                                                     0.975               0.1085E-01
                                                     1.400               0.9189E-02


                                              *** HORIZONTAL TAIL-BODY DATA FAIRING ***
            CLB/CL =        NaN     (CLB/CL)MFB = 0.3744E-02     (CLB/CL)M=1.4 = 0.1000E-29     (CNA)M=1.4 =        NaN




                                           *** BODY-WING-HORIZONTAL TAIL DATA FAIRING ***
                                                DRAG DIVERGENCE MACH NUMBER = 0.829
                                                      MACH                 CDO
                                                     0.600               0.1806E-01
                                                     0.700               0.1844E-01
                                                     1.100                 Infinity
                                                     1.400                 Infinity
1
 WARNING*** BODY ALONE DYNAMIC DERIVATIVE METHOD VALID FOR NOSE CYLINDER ONLY
            TAIL EFFECTS IGNORED]
1                               AUTOMATED STABILITY AND CONTROL METHODS PER APRIL 1976 VERSION OF DATCOM
                                         CHARACTERISTICS AT ANGLE OF ATTACK AND IN SIDESLIP
                                        WING-BODY-VERTICAL TAIL-HORIZONTAL TAIL CONFIGURATION
                                               B738 M072 CLEAN CRUISE FULL AIRCRAFT
 
 -----------------------  FLIGHT CONDITIONS  ------------------------           --------------  REFERENCE DIMENSIONS  ------------
  MACH    ALTITUDE   VELOCITY    PRESSURE    TEMPERATURE     REYNOLDS             REF.      REFERENCE LENGTH   MOMENT REF. CENTER
 NUMBER                                                       NUMBER              AREA       LONG.     LAT.     HORIZ      VERT
              M        M/SEC      N/ M**2       DEG K         1/ M                M**2         M         M         M         M
0 0.720   12496.80     212.43   1.7943E+04     216.650     4.2917E+06           124.583      3.958    34.315    17.000     0.000
0                                                               -------------------DERIVATIVE (PER RADIAN)-------------------
0 ALPHA     CD       CL       CM       CN       CA       XCP        CLA          CMA          CYB          CNB          CLB
0
   -6.0    0.019    NDM       NDM     NDM      NDM        NaN          NaN          NaN      NDM          NDM          NDM 
   -4.0                                                                                                                NDM 
   -2.0                                                                                                                NDM 
    0.0                                                                                                                NDM 
    2.0                                                                                                                NDM 
    4.0                                                                                                                NDM 
    6.0                                                                                                                NDM 
    8.0                                                                                                                NDM 
   10.0                                                                                                                NDM 
   12.0                                                                                                                NDM 
   14.0                                                                                                                NDM 
   16.0                                                                                                                NDM 
0                                    ALPHA     Q/QINF    EPSLON  D(EPSLON)/D(ALPHA)
0
                                     -6.0      0.984      0.000        0.599
                                     -4.0                                  
                                     -2.0                                  
                                      0.0                                  
                                      2.0                                  
                                      4.0                                  
                                      6.0                                  
                                      8.0                                  
                                     10.0                                  
                                     12.0                                  
                                     14.0                                  
                                     16.0                                  
0*** NDM PRINTED WHEN NO DATCOM METHODS EXIST
1                               AUTOMATED STABILITY AND CONTROL METHODS PER APRIL 1976 VERSION OF DATCOM
                                                         DYNAMIC DERIVATIVES
                                        WING-BODY-VERTICAL TAIL-HORIZONTAL TAIL CONFIGURATION
                                               B738 M072 CLEAN CRUISE FULL AIRCRAFT
 
 -----------------------  FLIGHT CONDITIONS  ------------------------           --------------  REFERENCE DIMENSIONS  ------------
  MACH    ALTITUDE   VELOCITY    PRESSURE    TEMPERATURE     REYNOLDS             REF.      REFERENCE LENGTH   MOMENT REF. CENTER
 NUMBER                                                       NUMBER              AREA       LONG.     LAT.     HORIZ      VERT
              M        M/SEC      N/ M**2       DEG K         1/ M                M**2         M         M         M         M
0 0.720   12496.80     212.43   1.7943E+04     216.650     4.2917E+06           124.583      3.958    34.315    17.000     0.000
                                                    DYNAMIC DERIVATIVES (PER RADIAN)
0           -------PITCHING-------    -----ACCELERATION------    --------------ROLLING--------------    --------YAWING--------
0   ALPHA       CLQ          CMQ           CLAD         CMAD         CLP          CYP          CNP          CNR          CLR
0
    -6.00          NaN          NaN     6.380E+00   -3.149E+01      NDM          NDM          NDM          NDM          NDM 
    -4.00                                                           NDM          NDM          NDM          NDM          NDM 
    -2.00                                                           NDM          NDM          NDM          NDM          NDM 
     0.00                                                           NDM          NDM          NDM          NDM          NDM 
     2.00                                                           NDM          NDM          NDM          NDM          NDM 
     4.00                                                           NDM          NDM          NDM          NDM          NDM 
     6.00                                                           NDM          NDM          NDM          NDM          NDM 
     8.00                                                           NDM          NDM          NDM          NDM          NDM 
    10.00                                                           NDM          NDM          NDM          NDM          NDM 
    12.00                                                           NDM          NDM          NDM          NDM          NDM 
    14.00                                                           NDM          NDM          NDM          NDM          NDM 
    16.00                                                           NDM          NDM          NDM          NDM          NDM 
0*** NDM PRINTED WHEN NO DATCOM METHODS EXIST
1                             AUTOMATED STABILITY AND CONTROL METHODS PER APRIL 1976 VERSION OF DATCOM
                                             CONFIGURATION AUXILIARY AND PARTIAL OUTPUT
                                        WING-BODY-VERTICAL TAIL-HORIZONTAL TAIL CONFIGURATION
                                               B738 M072 CLEAN CRUISE FULL AIRCRAFT
 -----------------------  FLIGHT CONDITIONS  ------------------------           --------------  REFERENCE DIMENSIONS  ------------
  MACH    ALTITUDE   VELOCITY    PRESSURE    TEMPERATURE     REYNOLDS             REF.      REFERENCE LENGTH   MOMENT REF. CENTER
 NUMBER                                                       NUMBER              AREA       LONG.     LAT.     HORIZ      VERT
              M        M/SEC      N/ M**2       DEG K         1/ M                M**2         M         M         M         M
0 0.720   12496.80     212.43   1.7943E+04     216.650     4.2917E+06           124.583      3.958    34.315    17.000     0.000


                                                       BASIC BODY PROPERTIES

            WETTED AREA      XCG     ZCG     BASE AREA     ZERO LIFT DRAG   BASE DRAG   FRICTION DRAG   PRESSURE DRAG
             0.3942E+03    17.00    0.00       3.5622        0.8253E-02    0.1737E-02    0.5985E-02      0.5307E-03


                                         XCG RELATIVE TO THEORETICAL LEADING EDGE MAC=  -0.60


                                                       BASIC PLANFORM PROPERTIES

                                    TAPER     ASPECT   QUARTER CHORD             QUARTER CHORD              ZERO LIFT    FRICTION
                         AREA       RATIO      RATIO       SWEEP        MAC        X(MAC)       Y(MAC)        DRAG     COEFFICIENT
0      WING
   TOTAL THEORITICAL
+                     0.2280E+03    0.159    0.5164E+01    25.020    0.678E+01    0.193E+02    0.797E+01                       
       TOTAL EXPOSED
+                     0.1989E+03    0.164    0.4695E+01    25.020    0.664E+01    0.198E+02    0.900E+01    0.899E-02    0.246E-02
0  HORIZONTAL TAIL
   TOTAL THEORITICAL
+                     0.3278E+02    0.203    0.6281E+01    30.000    0.262E+01    0.364E+02    0.280E+01                       
       TOTAL EXPOSED
+                     0.2002E+02    0.256    0.5611E+01    30.000    0.211E+01    0.371E+02    0.400E+01    0.108E-02    0.294E-02
0   VERTICAL TAIL
   TOTAL THEORITICAL
+                     0.2644E+02    0.271    0.1941E+01    35.000    0.410E+01    0.356E+02    0.522E+01                       
       TOTAL EXPOSED
+                     0.2218E+02    0.294    0.1847E+01    35.000    0.381E+01    0.359E+02    0.338E+01      NA           NA  
0*** NA PRINTED WHEN METHOD NOT APPLICABLE
1                             AUTOMATED STABILITY AND CONTROL METHODS PER APRIL 1976 VERSION OF DATCOM
                                             CONFIGURATION AUXILIARY AND PARTIAL OUTPUT
                                        WING-BODY-VERTICAL TAIL-HORIZONTAL TAIL CONFIGURATION
                                               B738 M072 CLEAN CRUISE FULL AIRCRAFT
 -----------------------  FLIGHT CONDITIONS  ------------------------           --------------  REFERENCE DIMENSIONS  ------------
  MACH    ALTITUDE   VELOCITY    PRESSURE    TEMPERATURE     REYNOLDS             REF.      REFERENCE LENGTH   MOMENT REF. CENTER
 NUMBER                                                       NUMBER              AREA       LONG.     LAT.     HORIZ      VERT
              M        M/SEC      N/ M**2       DEG K         1/ M                M**2         M         M         M         M
0 0.720   12496.80     212.43   1.7943E+04     216.650     4.2917E+06           124.583      3.958    34.315    17.000     0.000
0          CLA-B(W)= 1.801E-02     CLA-W(B)= 1.315E-01     K-B(W)= 1.490E-01     K-W(B)= 1.088E+00     XAC/C-B(W)= 8.728E-01
0          CLA-B(H)= 3.526E-03     CLA-H(B)= 1.560E-02     K-B(H)= 2.760E-01     K-H(B)= 1.221E+00     XAC/C-B(H)= 5.441E-01
1                             AUTOMATED STABILITY AND CONTROL METHODS PER APRIL 1976 VERSION OF DATCOM
                                             CONFIGURATION AUXILIARY AND PARTIAL OUTPUT
                                        WING-BODY-VERTICAL TAIL-HORIZONTAL TAIL CONFIGURATION
                                               B738 M072 CLEAN CRUISE FULL AIRCRAFT
 -----------------------  FLIGHT CONDITIONS  ------------------------           --------------  REFERENCE DIMENSIONS  ------------
  MACH    ALTITUDE   VELOCITY    PRESSURE    TEMPERATURE     REYNOLDS             REF.      REFERENCE LENGTH   MOMENT REF. CENTER
 NUMBER                                                       NUMBER              AREA       LONG.     LAT.     HORIZ      VERT
              M        M/SEC      N/ M**2       DEG K         1/ M                M**2         M         M         M         M
0 0.720   12496.80     212.43   1.7943E+04     216.650     4.2917E+06           124.583      3.958    34.315    17.000     0.000


                                                      *** WING DATA FAIRING ***
                                       CDL/CL**2 = 0.2206E+00     CLB/CL = 0.5381E-02
            FORCE BREAK MACH NUMBER (ZERO SWEEP) = 0.8130E+00     FORCE BREAK MACH NUMBER (WITH SWEEP) = 0.8391E+00
                      MACH(A) = 0.909     CLA(A) = 0.4679E-01     MACH(B) = 0.979     CLA(B) = 0.1014E+00
                                                (CLB/CL)M=0.6 = 0.5572E-02     (CLB/CL)M=1.4 = 0.1000E-29

                                                  LIFT-CURVE-SLOPE INTERPOLATION TABLE
                                                      MACH               CL-ALPHA
                                                     0.720               0.1209E+00
                                                     0.839               0.1193E+00
                                                     0.909               0.4679E-01
                                                     0.979               0.1014E+00
                                                     1.400               0.9447E-01


                                                   *** WING-BODY DATA FAIRING ***
            CLB/CL =        NaN     (CLB/CL)MFB =-0.1286E-02     (CLB/CL)M=1.4 = 0.1000E-29     (CNA)M=1.4 =        NaN




                                                   *** HORIZONTAL TAIL DATA FAIRING ***
                                       CDL/CL**2 = 0.3107E+00     CLB/CL = 0.9830E-03
            FORCE BREAK MACH NUMBER (ZERO SWEEP) = 0.8039E+00     FORCE BREAK MACH NUMBER (WITH SWEEP) = 0.8351E+00
                      MACH(A) = 0.905     CLA(A) = 0.4538E-02     MACH(B) = 0.975     CLA(B) = 0.1085E-01
                                                (CLB/CL)M=0.6 = 0.1010E-02     (CLB/CL)M=1.4 = 0.1000E-29

                                                  LIFT-CURVE-SLOPE INTERPOLATION TABLE
                                                      MACH               CL-ALPHA
                                                     0.720               0.1278E-01
                                                     0.835               0.1276E-01
                                                     0.905               0.4538E-02
                                                     0.975               0.1085E-01
                                                     1.400               0.9189E-02


                                              *** HORIZONTAL TAIL-BODY DATA FAIRING ***
            CLB/CL =        NaN     (CLB/CL)MFB = 0.3744E-02     (CLB/CL)M=1.4 = 0.1000E-29     (CNA)M=1.4 =        NaN




                                           *** BODY-WING-HORIZONTAL TAIL DATA FAIRING ***
                                                DRAG DIVERGENCE MACH NUMBER = 0.829
                                                      MACH                 CDO
                                                     0.600               0.1806E-01
                                                     0.700               0.1844E-01
                                                     1.100                 Infinity
                                                     1.400                 Infinity
1
 Return to main program from M57O71
1          THE FOLLOWING IS A LIST OF ALL INPUT CARDS FOR THIS CASE.
0
 CASEID B738 M072 ELEVATOR FULL AIRCRAFT                                         
 DIM M                                                                           
 DERIV RAD                                                                       
  $FLTCON                                                                        
   LOOP=3.0,                                                                     
   NMACH=1.0,                                                                    
   MACH(1)=0.72,                                                                 
   NALT=10.0,                                                                    
   ALT(1)=0.0,1524.0,3048.0,4572.0,6096.0,                                       
   ALT(6)=7620.0,9144.0,10668.0,11887.2,12496.8,                                 
   NALPHA=12.0,                                                                  
   ALSCHD(1)=-6.0,-4.0,-2.0,0.0,2.0,4.0,                                         
   ALSCHD(7)=6.0,8.0,10.0,12.0,14.0,16.0$                                        
  $OPTINS                                                                        
   SREF=124.583,CBARR=3.9576,BLREF=34.3154$                                      
  $SYNTHS                                                                        
   XCG=17.000,ZCG=0.000,XW=13.610,ZW=-1.270,ALIW=1.000,                          
   XH=33.800,ZH=1.890,ALIH=0.000,XV=32.130,ZV=2.320,                             
   SCALE=1.000,VERTUP=.TRUE.$                                                    
  $BODY                                                                          
   NX=15.0,BNOSE=2.0,BTAIL=2.0,BLA=20.0,                                         
   X(1)=0.0000,0.4206,1.4722,2.1031,2.7341,                                      
   X(6)=4.2062,8.4125,16.8250,27.2796,30.4495,                                   
   X(11)=31.4858,33.5890,35.6921,37.7952,38.0086,                                
   ZU(1)=0.2103,0.6309,1.0516,1.3350,1.7892,                                     
   ZU(6)=2.1031,2.5237,2.5237,2.5237,2.5237,                                     
   ZU(11)=2.5237,2.4201,2.3134,2.2860,2.1031,                                    
   ZL(1)=-0.1067,-0.5273,-1.0516,-1.1582,-1.2619,                                
   ZL(6)=-1.3686,-1.4722,-1.4722,-1.4722,-1.0516,                                
   ZL(11)=-0.8412,-0.2469,0.3170,1.2619,1.8928,                                  
   S(1)=0.0511,0.7646,2.6840,4.1165,6.0443,                                      
   S(6)=8.6056,11.8739,11.8739,11.8739,10.0437,                                  
   S(11)=8.8890,5.2843,2.6375,0.3382,0.0102$                                     
  $WGPLNF                                                                        
   CHRDR=7.8770,CHRDBP=5.7117,CHRDTP=1.2510,                                     
   SSPN=17.1577,SSPNE=15.2800,SSPNOP=0.7750,                                     
   SAVSI=25.020,SAVSO=25.020,CHSTAT=0.250,TWISTA=0.000,                          
   DHDADI=6.000,DHDADO=6.000,TYPE=1.000$                                         
 NACA-W-6-64A412                                                                 
  $VTPLNF                                                                        
   CHRDR=5.8074,CHRDTP=1.5748,SSPN=7.1628,SSPNE=6.4000,                          
   SAVSI=35.000,CHSTAT=0.250,TWISTA=0.000,TYPE=1.000$                            
 NACA-V-4-0012                                                                   
  $HTPLNF                                                                        
   CHRDR=3.7980,CHRDTP=0.7710,SSPN=7.1750,SSPNE=5.3000,                          
   SAVSI=30.000,CHSTAT=0.250,TWISTA=0.000,DHDADI=7.000,                          
   TYPE=1.000$                                                                   
 NACA-H-4-0012                                                                   
  $SYMFLP                                                                        
   FTYPE=1.0,                                                                    
   NTYPE=1.0,                                                                    
   SPANFI=1.8750,                                                                
   SPANFO=6.8000,                                                                
   CHRDFI=0.9500,                                                                
   CHRDFO=0.3000,                                                                
   NDELTA=9.0,                                                                   
   DELTA(1)=-25.0,-20.0,-10.0,-5.0,0.0,                                          
   DELTA(6)=5.0,10.0,15.0,25.0$                                                  
 NEXT CASE                                                                       
0 INPUT DIMENSIONS ARE IN M , SCALE FACTOR IS 1.0000

 Return to main program from M01O01
1                             AUTOMATED STABILITY AND CONTROL METHODS PER APRIL 1976 VERSION OF DATCOM   
                                                        WING SECTION DEFINITION
0                                 IDEAL ANGLE OF ATTACK =   0.00000 DEG.

                              ZERO LIFT ANGLE OF ATTACK =  -3.09312 DEG.

                                 IDEAL LIFT COEFFICIENT =   0.40000

                  ZERO LIFT PITCHING MOMENT COEFFICIENT =  -0.08720

                             MACH ZERO LIFT-CURVE-SLOPE =   0.09654 /DEG.

                                    LEADING EDGE RADIUS =   0.00993 FRACTION CHORD

                              MAXIMUM AIRFOIL THICKNESS =   0.12000 FRACTION CHORD

                                                DELTA-Y =   2.46808 PERCENT CHORD


0                         MACH= 0.7200 LIFT-CURVE-SLOPE =   0.13034 /DEG.      XAC =   0.27651
1                             AUTOMATED STABILITY AND CONTROL METHODS PER APRIL 1976 VERSION OF DATCOM   
                                                   HORIZONTAL TAIL SECTION DEFINITION
0                                 IDEAL ANGLE OF ATTACK =   0.00000 DEG.

                              ZERO LIFT ANGLE OF ATTACK =   0.00000 DEG.

                                 IDEAL LIFT COEFFICIENT =   0.00000

                  ZERO LIFT PITCHING MOMENT COEFFICIENT =   0.00000

                             MACH ZERO LIFT-CURVE-SLOPE =   0.09596 /DEG.

                                    LEADING EDGE RADIUS =   0.01587 FRACTION CHORD

                              MAXIMUM AIRFOIL THICKNESS =   0.12000 FRACTION CHORD

                                                DELTA-Y =   3.16898 PERCENT CHORD


0                         MACH= 0.7200 LIFT-CURVE-SLOPE =   0.13190 /DEG.      XAC =   0.26399
1                             AUTOMATED STABILITY AND CONTROL METHODS PER APRIL 1976 VERSION OF DATCOM   
                                                    VERTICAL TAIL SECTION DEFINITION
0                                 IDEAL ANGLE OF ATTACK =   0.00000 DEG.

                              ZERO LIFT ANGLE OF ATTACK =   0.00000 DEG.

                                 IDEAL LIFT COEFFICIENT =   0.00000

                  ZERO LIFT PITCHING MOMENT COEFFICIENT =   0.00000

                             MACH ZERO LIFT-CURVE-SLOPE =   0.09596 /DEG.

                                    LEADING EDGE RADIUS =   0.01587 FRACTION CHORD

                              MAXIMUM AIRFOIL THICKNESS =   0.12000 FRACTION CHORD

                                                DELTA-Y =   3.16898 PERCENT CHORD


0                         MACH= 0.7200 LIFT-CURVE-SLOPE =   0.13190 /DEG.      XAC =   0.26399
 Return to main program from M50O62
 Return to main program from M02O02
 Return to main program from M51O63
   ********************************************************************************************************************************
   ********************************************************************************************************************************
   ********************************************************************************************************************************
   ********************************************************************************************************************************
   ********************************************************************************************************************************







        LATERAL STABILITY DERIVATIVES ARE DELETED BECAUSE ALL OR PART OF THE HORIZONTAL TAIL EXPOSED ROOT CHORD LIES OFF OF THE

        FUSELAGE. FOR THIS CASE THE NAMELIST HTPLNF PARAMETERS SHB, SEXT, AND RLPH MUST BE INPUT BY THE USER.







   ********************************************************************************************************************************
   ********************************************************************************************************************************
   ********************************************************************************************************************************
   ********************************************************************************************************************************
   ********************************************************************************************************************************
   ********************************************************************************************************************************
   ********************************************************************************************************************************
   ********************************************************************************************************************************
   ********************************************************************************************************************************
   ********************************************************************************************************************************







        LATERAL STABILITY DERIVATIVES ARE DELETED BECAUSE ALL OR PART OF THE HORIZONTAL TAIL EXPOSED ROOT CHORD LIES OFF OF THE

        FUSELAGE. FOR THIS CASE THE NAMELIST HTPLNF PARAMETERS SHB, SEXT, AND RLPH MUST BE INPUT BY THE USER.







   ********************************************************************************************************************************
   ********************************************************************************************************************************
   ********************************************************************************************************************************
   ********************************************************************************************************************************
   ********************************************************************************************************************************
1                               AUTOMATED STABILITY AND CONTROL METHODS PER APRIL 1976 VERSION OF DATCOM
                                         CHARACTERISTICS AT ANGLE OF ATTACK AND IN SIDESLIP
                                        WING-BODY-VERTICAL TAIL-HORIZONTAL TAIL CONFIGURATION
                                                 B738 M072 ELEVATOR FULL AIRCRAFT
 
 -----------------------  FLIGHT CONDITIONS  ------------------------           --------------  REFERENCE DIMENSIONS  ------------
  MACH    ALTITUDE   VELOCITY    PRESSURE    TEMPERATURE     REYNOLDS             REF.      REFERENCE LENGTH   MOMENT REF. CENTER
 NUMBER                                                       NUMBER              AREA       LONG.     LAT.     HORIZ      VERT
              M        M/SEC      N/ M**2       DEG K         1/ M                M**2         M         M         M         M
0 0.720       0.00     244.98   1.0133E+05     288.150     1.6697E+07           124.583      3.958    34.315    17.000     0.000
0                                                               -------------------DERIVATIVE (PER RADIAN)-------------------
0 ALPHA     CD       CL       CM       CN       CA       XCP        CLA          CMA          CYB          CNB          CLB
0
   -6.0    0.019    NDM       NDM     NDM      NDM        NaN          NaN          NaN      NDM          NDM          NDM 
   -4.0                                                                                                                NDM 
   -2.0                                                                                                                NDM 
    0.0                                                                                                                NDM 
    2.0                                                                                                                NDM 
    4.0                                                                                                                NDM 
    6.0                                                                                                                NDM 
    8.0                                                                                                                NDM 
   10.0                                                                                                                NDM 
   12.0                                                                                                                NDM 
   14.0                                                                                                                NDM 
   16.0                                                                                                                NDM 
0                                    ALPHA     Q/QINF    EPSLON  D(EPSLON)/D(ALPHA)
0
                                     -6.0      0.978      0.000        0.599
                                     -4.0                                  
                                     -2.0                                  
                                      0.0                                  
                                      2.0                                  
                                      4.0                                  
                                      6.0                                  
                                      8.0                                  
                                     10.0                                  
                                     12.0                                  
                                     14.0                                  
                                     16.0                                  
0*** NDM PRINTED WHEN NO DATCOM METHODS EXIST
1                             AUTOMATED STABILITY AND CONTROL METHODS PER APRIL 1976 VERSION OF DATCOM
                                             CONFIGURATION AUXILIARY AND PARTIAL OUTPUT
                                        WING-BODY-VERTICAL TAIL-HORIZONTAL TAIL CONFIGURATION
                                                 B738 M072 ELEVATOR FULL AIRCRAFT
 -----------------------  FLIGHT CONDITIONS  ------------------------           --------------  REFERENCE DIMENSIONS  ------------
  MACH    ALTITUDE   VELOCITY    PRESSURE    TEMPERATURE     REYNOLDS             REF.      REFERENCE LENGTH   MOMENT REF. CENTER
 NUMBER                                                       NUMBER              AREA       LONG.     LAT.     HORIZ      VERT
              M        M/SEC      N/ M**2       DEG K         1/ M                M**2         M         M         M         M
0 0.720       0.00     244.98   1.0133E+05     288.150     1.6697E+07           124.583      3.958    34.315    17.000     0.000


                                                       BASIC BODY PROPERTIES

            WETTED AREA      XCG     ZCG     BASE AREA     ZERO LIFT DRAG   BASE DRAG   FRICTION DRAG   PRESSURE DRAG
             0.3942E+03    17.00    0.00       3.5622        0.7324E-02    0.1905E-02    0.4978E-02      0.4414E-03


                                         XCG RELATIVE TO THEORETICAL LEADING EDGE MAC=  -0.60


                                                       BASIC PLANFORM PROPERTIES

                                    TAPER     ASPECT   QUARTER CHORD             QUARTER CHORD              ZERO LIFT    FRICTION
                         AREA       RATIO      RATIO       SWEEP        MAC        X(MAC)       Y(MAC)        DRAG     COEFFICIENT
0      WING
   TOTAL THEORITICAL
+                     0.2280E+03    0.159    0.5164E+01    25.020    0.678E+01    0.193E+02    0.797E+01                       
       TOTAL EXPOSED
+                     0.1989E+03    0.164    0.4695E+01    25.020    0.664E+01    0.198E+02    0.900E+01    0.732E-02    0.200E-02
0  HORIZONTAL TAIL
   TOTAL THEORITICAL
+                     0.3278E+02    0.203    0.6281E+01    30.000    0.262E+01    0.364E+02    0.280E+01                       
       TOTAL EXPOSED
+                     0.2002E+02    0.256    0.5611E+01    30.000    0.211E+01    0.371E+02    0.400E+01    0.876E-03    0.238E-02
0   VERTICAL TAIL
   TOTAL THEORITICAL
+                     0.2644E+02    0.271    0.1941E+01    35.000    0.410E+01    0.356E+02    0.522E+01                       
       TOTAL EXPOSED
+                     0.2218E+02    0.294    0.1847E+01    35.000    0.381E+01    0.359E+02    0.338E+01      NA           NA  
0*** NA PRINTED WHEN METHOD NOT APPLICABLE
1                             AUTOMATED STABILITY AND CONTROL METHODS PER APRIL 1976 VERSION OF DATCOM
                                             CONFIGURATION AUXILIARY AND PARTIAL OUTPUT
                                        WING-BODY-VERTICAL TAIL-HORIZONTAL TAIL CONFIGURATION
                                                 B738 M072 ELEVATOR FULL AIRCRAFT
 -----------------------  FLIGHT CONDITIONS  ------------------------           --------------  REFERENCE DIMENSIONS  ------------
  MACH    ALTITUDE   VELOCITY    PRESSURE    TEMPERATURE     REYNOLDS             REF.      REFERENCE LENGTH   MOMENT REF. CENTER
 NUMBER                                                       NUMBER              AREA       LONG.     LAT.     HORIZ      VERT
              M        M/SEC      N/ M**2       DEG K         1/ M                M**2         M         M         M         M
0 0.720       0.00     244.98   1.0133E+05     288.150     1.6697E+07           124.583      3.958    34.315    17.000     0.000
0          CLA-B(W)= 1.801E-02     CLA-W(B)= 1.315E-01     K-B(W)= 1.490E-01     K-W(B)= 1.088E+00     XAC/C-B(W)= 8.728E-01
0          CLA-B(H)= 3.526E-03     CLA-H(B)= 1.560E-02     K-B(H)= 2.760E-01     K-H(B)= 1.221E+00     XAC/C-B(H)= 5.441E-01
1                             AUTOMATED STABILITY AND CONTROL METHODS PER APRIL 1976 VERSION OF DATCOM
                                             CONFIGURATION AUXILIARY AND PARTIAL OUTPUT
                                        WING-BODY-VERTICAL TAIL-HORIZONTAL TAIL CONFIGURATION
                                                 B738 M072 ELEVATOR FULL AIRCRAFT
 -----------------------  FLIGHT CONDITIONS  ------------------------           --------------  REFERENCE DIMENSIONS  ------------
  MACH    ALTITUDE   VELOCITY    PRESSURE    TEMPERATURE     REYNOLDS             REF.      REFERENCE LENGTH   MOMENT REF. CENTER
 NUMBER                                                       NUMBER              AREA       LONG.     LAT.     HORIZ      VERT
              M        M/SEC      N/ M**2       DEG K         1/ M                M**2         M         M         M         M
0 0.720       0.00     244.98   1.0133E+05     288.150     1.6697E+07           124.583      3.958    34.315    17.000     0.000


                                                      *** WING DATA FAIRING ***
                                       CDL/CL**2 = 0.2206E+00     CLB/CL = 0.5381E-02
            FORCE BREAK MACH NUMBER (ZERO SWEEP) = 0.8130E+00     FORCE BREAK MACH NUMBER (WITH SWEEP) = 0.8391E+00
                      MACH(A) = 0.909     CLA(A) = 0.4679E-01     MACH(B) = 0.979     CLA(B) = 0.1014E+00
                                                (CLB/CL)M=0.6 = 0.5572E-02     (CLB/CL)M=1.4 = 0.1000E-29

                                                  LIFT-CURVE-SLOPE INTERPOLATION TABLE
                                                      MACH               CL-ALPHA
                                                     0.720               0.1209E+00
                                                     0.839               0.1193E+00
                                                     0.909               0.4679E-01
                                                     0.979               0.1014E+00
                                                     1.400               0.9447E-01


                                                   *** WING-BODY DATA FAIRING ***
            CLB/CL =        NaN     (CLB/CL)MFB =-0.1286E-02     (CLB/CL)M=1.4 = 0.1000E-29     (CNA)M=1.4 =        NaN




                                                   *** HORIZONTAL TAIL DATA FAIRING ***
                                       CDL/CL**2 = 0.3107E+00     CLB/CL = 0.9830E-03
            FORCE BREAK MACH NUMBER (ZERO SWEEP) = 0.8039E+00     FORCE BREAK MACH NUMBER (WITH SWEEP) = 0.8351E+00
                      MACH(A) = 0.905     CLA(A) = 0.4538E-02     MACH(B) = 0.975     CLA(B) = 0.1085E-01
                                                (CLB/CL)M=0.6 = 0.1010E-02     (CLB/CL)M=1.4 = 0.1000E-29

                                                  LIFT-CURVE-SLOPE INTERPOLATION TABLE
                                                      MACH               CL-ALPHA
                                                     0.720               0.1278E-01
                                                     0.835               0.1276E-01
                                                     0.905               0.4538E-02
                                                     0.975               0.1085E-01
                                                     1.400               0.9189E-02


                                              *** HORIZONTAL TAIL-BODY DATA FAIRING ***
            CLB/CL =        NaN     (CLB/CL)MFB = 0.3744E-02     (CLB/CL)M=1.4 = 0.1000E-29     (CNA)M=1.4 =        NaN




                                           *** BODY-WING-HORIZONTAL TAIL DATA FAIRING ***
                                                DRAG DIVERGENCE MACH NUMBER = 0.829
                                                      MACH                 CDO
                                                     0.600               0.1806E-01
                                                     0.700               0.1844E-01
                                                     1.100                 Infinity
                                                     1.400                 Infinity
1
1                            AUTOMATED STABILITY AND CONTROL METHODS PER APRIL 1976 VERSION OF DATCOM
                                         CHARACTERISTICS OF HIGH LIFT AND CONTROL DEVICES
                                            TAIL PLAIN TRAILING-EDGE FLAP CONFIGURATION
                                                 B738 M072 ELEVATOR FULL AIRCRAFT
 -----------------------  FLIGHT CONDITIONS  ------------------------           --------------  REFERENCE DIMENSIONS  ------------
  MACH    ALTITUDE   VELOCITY    PRESSURE    TEMPERATURE     REYNOLDS             REF.      REFERENCE LENGTH   MOMENT REF. CENTER
 NUMBER                                                       NUMBER              AREA       LONG.     LAT.     HORIZ      VERT
              M        M/SEC      N/ M**2       DEG K         1/ M                M**2         M         M         M         M
0 0.720       0.00     244.98   4.4198E+01     933.606     1.5512E+06           124.583      3.958    34.315    17.000     0.000
0            ---------INCREMENTS DUE TO DEFLECTION---------              ---DERIVATIVES (PER DEGREE)---
0     DELTA     D(CL)     D(CM)    D(CL MAX)    D(CD MIN)                (CLA)D     (CH)A       (CH)D


      -25.0    -0.086      NDM       NDM          NDM                    NDM         NDM         NDM 
      -20.0    -0.082      NDM       NDM          NDM                    NDM                     NDM 
      -10.0    -0.052      NDM       NDM          NDM                    NDM                     NDM 
       -5.0    -0.026      NDM       NDM          NDM                    NDM                     NDM 
        0.0     0.000      NDM       NDM          NDM                    NDM                     NDM 
        5.0     0.026      NDM       NDM          NDM                    NDM                     NDM 
       10.0     0.052      NDM       NDM          NDM                    NDM                     NDM 
       15.0     0.075      NDM       NDM          NDM                    NDM                     NDM 
       25.0     0.086      NDM       NDM          NDM                    NDM                     NDM 
0***NDM PRINTED WHEN NO DATCOM METHODS EXIST
1                               AUTOMATED STABILITY AND CONTROL METHODS PER APRIL 1976 VERSION OF DATCOM
                                         CHARACTERISTICS AT ANGLE OF ATTACK AND IN SIDESLIP
                                        WING-BODY-VERTICAL TAIL-HORIZONTAL TAIL CONFIGURATION
                                                 B738 M072 ELEVATOR FULL AIRCRAFT
 
 -----------------------  FLIGHT CONDITIONS  ------------------------           --------------  REFERENCE DIMENSIONS  ------------
  MACH    ALTITUDE   VELOCITY    PRESSURE    TEMPERATURE     REYNOLDS             REF.      REFERENCE LENGTH   MOMENT REF. CENTER
 NUMBER                                                       NUMBER              AREA       LONG.     LAT.     HORIZ      VERT
              M        M/SEC      N/ M**2       DEG K         1/ M                M**2         M         M         M         M
0 0.720    1524.00     240.74   8.4311E+04     278.246     1.4529E+07           124.583      3.958    34.315    17.000     0.000
0                                                               -------------------DERIVATIVE (PER RADIAN)-------------------
0 ALPHA     CD       CL       CM       CN       CA       XCP        CLA          CMA          CYB          CNB          CLB
0
   -6.0    0.019    NDM       NDM     NDM      NDM        NaN          NaN          NaN      NDM          NDM          NDM 
   -4.0                                                                                                                NDM 
   -2.0                                                                                                                NDM 
    0.0                                                                                                                NDM 
    2.0                                                                                                                NDM 
    4.0                                                                                                                NDM 
    6.0                                                                                                                NDM 
    8.0                                                                                                                NDM 
   10.0                                                                                                                NDM 
   12.0                                                                                                                NDM 
   14.0                                                                                                                NDM 
   16.0                                                                                                                NDM 
0                                    ALPHA     Q/QINF    EPSLON  D(EPSLON)/D(ALPHA)
0
                                     -6.0      0.985      0.000        0.599
                                     -4.0                                  
                                     -2.0                                  
                                      0.0                                  
                                      2.0                                  
                                      4.0                                  
                                      6.0                                  
                                      8.0                                  
                                     10.0                                  
                                     12.0                                  
                                     14.0                                  
                                     16.0                                  
0*** NDM PRINTED WHEN NO DATCOM METHODS EXIST
1                             AUTOMATED STABILITY AND CONTROL METHODS PER APRIL 1976 VERSION OF DATCOM
                                             CONFIGURATION AUXILIARY AND PARTIAL OUTPUT
                                        WING-BODY-VERTICAL TAIL-HORIZONTAL TAIL CONFIGURATION
                                                 B738 M072 ELEVATOR FULL AIRCRAFT
 -----------------------  FLIGHT CONDITIONS  ------------------------           --------------  REFERENCE DIMENSIONS  ------------
  MACH    ALTITUDE   VELOCITY    PRESSURE    TEMPERATURE     REYNOLDS             REF.      REFERENCE LENGTH   MOMENT REF. CENTER
 NUMBER                                                       NUMBER              AREA       LONG.     LAT.     HORIZ      VERT
              M        M/SEC      N/ M**2       DEG K         1/ M                M**2         M         M         M         M
0 0.720    1524.00     240.74   8.4311E+04     278.246     1.4529E+07           124.583      3.958    34.315    17.000     0.000


                                                       BASIC BODY PROPERTIES

            WETTED AREA      XCG     ZCG     BASE AREA     ZERO LIFT DRAG   BASE DRAG   FRICTION DRAG   PRESSURE DRAG
             0.3942E+03    17.00    0.00       3.5622        0.7396E-02    0.1889E-02    0.5058E-02      0.4485E-03


                                         XCG RELATIVE TO THEORETICAL LEADING EDGE MAC=  -0.60


                                                       BASIC PLANFORM PROPERTIES

                                    TAPER     ASPECT   QUARTER CHORD             QUARTER CHORD              ZERO LIFT    FRICTION
                         AREA       RATIO      RATIO       SWEEP        MAC        X(MAC)       Y(MAC)        DRAG     COEFFICIENT
0      WING
   TOTAL THEORITICAL
+                     0.2280E+03    0.159    0.5164E+01    25.020    0.678E+01    0.193E+02    0.797E+01                       
       TOTAL EXPOSED
+                     0.1989E+03    0.164    0.4695E+01    25.020    0.664E+01    0.198E+02    0.900E+01    0.747E-02    0.205E-02
0  HORIZONTAL TAIL
   TOTAL THEORITICAL
+                     0.3278E+02    0.203    0.6281E+01    30.000    0.262E+01    0.364E+02    0.280E+01                       
       TOTAL EXPOSED
+                     0.2002E+02    0.256    0.5611E+01    30.000    0.211E+01    0.371E+02    0.400E+01    0.895E-03    0.243E-02
0   VERTICAL TAIL
   TOTAL THEORITICAL
+                     0.2644E+02    0.271    0.1941E+01    35.000    0.410E+01    0.356E+02    0.522E+01                       
       TOTAL EXPOSED
+                     0.2218E+02    0.294    0.1847E+01    35.000    0.381E+01    0.359E+02    0.338E+01      NA           NA  
0*** NA PRINTED WHEN METHOD NOT APPLICABLE
1                             AUTOMATED STABILITY AND CONTROL METHODS PER APRIL 1976 VERSION OF DATCOM
                                             CONFIGURATION AUXILIARY AND PARTIAL OUTPUT
                                        WING-BODY-VERTICAL TAIL-HORIZONTAL TAIL CONFIGURATION
                                                 B738 M072 ELEVATOR FULL AIRCRAFT
 -----------------------  FLIGHT CONDITIONS  ------------------------           --------------  REFERENCE DIMENSIONS  ------------
  MACH    ALTITUDE   VELOCITY    PRESSURE    TEMPERATURE     REYNOLDS             REF.      REFERENCE LENGTH   MOMENT REF. CENTER
 NUMBER                                                       NUMBER              AREA       LONG.     LAT.     HORIZ      VERT
              M        M/SEC      N/ M**2       DEG K         1/ M                M**2         M         M         M         M
0 0.720    1524.00     240.74   8.4311E+04     278.246     1.4529E+07           124.583      3.958    34.315    17.000     0.000
0          CLA-B(W)= 1.801E-02     CLA-W(B)= 1.315E-01     K-B(W)= 1.490E-01     K-W(B)= 1.088E+00     XAC/C-B(W)= 8.728E-01
0          CLA-B(H)= 3.526E-03     CLA-H(B)= 1.560E-02     K-B(H)= 2.760E-01     K-H(B)= 1.221E+00     XAC/C-B(H)= 5.441E-01
1                             AUTOMATED STABILITY AND CONTROL METHODS PER APRIL 1976 VERSION OF DATCOM
                                             CONFIGURATION AUXILIARY AND PARTIAL OUTPUT
                                        WING-BODY-VERTICAL TAIL-HORIZONTAL TAIL CONFIGURATION
                                                 B738 M072 ELEVATOR FULL AIRCRAFT
 -----------------------  FLIGHT CONDITIONS  ------------------------           --------------  REFERENCE DIMENSIONS  ------------
  MACH    ALTITUDE   VELOCITY    PRESSURE    TEMPERATURE     REYNOLDS             REF.      REFERENCE LENGTH   MOMENT REF. CENTER
 NUMBER                                                       NUMBER              AREA       LONG.     LAT.     HORIZ      VERT
              M        M/SEC      N/ M**2       DEG K         1/ M                M**2         M         M         M         M
0 0.720    1524.00     240.74   8.4311E+04     278.246     1.4529E+07           124.583      3.958    34.315    17.000     0.000


                                                      *** WING DATA FAIRING ***
                                       CDL/CL**2 = 0.2206E+00     CLB/CL = 0.5381E-02
            FORCE BREAK MACH NUMBER (ZERO SWEEP) = 0.8130E+00     FORCE BREAK MACH NUMBER (WITH SWEEP) = 0.8391E+00
                      MACH(A) = 0.909     CLA(A) = 0.4679E-01     MACH(B) = 0.979     CLA(B) = 0.1014E+00
                                                (CLB/CL)M=0.6 = 0.5572E-02     (CLB/CL)M=1.4 = 0.1000E-29

                                                  LIFT-CURVE-SLOPE INTERPOLATION TABLE
                                                      MACH               CL-ALPHA
                                                     0.720               0.1209E+00
                                                     0.839               0.1193E+00
                                                     0.909               0.4679E-01
                                                     0.979               0.1014E+00
                                                     1.400               0.9447E-01


                                                   *** WING-BODY DATA FAIRING ***
            CLB/CL =        NaN     (CLB/CL)MFB =-0.1286E-02     (CLB/CL)M=1.4 = 0.1000E-29     (CNA)M=1.4 =        NaN




                                                   *** HORIZONTAL TAIL DATA FAIRING ***
                                       CDL/CL**2 = 0.3107E+00     CLB/CL = 0.9830E-03
            FORCE BREAK MACH NUMBER (ZERO SWEEP) = 0.8039E+00     FORCE BREAK MACH NUMBER (WITH SWEEP) = 0.8351E+00
                      MACH(A) = 0.905     CLA(A) = 0.4538E-02     MACH(B) = 0.975     CLA(B) = 0.1085E-01
                                                (CLB/CL)M=0.6 = 0.1010E-02     (CLB/CL)M=1.4 = 0.1000E-29

                                                  LIFT-CURVE-SLOPE INTERPOLATION TABLE
                                                      MACH               CL-ALPHA
                                                     0.720               0.1278E-01
                                                     0.835               0.1276E-01
                                                     0.905               0.4538E-02
                                                     0.975               0.1085E-01
                                                     1.400               0.9189E-02


                                              *** HORIZONTAL TAIL-BODY DATA FAIRING ***
            CLB/CL =        NaN     (CLB/CL)MFB = 0.3744E-02     (CLB/CL)M=1.4 = 0.1000E-29     (CNA)M=1.4 =        NaN




                                           *** BODY-WING-HORIZONTAL TAIL DATA FAIRING ***
                                                DRAG DIVERGENCE MACH NUMBER = 0.829
                                                      MACH                 CDO
                                                     0.600               0.1806E-01
                                                     0.700               0.1844E-01
                                                     1.100                 Infinity
                                                     1.400                 Infinity
1
1                            AUTOMATED STABILITY AND CONTROL METHODS PER APRIL 1976 VERSION OF DATCOM
                                         CHARACTERISTICS OF HIGH LIFT AND CONTROL DEVICES
                                            TAIL PLAIN TRAILING-EDGE FLAP CONFIGURATION
                                                 B738 M072 ELEVATOR FULL AIRCRAFT
 -----------------------  FLIGHT CONDITIONS  ------------------------           --------------  REFERENCE DIMENSIONS  ------------
  MACH    ALTITUDE   VELOCITY    PRESSURE    TEMPERATURE     REYNOLDS             REF.      REFERENCE LENGTH   MOMENT REF. CENTER
 NUMBER                                                       NUMBER              AREA       LONG.     LAT.     HORIZ      VERT
              M        M/SEC      N/ M**2       DEG K         1/ M                M**2         M         M         M         M
0 0.720    1524.00     240.74   3.6776E+01     901.518     1.3498E+06           124.583      3.958    34.315    17.000     0.000
0            ---------INCREMENTS DUE TO DEFLECTION---------              ---DERIVATIVES (PER DEGREE)---
0     DELTA     D(CL)     D(CM)    D(CL MAX)    D(CD MIN)                (CLA)D     (CH)A       (CH)D


      -25.0    -0.086      NDM       NDM          NDM                    NDM         NDM         NDM 
      -20.0    -0.082      NDM       NDM          NDM                    NDM                     NDM 
      -10.0    -0.052      NDM       NDM          NDM                    NDM                     NDM 
       -5.0    -0.026      NDM       NDM          NDM                    NDM                     NDM 
        0.0     0.000      NDM       NDM          NDM                    NDM                     NDM 
        5.0     0.026      NDM       NDM          NDM                    NDM                     NDM 
       10.0     0.052      NDM       NDM          NDM                    NDM                     NDM 
       15.0     0.075      NDM       NDM          NDM                    NDM                     NDM 
       25.0     0.086      NDM       NDM          NDM                    NDM                     NDM 
0***NDM PRINTED WHEN NO DATCOM METHODS EXIST
1                               AUTOMATED STABILITY AND CONTROL METHODS PER APRIL 1976 VERSION OF DATCOM
                                         CHARACTERISTICS AT ANGLE OF ATTACK AND IN SIDESLIP
                                        WING-BODY-VERTICAL TAIL-HORIZONTAL TAIL CONFIGURATION
                                                 B738 M072 ELEVATOR FULL AIRCRAFT
 
 -----------------------  FLIGHT CONDITIONS  ------------------------           --------------  REFERENCE DIMENSIONS  ------------
  MACH    ALTITUDE   VELOCITY    PRESSURE    TEMPERATURE     REYNOLDS             REF.      REFERENCE LENGTH   MOMENT REF. CENTER
 NUMBER                                                       NUMBER              AREA       LONG.     LAT.     HORIZ      VERT
              M        M/SEC      N/ M**2       DEG K         1/ M                M**2         M         M         M         M
0 0.720    3048.00     236.42   6.9695E+04     268.347     1.2584E+07           124.583      3.958    34.315    17.000     0.000
0                                                               -------------------DERIVATIVE (PER RADIAN)-------------------
0 ALPHA     CD       CL       CM       CN       CA       XCP        CLA          CMA          CYB          CNB          CLB
0
   -6.0    0.019    NDM       NDM     NDM      NDM        NaN          NaN          NaN      NDM          NDM          NDM 
   -4.0                                                                                                                NDM 
   -2.0                                                                                                                NDM 
    0.0                                                                                                                NDM 
    2.0                                                                                                                NDM 
    4.0                                                                                                                NDM 
    6.0                                                                                                                NDM 
    8.0                                                                                                                NDM 
   10.0                                                                                                                NDM 
   12.0                                                                                                                NDM 
   14.0                                                                                                                NDM 
   16.0                                                                                                                NDM 
0                                    ALPHA     Q/QINF    EPSLON  D(EPSLON)/D(ALPHA)
0
                                     -6.0      0.991      0.000        0.599
                                     -4.0                                  
                                     -2.0                                  
                                      0.0                                  
                                      2.0                                  
                                      4.0                                  
                                      6.0                                  
                                      8.0                                  
                                     10.0                                  
                                     12.0                                  
                                     14.0                                  
                                     16.0                                  
0*** NDM PRINTED WHEN NO DATCOM METHODS EXIST
1                             AUTOMATED STABILITY AND CONTROL METHODS PER APRIL 1976 VERSION OF DATCOM
                                             CONFIGURATION AUXILIARY AND PARTIAL OUTPUT
                                        WING-BODY-VERTICAL TAIL-HORIZONTAL TAIL CONFIGURATION
                                                 B738 M072 ELEVATOR FULL AIRCRAFT
 -----------------------  FLIGHT CONDITIONS  ------------------------           --------------  REFERENCE DIMENSIONS  ------------
  MACH    ALTITUDE   VELOCITY    PRESSURE    TEMPERATURE     REYNOLDS             REF.      REFERENCE LENGTH   MOMENT REF. CENTER
 NUMBER                                                       NUMBER              AREA       LONG.     LAT.     HORIZ      VERT
              M        M/SEC      N/ M**2       DEG K         1/ M                M**2         M         M         M         M
0 0.720    3048.00     236.42   6.9695E+04     268.347     1.2584E+07           124.583      3.958    34.315    17.000     0.000


                                                       BASIC BODY PROPERTIES

            WETTED AREA      XCG     ZCG     BASE AREA     ZERO LIFT DRAG   BASE DRAG   FRICTION DRAG   PRESSURE DRAG
             0.3942E+03    17.00    0.00       3.5622        0.7477E-02    0.1873E-02    0.5148E-02      0.4565E-03


                                         XCG RELATIVE TO THEORETICAL LEADING EDGE MAC=  -0.60


                                                       BASIC PLANFORM PROPERTIES

                                    TAPER     ASPECT   QUARTER CHORD             QUARTER CHORD              ZERO LIFT    FRICTION
                         AREA       RATIO      RATIO       SWEEP        MAC        X(MAC)       Y(MAC)        DRAG     COEFFICIENT
0      WING
   TOTAL THEORITICAL
+                     0.2280E+03    0.159    0.5164E+01    25.020    0.678E+01    0.193E+02    0.797E+01                       
       TOTAL EXPOSED
+                     0.1989E+03    0.164    0.4695E+01    25.020    0.664E+01    0.198E+02    0.900E+01    0.764E-02    0.209E-02
0  HORIZONTAL TAIL
   TOTAL THEORITICAL
+                     0.3278E+02    0.203    0.6281E+01    30.000    0.262E+01    0.364E+02    0.280E+01                       
       TOTAL EXPOSED
+                     0.2002E+02    0.256    0.5611E+01    30.000    0.211E+01    0.371E+02    0.400E+01    0.915E-03    0.249E-02
0   VERTICAL TAIL
   TOTAL THEORITICAL
+                     0.2644E+02    0.271    0.1941E+01    35.000    0.410E+01    0.356E+02    0.522E+01                       
       TOTAL EXPOSED
+                     0.2218E+02    0.294    0.1847E+01    35.000    0.381E+01    0.359E+02    0.338E+01      NA           NA  
0*** NA PRINTED WHEN METHOD NOT APPLICABLE
1                             AUTOMATED STABILITY AND CONTROL METHODS PER APRIL 1976 VERSION OF DATCOM
                                             CONFIGURATION AUXILIARY AND PARTIAL OUTPUT
                                        WING-BODY-VERTICAL TAIL-HORIZONTAL TAIL CONFIGURATION
                                                 B738 M072 ELEVATOR FULL AIRCRAFT
 -----------------------  FLIGHT CONDITIONS  ------------------------           --------------  REFERENCE DIMENSIONS  ------------
  MACH    ALTITUDE   VELOCITY    PRESSURE    TEMPERATURE     REYNOLDS             REF.      REFERENCE LENGTH   MOMENT REF. CENTER
 NUMBER                                                       NUMBER              AREA       LONG.     LAT.     HORIZ      VERT
              M        M/SEC      N/ M**2       DEG K         1/ M                M**2         M         M         M         M
0 0.720    3048.00     236.42   6.9695E+04     268.347     1.2584E+07           124.583      3.958    34.315    17.000     0.000
0          CLA-B(W)= 1.801E-02     CLA-W(B)= 1.315E-01     K-B(W)= 1.490E-01     K-W(B)= 1.088E+00     XAC/C-B(W)= 8.728E-01
0          CLA-B(H)= 3.526E-03     CLA-H(B)= 1.560E-02     K-B(H)= 2.760E-01     K-H(B)= 1.221E+00     XAC/C-B(H)= 5.441E-01
1                             AUTOMATED STABILITY AND CONTROL METHODS PER APRIL 1976 VERSION OF DATCOM
                                             CONFIGURATION AUXILIARY AND PARTIAL OUTPUT
                                        WING-BODY-VERTICAL TAIL-HORIZONTAL TAIL CONFIGURATION
                                                 B738 M072 ELEVATOR FULL AIRCRAFT
 -----------------------  FLIGHT CONDITIONS  ------------------------           --------------  REFERENCE DIMENSIONS  ------------
  MACH    ALTITUDE   VELOCITY    PRESSURE    TEMPERATURE     REYNOLDS             REF.      REFERENCE LENGTH   MOMENT REF. CENTER
 NUMBER                                                       NUMBER              AREA       LONG.     LAT.     HORIZ      VERT
              M        M/SEC      N/ M**2       DEG K         1/ M                M**2         M         M         M         M
0 0.720    3048.00     236.42   6.9695E+04     268.347     1.2584E+07           124.583      3.958    34.315    17.000     0.000


                                                      *** WING DATA FAIRING ***
                                       CDL/CL**2 = 0.2206E+00     CLB/CL = 0.5381E-02
            FORCE BREAK MACH NUMBER (ZERO SWEEP) = 0.8130E+00     FORCE BREAK MACH NUMBER (WITH SWEEP) = 0.8391E+00
                      MACH(A) = 0.909     CLA(A) = 0.4679E-01     MACH(B) = 0.979     CLA(B) = 0.1014E+00
                                                (CLB/CL)M=0.6 = 0.5572E-02     (CLB/CL)M=1.4 = 0.1000E-29

                                                  LIFT-CURVE-SLOPE INTERPOLATION TABLE
                                                      MACH               CL-ALPHA
                                                     0.720               0.1209E+00
                                                     0.839               0.1193E+00
                                                     0.909               0.4679E-01
                                                     0.979               0.1014E+00
                                                     1.400               0.9447E-01


                                                   *** WING-BODY DATA FAIRING ***
            CLB/CL =        NaN     (CLB/CL)MFB =-0.1286E-02     (CLB/CL)M=1.4 = 0.1000E-29     (CNA)M=1.4 =        NaN




                                                   *** HORIZONTAL TAIL DATA FAIRING ***
                                       CDL/CL**2 = 0.3107E+00     CLB/CL = 0.9830E-03
            FORCE BREAK MACH NUMBER (ZERO SWEEP) = 0.8039E+00     FORCE BREAK MACH NUMBER (WITH SWEEP) = 0.8351E+00
                      MACH(A) = 0.905     CLA(A) = 0.4538E-02     MACH(B) = 0.975     CLA(B) = 0.1085E-01
                                                (CLB/CL)M=0.6 = 0.1010E-02     (CLB/CL)M=1.4 = 0.1000E-29

                                                  LIFT-CURVE-SLOPE INTERPOLATION TABLE
                                                      MACH               CL-ALPHA
                                                     0.720               0.1278E-01
                                                     0.835               0.1276E-01
                                                     0.905               0.4538E-02
                                                     0.975               0.1085E-01
                                                     1.400               0.9189E-02


                                              *** HORIZONTAL TAIL-BODY DATA FAIRING ***
            CLB/CL =        NaN     (CLB/CL)MFB = 0.3744E-02     (CLB/CL)M=1.4 = 0.1000E-29     (CNA)M=1.4 =        NaN




                                           *** BODY-WING-HORIZONTAL TAIL DATA FAIRING ***
                                                DRAG DIVERGENCE MACH NUMBER = 0.829
                                                      MACH                 CDO
                                                     0.600               0.1806E-01
                                                     0.700               0.1844E-01
                                                     1.100                 Infinity
                                                     1.400                 Infinity
1
1                            AUTOMATED STABILITY AND CONTROL METHODS PER APRIL 1976 VERSION OF DATCOM
                                         CHARACTERISTICS OF HIGH LIFT AND CONTROL DEVICES
                                            TAIL PLAIN TRAILING-EDGE FLAP CONFIGURATION
                                                 B738 M072 ELEVATOR FULL AIRCRAFT
 -----------------------  FLIGHT CONDITIONS  ------------------------           --------------  REFERENCE DIMENSIONS  ------------
  MACH    ALTITUDE   VELOCITY    PRESSURE    TEMPERATURE     REYNOLDS             REF.      REFERENCE LENGTH   MOMENT REF. CENTER
 NUMBER                                                       NUMBER              AREA       LONG.     LAT.     HORIZ      VERT
              M        M/SEC      N/ M**2       DEG K         1/ M                M**2         M         M         M         M
0 0.720    3048.00     236.42   3.0401E+01     869.445     1.1691E+06           124.583      3.958    34.315    17.000     0.000
0            ---------INCREMENTS DUE TO DEFLECTION---------              ---DERIVATIVES (PER DEGREE)---
0     DELTA     D(CL)     D(CM)    D(CL MAX)    D(CD MIN)                (CLA)D     (CH)A       (CH)D


      -25.0    -0.085      NDM       NDM          NDM                    NDM         NDM         NDM 
      -20.0    -0.081      NDM       NDM          NDM                    NDM                     NDM 
      -10.0    -0.051      NDM       NDM          NDM                    NDM                     NDM 
       -5.0    -0.026      NDM       NDM          NDM                    NDM                     NDM 
        0.0     0.000      NDM       NDM          NDM                    NDM                     NDM 
        5.0     0.026      NDM       NDM          NDM                    NDM                     NDM 
       10.0     0.051      NDM       NDM          NDM                    NDM                     NDM 
       15.0     0.075      NDM       NDM          NDM                    NDM                     NDM 
       25.0     0.085      NDM       NDM          NDM                    NDM                     NDM 
0***NDM PRINTED WHEN NO DATCOM METHODS EXIST
1                               AUTOMATED STABILITY AND CONTROL METHODS PER APRIL 1976 VERSION OF DATCOM
                                         CHARACTERISTICS AT ANGLE OF ATTACK AND IN SIDESLIP
                                        WING-BODY-VERTICAL TAIL-HORIZONTAL TAIL CONFIGURATION
                                                 B738 M072 ELEVATOR FULL AIRCRAFT
 
 -----------------------  FLIGHT CONDITIONS  ------------------------           --------------  REFERENCE DIMENSIONS  ------------
  MACH    ALTITUDE   VELOCITY    PRESSURE    TEMPERATURE     REYNOLDS             REF.      REFERENCE LENGTH   MOMENT REF. CENTER
 NUMBER                                                       NUMBER              AREA       LONG.     LAT.     HORIZ      VERT
              M        M/SEC      N/ M**2       DEG K         1/ M                M**2         M         M         M         M
0 0.720    4572.00     232.02   5.7207E+04     258.453     1.0844E+07           124.583      3.958    34.315    17.000     0.000
0                                                               -------------------DERIVATIVE (PER RADIAN)-------------------
0 ALPHA     CD       CL       CM       CN       CA       XCP        CLA          CMA          CYB          CNB          CLB
0
   -6.0    0.019    NDM       NDM     NDM      NDM        NaN          NaN          NaN      NDM          NDM          NDM 
   -4.0                                                                                                                NDM 
   -2.0                                                                                                                NDM 
    0.0                                                                                                                NDM 
    2.0                                                                                                                NDM 
    4.0                                                                                                                NDM 
    6.0                                                                                                                NDM 
    8.0                                                                                                                NDM 
   10.0                                                                                                                NDM 
   12.0                                                                                                                NDM 
   14.0                                                                                                                NDM 
   16.0                                                                                                                NDM 
0                                    ALPHA     Q/QINF    EPSLON  D(EPSLON)/D(ALPHA)
0
                                     -6.0      0.996      0.000        0.599
                                     -4.0                                  
                                     -2.0                                  
                                      0.0                                  
                                      2.0                                  
                                      4.0                                  
                                      6.0                                  
                                      8.0                                  
                                     10.0                                  
                                     12.0                                  
                                     14.0                                  
                                     16.0                                  
0*** NDM PRINTED WHEN NO DATCOM METHODS EXIST
1                             AUTOMATED STABILITY AND CONTROL METHODS PER APRIL 1976 VERSION OF DATCOM
                                             CONFIGURATION AUXILIARY AND PARTIAL OUTPUT
                                        WING-BODY-VERTICAL TAIL-HORIZONTAL TAIL CONFIGURATION
                                                 B738 M072 ELEVATOR FULL AIRCRAFT
 -----------------------  FLIGHT CONDITIONS  ------------------------           --------------  REFERENCE DIMENSIONS  ------------
  MACH    ALTITUDE   VELOCITY    PRESSURE    TEMPERATURE     REYNOLDS             REF.      REFERENCE LENGTH   MOMENT REF. CENTER
 NUMBER                                                       NUMBER              AREA       LONG.     LAT.     HORIZ      VERT
              M        M/SEC      N/ M**2       DEG K         1/ M                M**2         M         M         M         M
0 0.720    4572.00     232.02   5.7207E+04     258.453     1.0844E+07           124.583      3.958    34.315    17.000     0.000


                                                       BASIC BODY PROPERTIES

            WETTED AREA      XCG     ZCG     BASE AREA     ZERO LIFT DRAG   BASE DRAG   FRICTION DRAG   PRESSURE DRAG
             0.3942E+03    17.00    0.00       3.5622        0.7568E-02    0.1855E-02    0.5248E-02      0.4653E-03


                                         XCG RELATIVE TO THEORETICAL LEADING EDGE MAC=  -0.60


                                                       BASIC PLANFORM PROPERTIES

                                    TAPER     ASPECT   QUARTER CHORD             QUARTER CHORD              ZERO LIFT    FRICTION
                         AREA       RATIO      RATIO       SWEEP        MAC        X(MAC)       Y(MAC)        DRAG     COEFFICIENT
0      WING
   TOTAL THEORITICAL
+                     0.2280E+03    0.159    0.5164E+01    25.020    0.678E+01    0.193E+02    0.797E+01                       
       TOTAL EXPOSED
+                     0.1989E+03    0.164    0.4695E+01    25.020    0.664E+01    0.198E+02    0.900E+01    0.781E-02    0.214E-02
0  HORIZONTAL TAIL
   TOTAL THEORITICAL
+                     0.3278E+02    0.203    0.6281E+01    30.000    0.262E+01    0.364E+02    0.280E+01                       
       TOTAL EXPOSED
+                     0.2002E+02    0.256    0.5611E+01    30.000    0.211E+01    0.371E+02    0.400E+01    0.936E-03    0.255E-02
0   VERTICAL TAIL
   TOTAL THEORITICAL
+                     0.2644E+02    0.271    0.1941E+01    35.000    0.410E+01    0.356E+02    0.522E+01                       
       TOTAL EXPOSED
+                     0.2218E+02    0.294    0.1847E+01    35.000    0.381E+01    0.359E+02    0.338E+01      NA           NA  
0*** NA PRINTED WHEN METHOD NOT APPLICABLE
1                             AUTOMATED STABILITY AND CONTROL METHODS PER APRIL 1976 VERSION OF DATCOM
                                             CONFIGURATION AUXILIARY AND PARTIAL OUTPUT
                                        WING-BODY-VERTICAL TAIL-HORIZONTAL TAIL CONFIGURATION
                                                 B738 M072 ELEVATOR FULL AIRCRAFT
 -----------------------  FLIGHT CONDITIONS  ------------------------           --------------  REFERENCE DIMENSIONS  ------------
  MACH    ALTITUDE   VELOCITY    PRESSURE    TEMPERATURE     REYNOLDS             REF.      REFERENCE LENGTH   MOMENT REF. CENTER
 NUMBER                                                       NUMBER              AREA       LONG.     LAT.     HORIZ      VERT
              M        M/SEC      N/ M**2       DEG K         1/ M                M**2         M         M         M         M
0 0.720    4572.00     232.02   5.7207E+04     258.453     1.0844E+07           124.583      3.958    34.315    17.000     0.000
0          CLA-B(W)= 1.801E-02     CLA-W(B)= 1.315E-01     K-B(W)= 1.490E-01     K-W(B)= 1.088E+00     XAC/C-B(W)= 8.728E-01
0          CLA-B(H)= 3.526E-03     CLA-H(B)= 1.560E-02     K-B(H)= 2.760E-01     K-H(B)= 1.221E+00     XAC/C-B(H)= 5.441E-01
1                             AUTOMATED STABILITY AND CONTROL METHODS PER APRIL 1976 VERSION OF DATCOM
                                             CONFIGURATION AUXILIARY AND PARTIAL OUTPUT
                                        WING-BODY-VERTICAL TAIL-HORIZONTAL TAIL CONFIGURATION
                                                 B738 M072 ELEVATOR FULL AIRCRAFT
 -----------------------  FLIGHT CONDITIONS  ------------------------           --------------  REFERENCE DIMENSIONS  ------------
  MACH    ALTITUDE   VELOCITY    PRESSURE    TEMPERATURE     REYNOLDS             REF.      REFERENCE LENGTH   MOMENT REF. CENTER
 NUMBER                                                       NUMBER              AREA       LONG.     LAT.     HORIZ      VERT
              M        M/SEC      N/ M**2       DEG K         1/ M                M**2         M         M         M         M
0 0.720    4572.00     232.02   5.7207E+04     258.453     1.0844E+07           124.583      3.958    34.315    17.000     0.000


                                                      *** WING DATA FAIRING ***
                                       CDL/CL**2 = 0.2206E+00     CLB/CL = 0.5381E-02
            FORCE BREAK MACH NUMBER (ZERO SWEEP) = 0.8130E+00     FORCE BREAK MACH NUMBER (WITH SWEEP) = 0.8391E+00
                      MACH(A) = 0.909     CLA(A) = 0.4679E-01     MACH(B) = 0.979     CLA(B) = 0.1014E+00
                                                (CLB/CL)M=0.6 = 0.5572E-02     (CLB/CL)M=1.4 = 0.1000E-29

                                                  LIFT-CURVE-SLOPE INTERPOLATION TABLE
                                                      MACH               CL-ALPHA
                                                     0.720               0.1209E+00
                                                     0.839               0.1193E+00
                                                     0.909               0.4679E-01
                                                     0.979               0.1014E+00
                                                     1.400               0.9447E-01


                                                   *** WING-BODY DATA FAIRING ***
            CLB/CL =        NaN     (CLB/CL)MFB =-0.1286E-02     (CLB/CL)M=1.4 = 0.1000E-29     (CNA)M=1.4 =        NaN




                                                   *** HORIZONTAL TAIL DATA FAIRING ***
                                       CDL/CL**2 = 0.3107E+00     CLB/CL = 0.9830E-03
            FORCE BREAK MACH NUMBER (ZERO SWEEP) = 0.8039E+00     FORCE BREAK MACH NUMBER (WITH SWEEP) = 0.8351E+00
                      MACH(A) = 0.905     CLA(A) = 0.4538E-02     MACH(B) = 0.975     CLA(B) = 0.1085E-01
                                                (CLB/CL)M=0.6 = 0.1010E-02     (CLB/CL)M=1.4 = 0.1000E-29

                                                  LIFT-CURVE-SLOPE INTERPOLATION TABLE
                                                      MACH               CL-ALPHA
                                                     0.720               0.1278E-01
                                                     0.835               0.1276E-01
                                                     0.905               0.4538E-02
                                                     0.975               0.1085E-01
                                                     1.400               0.9189E-02


                                              *** HORIZONTAL TAIL-BODY DATA FAIRING ***
            CLB/CL =        NaN     (CLB/CL)MFB = 0.3744E-02     (CLB/CL)M=1.4 = 0.1000E-29     (CNA)M=1.4 =        NaN




                                           *** BODY-WING-HORIZONTAL TAIL DATA FAIRING ***
                                                DRAG DIVERGENCE MACH NUMBER = 0.829
                                                      MACH                 CDO
                                                     0.600               0.1806E-01
                                                     0.700               0.1844E-01
                                                     1.100                 Infinity
                                                     1.400                 Infinity
1
1                            AUTOMATED STABILITY AND CONTROL METHODS PER APRIL 1976 VERSION OF DATCOM
                                         CHARACTERISTICS OF HIGH LIFT AND CONTROL DEVICES
                                            TAIL PLAIN TRAILING-EDGE FLAP CONFIGURATION
                                                 B738 M072 ELEVATOR FULL AIRCRAFT
 -----------------------  FLIGHT CONDITIONS  ------------------------           --------------  REFERENCE DIMENSIONS  ------------
  MACH    ALTITUDE   VELOCITY    PRESSURE    TEMPERATURE     REYNOLDS             REF.      REFERENCE LENGTH   MOMENT REF. CENTER
 NUMBER                                                       NUMBER              AREA       LONG.     LAT.     HORIZ      VERT
              M        M/SEC      N/ M**2       DEG K         1/ M                M**2         M         M         M         M
0 0.720    4572.00     232.02   2.4954E+01     837.388     1.0074E+06           124.583      3.958    34.315    17.000     0.000
0            ---------INCREMENTS DUE TO DEFLECTION---------              ---DERIVATIVES (PER DEGREE)---
0     DELTA     D(CL)     D(CM)    D(CL MAX)    D(CD MIN)                (CLA)D     (CH)A       (CH)D


      -25.0    -0.085      NDM       NDM          NDM                    NDM         NDM         NDM 
      -20.0    -0.081      NDM       NDM          NDM                    NDM                     NDM 
      -10.0    -0.051      NDM       NDM          NDM                    NDM                     NDM 
       -5.0    -0.026      NDM       NDM          NDM                    NDM                     NDM 
        0.0     0.000      NDM       NDM          NDM                    NDM                     NDM 
        5.0     0.026      NDM       NDM          NDM                    NDM                     NDM 
       10.0     0.051      NDM       NDM          NDM                    NDM                     NDM 
       15.0     0.075      NDM       NDM          NDM                    NDM                     NDM 
       25.0     0.085      NDM       NDM          NDM                    NDM                     NDM 
0***NDM PRINTED WHEN NO DATCOM METHODS EXIST
1                               AUTOMATED STABILITY AND CONTROL METHODS PER APRIL 1976 VERSION OF DATCOM
                                         CHARACTERISTICS AT ANGLE OF ATTACK AND IN SIDESLIP
                                        WING-BODY-VERTICAL TAIL-HORIZONTAL TAIL CONFIGURATION
                                                 B738 M072 ELEVATOR FULL AIRCRAFT
 
 -----------------------  FLIGHT CONDITIONS  ------------------------           --------------  REFERENCE DIMENSIONS  ------------
  MACH    ALTITUDE   VELOCITY    PRESSURE    TEMPERATURE     REYNOLDS             REF.      REFERENCE LENGTH   MOMENT REF. CENTER
 NUMBER                                                       NUMBER              AREA       LONG.     LAT.     HORIZ      VERT
              M        M/SEC      N/ M**2       DEG K         1/ M                M**2         M         M         M         M
0 0.720    6096.00     227.53   4.6600E+04     248.564     9.2944E+06           124.583      3.958    34.315    17.000     0.000
0                                                               -------------------DERIVATIVE (PER RADIAN)-------------------
0 ALPHA     CD       CL       CM       CN       CA       XCP        CLA          CMA          CYB          CNB          CLB
0
   -6.0    0.019    NDM       NDM     NDM      NDM        NaN          NaN          NaN      NDM          NDM          NDM 
   -4.0                                                                                                                NDM 
   -2.0                                                                                                                NDM 
    0.0                                                                                                                NDM 
    2.0                                                                                                                NDM 
    4.0                                                                                                                NDM 
    6.0                                                                                                                NDM 
    8.0                                                                                                                NDM 
   10.0                                                                                                                NDM 
   12.0                                                                                                                NDM 
   14.0                                                                                                                NDM 
   16.0                                                                                                                NDM 
0                                    ALPHA     Q/QINF    EPSLON  D(EPSLON)/D(ALPHA)
0
                                     -6.0      0.999      0.000        0.599
                                     -4.0                                  
                                     -2.0                                  
                                      0.0                                  
                                      2.0                                  
                                      4.0                                  
                                      6.0                                  
                                      8.0                                  
                                     10.0                                  
                                     12.0                                  
                                     14.0                                  
                                     16.0                                  
0*** NDM PRINTED WHEN NO DATCOM METHODS EXIST
1                             AUTOMATED STABILITY AND CONTROL METHODS PER APRIL 1976 VERSION OF DATCOM
                                             CONFIGURATION AUXILIARY AND PARTIAL OUTPUT
                                        WING-BODY-VERTICAL TAIL-HORIZONTAL TAIL CONFIGURATION
                                                 B738 M072 ELEVATOR FULL AIRCRAFT
 -----------------------  FLIGHT CONDITIONS  ------------------------           --------------  REFERENCE DIMENSIONS  ------------
  MACH    ALTITUDE   VELOCITY    PRESSURE    TEMPERATURE     REYNOLDS             REF.      REFERENCE LENGTH   MOMENT REF. CENTER
 NUMBER                                                       NUMBER              AREA       LONG.     LAT.     HORIZ      VERT
              M        M/SEC      N/ M**2       DEG K         1/ M                M**2         M         M         M         M
0 0.720    6096.00     227.53   4.6600E+04     248.564     9.2944E+06           124.583      3.958    34.315    17.000     0.000


                                                       BASIC BODY PROPERTIES

            WETTED AREA      XCG     ZCG     BASE AREA     ZERO LIFT DRAG   BASE DRAG   FRICTION DRAG   PRESSURE DRAG
             0.3942E+03    17.00    0.00       3.5622        0.7668E-02    0.1836E-02    0.5357E-02      0.4750E-03


                                         XCG RELATIVE TO THEORETICAL LEADING EDGE MAC=  -0.60


                                                       BASIC PLANFORM PROPERTIES

                                    TAPER     ASPECT   QUARTER CHORD             QUARTER CHORD              ZERO LIFT    FRICTION
                         AREA       RATIO      RATIO       SWEEP        MAC        X(MAC)       Y(MAC)        DRAG     COEFFICIENT
0      WING
   TOTAL THEORITICAL
+                     0.2280E+03    0.159    0.5164E+01    25.020    0.678E+01    0.193E+02    0.797E+01                       
       TOTAL EXPOSED
+                     0.1989E+03    0.164    0.4695E+01    25.020    0.664E+01    0.198E+02    0.900E+01    0.800E-02    0.219E-02
0  HORIZONTAL TAIL
   TOTAL THEORITICAL
+                     0.3278E+02    0.203    0.6281E+01    30.000    0.262E+01    0.364E+02    0.280E+01                       
       TOTAL EXPOSED
+                     0.2002E+02    0.256    0.5611E+01    30.000    0.211E+01    0.371E+02    0.400E+01    0.959E-03    0.261E-02
0   VERTICAL TAIL
   TOTAL THEORITICAL
+                     0.2644E+02    0.271    0.1941E+01    35.000    0.410E+01    0.356E+02    0.522E+01                       
       TOTAL EXPOSED
+                     0.2218E+02    0.294    0.1847E+01    35.000    0.381E+01    0.359E+02    0.338E+01      NA           NA  
0*** NA PRINTED WHEN METHOD NOT APPLICABLE
1                             AUTOMATED STABILITY AND CONTROL METHODS PER APRIL 1976 VERSION OF DATCOM
                                             CONFIGURATION AUXILIARY AND PARTIAL OUTPUT
                                        WING-BODY-VERTICAL TAIL-HORIZONTAL TAIL CONFIGURATION
                                                 B738 M072 ELEVATOR FULL AIRCRAFT
 -----------------------  FLIGHT CONDITIONS  ------------------------           --------------  REFERENCE DIMENSIONS  ------------
  MACH    ALTITUDE   VELOCITY    PRESSURE    TEMPERATURE     REYNOLDS             REF.      REFERENCE LENGTH   MOMENT REF. CENTER
 NUMBER                                                       NUMBER              AREA       LONG.     LAT.     HORIZ      VERT
              M        M/SEC      N/ M**2       DEG K         1/ M                M**2         M         M         M         M
0 0.720    6096.00     227.53   4.6600E+04     248.564     9.2944E+06           124.583      3.958    34.315    17.000     0.000
0          CLA-B(W)= 1.801E-02     CLA-W(B)= 1.315E-01     K-B(W)= 1.490E-01     K-W(B)= 1.088E+00     XAC/C-B(W)= 8.728E-01
0          CLA-B(H)= 3.526E-03     CLA-H(B)= 1.560E-02     K-B(H)= 2.760E-01     K-H(B)= 1.221E+00     XAC/C-B(H)= 5.441E-01
1                             AUTOMATED STABILITY AND CONTROL METHODS PER APRIL 1976 VERSION OF DATCOM
                                             CONFIGURATION AUXILIARY AND PARTIAL OUTPUT
                                        WING-BODY-VERTICAL TAIL-HORIZONTAL TAIL CONFIGURATION
                                                 B738 M072 ELEVATOR FULL AIRCRAFT
 -----------------------  FLIGHT CONDITIONS  ------------------------           --------------  REFERENCE DIMENSIONS  ------------
  MACH    ALTITUDE   VELOCITY    PRESSURE    TEMPERATURE     REYNOLDS             REF.      REFERENCE LENGTH   MOMENT REF. CENTER
 NUMBER                                                       NUMBER              AREA       LONG.     LAT.     HORIZ      VERT
              M        M/SEC      N/ M**2       DEG K         1/ M                M**2         M         M         M         M
0 0.720    6096.00     227.53   4.6600E+04     248.564     9.2944E+06           124.583      3.958    34.315    17.000     0.000


                                                      *** WING DATA FAIRING ***
                                       CDL/CL**2 = 0.2206E+00     CLB/CL = 0.5381E-02
            FORCE BREAK MACH NUMBER (ZERO SWEEP) = 0.8130E+00     FORCE BREAK MACH NUMBER (WITH SWEEP) = 0.8391E+00
                      MACH(A) = 0.909     CLA(A) = 0.4679E-01     MACH(B) = 0.979     CLA(B) = 0.1014E+00
                                                (CLB/CL)M=0.6 = 0.5572E-02     (CLB/CL)M=1.4 = 0.1000E-29

                                                  LIFT-CURVE-SLOPE INTERPOLATION TABLE
                                                      MACH               CL-ALPHA
                                                     0.720               0.1209E+00
                                                     0.839               0.1193E+00
                                                     0.909               0.4679E-01
                                                     0.979               0.1014E+00
                                                     1.400               0.9447E-01


                                                   *** WING-BODY DATA FAIRING ***
            CLB/CL =        NaN     (CLB/CL)MFB =-0.1286E-02     (CLB/CL)M=1.4 = 0.1000E-29     (CNA)M=1.4 =        NaN




                                                   *** HORIZONTAL TAIL DATA FAIRING ***
                                       CDL/CL**2 = 0.3107E+00     CLB/CL = 0.9830E-03
            FORCE BREAK MACH NUMBER (ZERO SWEEP) = 0.8039E+00     FORCE BREAK MACH NUMBER (WITH SWEEP) = 0.8351E+00
                      MACH(A) = 0.905     CLA(A) = 0.4538E-02     MACH(B) = 0.975     CLA(B) = 0.1085E-01
                                                (CLB/CL)M=0.6 = 0.1010E-02     (CLB/CL)M=1.4 = 0.1000E-29

                                                  LIFT-CURVE-SLOPE INTERPOLATION TABLE
                                                      MACH               CL-ALPHA
                                                     0.720               0.1278E-01
                                                     0.835               0.1276E-01
                                                     0.905               0.4538E-02
                                                     0.975               0.1085E-01
                                                     1.400               0.9189E-02


                                              *** HORIZONTAL TAIL-BODY DATA FAIRING ***
            CLB/CL =        NaN     (CLB/CL)MFB = 0.3744E-02     (CLB/CL)M=1.4 = 0.1000E-29     (CNA)M=1.4 =        NaN




                                           *** BODY-WING-HORIZONTAL TAIL DATA FAIRING ***
                                                DRAG DIVERGENCE MACH NUMBER = 0.829
                                                      MACH                 CDO
                                                     0.600               0.1806E-01
                                                     0.700               0.1844E-01
                                                     1.100                 Infinity
                                                     1.400                 Infinity
1
1                            AUTOMATED STABILITY AND CONTROL METHODS PER APRIL 1976 VERSION OF DATCOM
                                         CHARACTERISTICS OF HIGH LIFT AND CONTROL DEVICES
                                            TAIL PLAIN TRAILING-EDGE FLAP CONFIGURATION
                                                 B738 M072 ELEVATOR FULL AIRCRAFT
 -----------------------  FLIGHT CONDITIONS  ------------------------           --------------  REFERENCE DIMENSIONS  ------------
  MACH    ALTITUDE   VELOCITY    PRESSURE    TEMPERATURE     REYNOLDS             REF.      REFERENCE LENGTH   MOMENT REF. CENTER
 NUMBER                                                       NUMBER              AREA       LONG.     LAT.     HORIZ      VERT
              M        M/SEC      N/ M**2       DEG K         1/ M                M**2         M         M         M         M
0 0.720    6096.00     227.53   2.0327E+01     805.346     8.6347E+05           124.583      3.958    34.315    17.000     0.000
0            ---------INCREMENTS DUE TO DEFLECTION---------              ---DERIVATIVES (PER DEGREE)---
0     DELTA     D(CL)     D(CM)    D(CL MAX)    D(CD MIN)                (CLA)D     (CH)A       (CH)D


      -25.0    -0.085      NDM       NDM          NDM                    NDM         NDM         NDM 
      -20.0    -0.081      NDM       NDM          NDM                    NDM                     NDM 
      -10.0    -0.051      NDM       NDM          NDM                    NDM                     NDM 
       -5.0    -0.026      NDM       NDM          NDM                    NDM                     NDM 
        0.0     0.000      NDM       NDM          NDM                    NDM                     NDM 
        5.0     0.026      NDM       NDM          NDM                    NDM                     NDM 
       10.0     0.051      NDM       NDM          NDM                    NDM                     NDM 
       15.0     0.075      NDM       NDM          NDM                    NDM                     NDM 
       25.0     0.085      NDM       NDM          NDM                    NDM                     NDM 
0***NDM PRINTED WHEN NO DATCOM METHODS EXIST
1                               AUTOMATED STABILITY AND CONTROL METHODS PER APRIL 1976 VERSION OF DATCOM
                                         CHARACTERISTICS AT ANGLE OF ATTACK AND IN SIDESLIP
                                        WING-BODY-VERTICAL TAIL-HORIZONTAL TAIL CONFIGURATION
                                                 B738 M072 ELEVATOR FULL AIRCRAFT
 
 -----------------------  FLIGHT CONDITIONS  ------------------------           --------------  REFERENCE DIMENSIONS  ------------
  MACH    ALTITUDE   VELOCITY    PRESSURE    TEMPERATURE     REYNOLDS             REF.      REFERENCE LENGTH   MOMENT REF. CENTER
 NUMBER                                                       NUMBER              AREA       LONG.     LAT.     HORIZ      VERT
              M        M/SEC      N/ M**2       DEG K         1/ M                M**2         M         M         M         M
0 0.720    7620.00     222.96   3.7650E+04     238.679     7.9197E+06           124.583      3.958    34.315    17.000     0.000
0                                                               -------------------DERIVATIVE (PER RADIAN)-------------------
0 ALPHA     CD       CL       CM       CN       CA       XCP        CLA          CMA          CYB          CNB          CLB
0
   -6.0    0.019    NDM       NDM     NDM      NDM        NaN          NaN          NaN      NDM          NDM          NDM 
   -4.0                                                                                                                NDM 
   -2.0                                                                                                                NDM 
    0.0                                                                                                                NDM 
    2.0                                                                                                                NDM 
    4.0                                                                                                                NDM 
    6.0                                                                                                                NDM 
    8.0                                                                                                                NDM 
   10.0                                                                                                                NDM 
   12.0                                                                                                                NDM 
   14.0                                                                                                                NDM 
   16.0                                                                                                                NDM 
0                                    ALPHA     Q/QINF    EPSLON  D(EPSLON)/D(ALPHA)
0
                                     -6.0      1.000      0.000        0.599
                                     -4.0                                  
                                     -2.0                                  
                                      0.0                                  
                                      2.0                                  
                                      4.0                                  
                                      6.0                                  
                                      8.0                                  
                                     10.0                                  
                                     12.0                                  
                                     14.0                                  
                                     16.0                                  
0*** NDM PRINTED WHEN NO DATCOM METHODS EXIST
1                             AUTOMATED STABILITY AND CONTROL METHODS PER APRIL 1976 VERSION OF DATCOM
                                             CONFIGURATION AUXILIARY AND PARTIAL OUTPUT
                                        WING-BODY-VERTICAL TAIL-HORIZONTAL TAIL CONFIGURATION
                                                 B738 M072 ELEVATOR FULL AIRCRAFT
 -----------------------  FLIGHT CONDITIONS  ------------------------           --------------  REFERENCE DIMENSIONS  ------------
  MACH    ALTITUDE   VELOCITY    PRESSURE    TEMPERATURE     REYNOLDS             REF.      REFERENCE LENGTH   MOMENT REF. CENTER
 NUMBER                                                       NUMBER              AREA       LONG.     LAT.     HORIZ      VERT
              M        M/SEC      N/ M**2       DEG K         1/ M                M**2         M         M         M         M
0 0.720    7620.00     222.96   3.7650E+04     238.679     7.9197E+06           124.583      3.958    34.315    17.000     0.000


                                                       BASIC BODY PROPERTIES

            WETTED AREA      XCG     ZCG     BASE AREA     ZERO LIFT DRAG   BASE DRAG   FRICTION DRAG   PRESSURE DRAG
             0.3942E+03    17.00    0.00       3.5622        0.7778E-02    0.1816E-02    0.5477E-02      0.4856E-03


                                         XCG RELATIVE TO THEORETICAL LEADING EDGE MAC=  -0.60


                                                       BASIC PLANFORM PROPERTIES

                                    TAPER     ASPECT   QUARTER CHORD             QUARTER CHORD              ZERO LIFT    FRICTION
                         AREA       RATIO      RATIO       SWEEP        MAC        X(MAC)       Y(MAC)        DRAG     COEFFICIENT
0      WING
   TOTAL THEORITICAL
+                     0.2280E+03    0.159    0.5164E+01    25.020    0.678E+01    0.193E+02    0.797E+01                       
       TOTAL EXPOSED
+                     0.1989E+03    0.164    0.4695E+01    25.020    0.664E+01    0.198E+02    0.900E+01    0.819E-02    0.224E-02
0  HORIZONTAL TAIL
   TOTAL THEORITICAL
+                     0.3278E+02    0.203    0.6281E+01    30.000    0.262E+01    0.364E+02    0.280E+01                       
       TOTAL EXPOSED
+                     0.2002E+02    0.256    0.5611E+01    30.000    0.211E+01    0.371E+02    0.400E+01    0.983E-03    0.267E-02
0   VERTICAL TAIL
   TOTAL THEORITICAL
+                     0.2644E+02    0.271    0.1941E+01    35.000    0.410E+01    0.356E+02    0.522E+01                       
       TOTAL EXPOSED
+                     0.2218E+02    0.294    0.1847E+01    35.000    0.381E+01    0.359E+02    0.338E+01      NA           NA  
0*** NA PRINTED WHEN METHOD NOT APPLICABLE
1                             AUTOMATED STABILITY AND CONTROL METHODS PER APRIL 1976 VERSION OF DATCOM
                                             CONFIGURATION AUXILIARY AND PARTIAL OUTPUT
                                        WING-BODY-VERTICAL TAIL-HORIZONTAL TAIL CONFIGURATION
                                                 B738 M072 ELEVATOR FULL AIRCRAFT
 -----------------------  FLIGHT CONDITIONS  ------------------------           --------------  REFERENCE DIMENSIONS  ------------
  MACH    ALTITUDE   VELOCITY    PRESSURE    TEMPERATURE     REYNOLDS             REF.      REFERENCE LENGTH   MOMENT REF. CENTER
 NUMBER                                                       NUMBER              AREA       LONG.     LAT.     HORIZ      VERT
              M        M/SEC      N/ M**2       DEG K         1/ M                M**2         M         M         M         M
0 0.720    7620.00     222.96   3.7650E+04     238.679     7.9197E+06           124.583      3.958    34.315    17.000     0.000
0          CLA-B(W)= 1.801E-02     CLA-W(B)= 1.315E-01     K-B(W)= 1.490E-01     K-W(B)= 1.088E+00     XAC/C-B(W)= 8.728E-01
0          CLA-B(H)= 3.526E-03     CLA-H(B)= 1.560E-02     K-B(H)= 2.760E-01     K-H(B)= 1.221E+00     XAC/C-B(H)= 5.441E-01
1                             AUTOMATED STABILITY AND CONTROL METHODS PER APRIL 1976 VERSION OF DATCOM
                                             CONFIGURATION AUXILIARY AND PARTIAL OUTPUT
                                        WING-BODY-VERTICAL TAIL-HORIZONTAL TAIL CONFIGURATION
                                                 B738 M072 ELEVATOR FULL AIRCRAFT
 -----------------------  FLIGHT CONDITIONS  ------------------------           --------------  REFERENCE DIMENSIONS  ------------
  MACH    ALTITUDE   VELOCITY    PRESSURE    TEMPERATURE     REYNOLDS             REF.      REFERENCE LENGTH   MOMENT REF. CENTER
 NUMBER                                                       NUMBER              AREA       LONG.     LAT.     HORIZ      VERT
              M        M/SEC      N/ M**2       DEG K         1/ M                M**2         M         M         M         M
0 0.720    7620.00     222.96   3.7650E+04     238.679     7.9197E+06           124.583      3.958    34.315    17.000     0.000


                                                      *** WING DATA FAIRING ***
                                       CDL/CL**2 = 0.2206E+00     CLB/CL = 0.5381E-02
            FORCE BREAK MACH NUMBER (ZERO SWEEP) = 0.8130E+00     FORCE BREAK MACH NUMBER (WITH SWEEP) = 0.8391E+00
                      MACH(A) = 0.909     CLA(A) = 0.4679E-01     MACH(B) = 0.979     CLA(B) = 0.1014E+00
                                                (CLB/CL)M=0.6 = 0.5572E-02     (CLB/CL)M=1.4 = 0.1000E-29

                                                  LIFT-CURVE-SLOPE INTERPOLATION TABLE
                                                      MACH               CL-ALPHA
                                                     0.720               0.1209E+00
                                                     0.839               0.1193E+00
                                                     0.909               0.4679E-01
                                                     0.979               0.1014E+00
                                                     1.400               0.9447E-01


                                                   *** WING-BODY DATA FAIRING ***
            CLB/CL =        NaN     (CLB/CL)MFB =-0.1286E-02     (CLB/CL)M=1.4 = 0.1000E-29     (CNA)M=1.4 =        NaN




                                                   *** HORIZONTAL TAIL DATA FAIRING ***
                                       CDL/CL**2 = 0.3107E+00     CLB/CL = 0.9830E-03
            FORCE BREAK MACH NUMBER (ZERO SWEEP) = 0.8039E+00     FORCE BREAK MACH NUMBER (WITH SWEEP) = 0.8351E+00
                      MACH(A) = 0.905     CLA(A) = 0.4538E-02     MACH(B) = 0.975     CLA(B) = 0.1085E-01
                                                (CLB/CL)M=0.6 = 0.1010E-02     (CLB/CL)M=1.4 = 0.1000E-29

                                                  LIFT-CURVE-SLOPE INTERPOLATION TABLE
                                                      MACH               CL-ALPHA
                                                     0.720               0.1278E-01
                                                     0.835               0.1276E-01
                                                     0.905               0.4538E-02
                                                     0.975               0.1085E-01
                                                     1.400               0.9189E-02


                                              *** HORIZONTAL TAIL-BODY DATA FAIRING ***
            CLB/CL =        NaN     (CLB/CL)MFB = 0.3744E-02     (CLB/CL)M=1.4 = 0.1000E-29     (CNA)M=1.4 =        NaN




                                           *** BODY-WING-HORIZONTAL TAIL DATA FAIRING ***
                                                DRAG DIVERGENCE MACH NUMBER = 0.829
                                                      MACH                 CDO
                                                     0.600               0.1806E-01
                                                     0.700               0.1844E-01
                                                     1.100                 Infinity
                                                     1.400                 Infinity
1
1                            AUTOMATED STABILITY AND CONTROL METHODS PER APRIL 1976 VERSION OF DATCOM
                                         CHARACTERISTICS OF HIGH LIFT AND CONTROL DEVICES
                                            TAIL PLAIN TRAILING-EDGE FLAP CONFIGURATION
                                                 B738 M072 ELEVATOR FULL AIRCRAFT
 -----------------------  FLIGHT CONDITIONS  ------------------------           --------------  REFERENCE DIMENSIONS  ------------
  MACH    ALTITUDE   VELOCITY    PRESSURE    TEMPERATURE     REYNOLDS             REF.      REFERENCE LENGTH   MOMENT REF. CENTER
 NUMBER                                                       NUMBER              AREA       LONG.     LAT.     HORIZ      VERT
              M        M/SEC      N/ M**2       DEG K         1/ M                M**2         M         M         M         M
0 0.720    7620.00     222.96   1.6423E+01     773.320     7.3577E+05           124.583      3.958    34.315    17.000     0.000
0            ---------INCREMENTS DUE TO DEFLECTION---------              ---DERIVATIVES (PER DEGREE)---
0     DELTA     D(CL)     D(CM)    D(CL MAX)    D(CD MIN)                (CLA)D     (CH)A       (CH)D


      -25.0    -0.085      NDM       NDM          NDM                    NDM         NDM         NDM 
      -20.0    -0.081      NDM       NDM          NDM                    NDM                     NDM 
      -10.0    -0.051      NDM       NDM          NDM                    NDM                     NDM 
       -5.0    -0.026      NDM       NDM          NDM                    NDM                     NDM 
        0.0     0.000      NDM       NDM          NDM                    NDM                     NDM 
        5.0     0.026      NDM       NDM          NDM                    NDM                     NDM 
       10.0     0.051      NDM       NDM          NDM                    NDM                     NDM 
       15.0     0.075      NDM       NDM          NDM                    NDM                     NDM 
       25.0     0.085      NDM       NDM          NDM                    NDM                     NDM 
0***NDM PRINTED WHEN NO DATCOM METHODS EXIST
1                               AUTOMATED STABILITY AND CONTROL METHODS PER APRIL 1976 VERSION OF DATCOM
                                         CHARACTERISTICS AT ANGLE OF ATTACK AND IN SIDESLIP
                                        WING-BODY-VERTICAL TAIL-HORIZONTAL TAIL CONFIGURATION
                                                 B738 M072 ELEVATOR FULL AIRCRAFT
 
 -----------------------  FLIGHT CONDITIONS  ------------------------           --------------  REFERENCE DIMENSIONS  ------------
  MACH    ALTITUDE   VELOCITY    PRESSURE    TEMPERATURE     REYNOLDS             REF.      REFERENCE LENGTH   MOMENT REF. CENTER
 NUMBER                                                       NUMBER              AREA       LONG.     LAT.     HORIZ      VERT
              M        M/SEC      N/ M**2       DEG K         1/ M                M**2         M         M         M         M
0 0.720    9144.00     218.30   3.0148E+04     228.799     6.7059E+06           124.583      3.958    34.315    17.000     0.000
0                                                               -------------------DERIVATIVE (PER RADIAN)-------------------
0 ALPHA     CD       CL       CM       CN       CA       XCP        CLA          CMA          CYB          CNB          CLB
0
   -6.0    0.019    NDM       NDM     NDM      NDM        NaN          NaN          NaN      NDM          NDM          NDM 
   -4.0                                                                                                                NDM 
   -2.0                                                                                                                NDM 
    0.0                                                                                                                NDM 
    2.0                                                                                                                NDM 
    4.0                                                                                                                NDM 
    6.0                                                                                                                NDM 
    8.0                                                                                                                NDM 
   10.0                                                                                                                NDM 
   12.0                                                                                                                NDM 
   14.0                                                                                                                NDM 
   16.0                                                                                                                NDM 
0                                    ALPHA     Q/QINF    EPSLON  D(EPSLON)/D(ALPHA)
0
                                     -6.0      0.999      0.000        0.599
                                     -4.0                                  
                                     -2.0                                  
                                      0.0                                  
                                      2.0                                  
                                      4.0                                  
                                      6.0                                  
                                      8.0                                  
                                     10.0                                  
                                     12.0                                  
                                     14.0                                  
                                     16.0                                  
0*** NDM PRINTED WHEN NO DATCOM METHODS EXIST
1                             AUTOMATED STABILITY AND CONTROL METHODS PER APRIL 1976 VERSION OF DATCOM
                                             CONFIGURATION AUXILIARY AND PARTIAL OUTPUT
                                        WING-BODY-VERTICAL TAIL-HORIZONTAL TAIL CONFIGURATION
                                                 B738 M072 ELEVATOR FULL AIRCRAFT
 -----------------------  FLIGHT CONDITIONS  ------------------------           --------------  REFERENCE DIMENSIONS  ------------
  MACH    ALTITUDE   VELOCITY    PRESSURE    TEMPERATURE     REYNOLDS             REF.      REFERENCE LENGTH   MOMENT REF. CENTER
 NUMBER                                                       NUMBER              AREA       LONG.     LAT.     HORIZ      VERT
              M        M/SEC      N/ M**2       DEG K         1/ M                M**2         M         M         M         M
0 0.720    9144.00     218.30   3.0148E+04     228.799     6.7059E+06           124.583      3.958    34.315    17.000     0.000


                                                       BASIC BODY PROPERTIES

            WETTED AREA      XCG     ZCG     BASE AREA     ZERO LIFT DRAG   BASE DRAG   FRICTION DRAG   PRESSURE DRAG
             0.3942E+03    17.00    0.00       3.5622        0.7899E-02    0.1795E-02    0.5607E-02      0.4972E-03


                                         XCG RELATIVE TO THEORETICAL LEADING EDGE MAC=  -0.60


                                                       BASIC PLANFORM PROPERTIES

                                    TAPER     ASPECT   QUARTER CHORD             QUARTER CHORD              ZERO LIFT    FRICTION
                         AREA       RATIO      RATIO       SWEEP        MAC        X(MAC)       Y(MAC)        DRAG     COEFFICIENT
0      WING
   TOTAL THEORITICAL
+                     0.2280E+03    0.159    0.5164E+01    25.020    0.678E+01    0.193E+02    0.797E+01                       
       TOTAL EXPOSED
+                     0.1989E+03    0.164    0.4695E+01    25.020    0.664E+01    0.198E+02    0.900E+01    0.840E-02    0.230E-02
0  HORIZONTAL TAIL
   TOTAL THEORITICAL
+                     0.3278E+02    0.203    0.6281E+01    30.000    0.262E+01    0.364E+02    0.280E+01                       
       TOTAL EXPOSED
+                     0.2002E+02    0.256    0.5611E+01    30.000    0.211E+01    0.371E+02    0.400E+01    0.101E-02    0.274E-02
0   VERTICAL TAIL
   TOTAL THEORITICAL
+                     0.2644E+02    0.271    0.1941E+01    35.000    0.410E+01    0.356E+02    0.522E+01                       
       TOTAL EXPOSED
+                     0.2218E+02    0.294    0.1847E+01    35.000    0.381E+01    0.359E+02    0.338E+01      NA           NA  
0*** NA PRINTED WHEN METHOD NOT APPLICABLE
1                             AUTOMATED STABILITY AND CONTROL METHODS PER APRIL 1976 VERSION OF DATCOM
                                             CONFIGURATION AUXILIARY AND PARTIAL OUTPUT
                                        WING-BODY-VERTICAL TAIL-HORIZONTAL TAIL CONFIGURATION
                                                 B738 M072 ELEVATOR FULL AIRCRAFT
 -----------------------  FLIGHT CONDITIONS  ------------------------           --------------  REFERENCE DIMENSIONS  ------------
  MACH    ALTITUDE   VELOCITY    PRESSURE    TEMPERATURE     REYNOLDS             REF.      REFERENCE LENGTH   MOMENT REF. CENTER
 NUMBER                                                       NUMBER              AREA       LONG.     LAT.     HORIZ      VERT
              M        M/SEC      N/ M**2       DEG K         1/ M                M**2         M         M         M         M
0 0.720    9144.00     218.30   3.0148E+04     228.799     6.7059E+06           124.583      3.958    34.315    17.000     0.000
0          CLA-B(W)= 1.801E-02     CLA-W(B)= 1.315E-01     K-B(W)= 1.490E-01     K-W(B)= 1.088E+00     XAC/C-B(W)= 8.728E-01
0          CLA-B(H)= 3.526E-03     CLA-H(B)= 1.560E-02     K-B(H)= 2.760E-01     K-H(B)= 1.221E+00     XAC/C-B(H)= 5.441E-01
1                             AUTOMATED STABILITY AND CONTROL METHODS PER APRIL 1976 VERSION OF DATCOM
                                             CONFIGURATION AUXILIARY AND PARTIAL OUTPUT
                                        WING-BODY-VERTICAL TAIL-HORIZONTAL TAIL CONFIGURATION
                                                 B738 M072 ELEVATOR FULL AIRCRAFT
 -----------------------  FLIGHT CONDITIONS  ------------------------           --------------  REFERENCE DIMENSIONS  ------------
  MACH    ALTITUDE   VELOCITY    PRESSURE    TEMPERATURE     REYNOLDS             REF.      REFERENCE LENGTH   MOMENT REF. CENTER
 NUMBER                                                       NUMBER              AREA       LONG.     LAT.     HORIZ      VERT
              M        M/SEC      N/ M**2       DEG K         1/ M                M**2         M         M         M         M
0 0.720    9144.00     218.30   3.0148E+04     228.799     6.7059E+06           124.583      3.958    34.315    17.000     0.000


                                                      *** WING DATA FAIRING ***
                                       CDL/CL**2 = 0.2206E+00     CLB/CL = 0.5381E-02
            FORCE BREAK MACH NUMBER (ZERO SWEEP) = 0.8130E+00     FORCE BREAK MACH NUMBER (WITH SWEEP) = 0.8391E+00
                      MACH(A) = 0.909     CLA(A) = 0.4679E-01     MACH(B) = 0.979     CLA(B) = 0.1014E+00
                                                (CLB/CL)M=0.6 = 0.5572E-02     (CLB/CL)M=1.4 = 0.1000E-29

                                                  LIFT-CURVE-SLOPE INTERPOLATION TABLE
                                                      MACH               CL-ALPHA
                                                     0.720               0.1209E+00
                                                     0.839               0.1193E+00
                                                     0.909               0.4679E-01
                                                     0.979               0.1014E+00
                                                     1.400               0.9447E-01


                                                   *** WING-BODY DATA FAIRING ***
            CLB/CL =        NaN     (CLB/CL)MFB =-0.1286E-02     (CLB/CL)M=1.4 = 0.1000E-29     (CNA)M=1.4 =        NaN




                                                   *** HORIZONTAL TAIL DATA FAIRING ***
                                       CDL/CL**2 = 0.3107E+00     CLB/CL = 0.9830E-03
            FORCE BREAK MACH NUMBER (ZERO SWEEP) = 0.8039E+00     FORCE BREAK MACH NUMBER (WITH SWEEP) = 0.8351E+00
                      MACH(A) = 0.905     CLA(A) = 0.4538E-02     MACH(B) = 0.975     CLA(B) = 0.1085E-01
                                                (CLB/CL)M=0.6 = 0.1010E-02     (CLB/CL)M=1.4 = 0.1000E-29

                                                  LIFT-CURVE-SLOPE INTERPOLATION TABLE
                                                      MACH               CL-ALPHA
                                                     0.720               0.1278E-01
                                                     0.835               0.1276E-01
                                                     0.905               0.4538E-02
                                                     0.975               0.1085E-01
                                                     1.400               0.9189E-02


                                              *** HORIZONTAL TAIL-BODY DATA FAIRING ***
            CLB/CL =        NaN     (CLB/CL)MFB = 0.3744E-02     (CLB/CL)M=1.4 = 0.1000E-29     (CNA)M=1.4 =        NaN




                                           *** BODY-WING-HORIZONTAL TAIL DATA FAIRING ***
                                                DRAG DIVERGENCE MACH NUMBER = 0.829
                                                      MACH                 CDO
                                                     0.600               0.1806E-01
                                                     0.700               0.1844E-01
                                                     1.100                 Infinity
                                                     1.400                 Infinity
1
1                            AUTOMATED STABILITY AND CONTROL METHODS PER APRIL 1976 VERSION OF DATCOM
                                         CHARACTERISTICS OF HIGH LIFT AND CONTROL DEVICES
                                            TAIL PLAIN TRAILING-EDGE FLAP CONFIGURATION
                                                 B738 M072 ELEVATOR FULL AIRCRAFT
 -----------------------  FLIGHT CONDITIONS  ------------------------           --------------  REFERENCE DIMENSIONS  ------------
  MACH    ALTITUDE   VELOCITY    PRESSURE    TEMPERATURE     REYNOLDS             REF.      REFERENCE LENGTH   MOMENT REF. CENTER
 NUMBER                                                       NUMBER              AREA       LONG.     LAT.     HORIZ      VERT
              M        M/SEC      N/ M**2       DEG K         1/ M                M**2         M         M         M         M
0 0.720    9144.00     218.30   1.3151E+01     741.308     6.2300E+05           124.583      3.958    34.315    17.000     0.000
0            ---------INCREMENTS DUE TO DEFLECTION---------              ---DERIVATIVES (PER DEGREE)---
0     DELTA     D(CL)     D(CM)    D(CL MAX)    D(CD MIN)                (CLA)D     (CH)A       (CH)D


      -25.0    -0.085      NDM       NDM          NDM                    NDM         NDM         NDM 
      -20.0    -0.081      NDM       NDM          NDM                    NDM                     NDM 
      -10.0    -0.051      NDM       NDM          NDM                    NDM                     NDM 
       -5.0    -0.026      NDM       NDM          NDM                    NDM                     NDM 
        0.0     0.000      NDM       NDM          NDM                    NDM                     NDM 
        5.0     0.026      NDM       NDM          NDM                    NDM                     NDM 
       10.0     0.051      NDM       NDM          NDM                    NDM                     NDM 
       15.0     0.074      NDM       NDM          NDM                    NDM                     NDM 
       25.0     0.085      NDM       NDM          NDM                    NDM                     NDM 
0***NDM PRINTED WHEN NO DATCOM METHODS EXIST
1                               AUTOMATED STABILITY AND CONTROL METHODS PER APRIL 1976 VERSION OF DATCOM
                                         CHARACTERISTICS AT ANGLE OF ATTACK AND IN SIDESLIP
                                        WING-BODY-VERTICAL TAIL-HORIZONTAL TAIL CONFIGURATION
                                                 B738 M072 ELEVATOR FULL AIRCRAFT
 
 -----------------------  FLIGHT CONDITIONS  ------------------------           --------------  REFERENCE DIMENSIONS  ------------
  MACH    ALTITUDE   VELOCITY    PRESSURE    TEMPERATURE     REYNOLDS             REF.      REFERENCE LENGTH   MOMENT REF. CENTER
 NUMBER                                                       NUMBER              AREA       LONG.     LAT.     HORIZ      VERT
              M        M/SEC      N/ M**2       DEG K         1/ M                M**2         M         M         M         M
0 0.720   10668.00     213.54   2.3909E+04     218.924     5.6395E+06           124.583      3.958    34.315    17.000     0.000
0                                                               -------------------DERIVATIVE (PER RADIAN)-------------------
0 ALPHA     CD       CL       CM       CN       CA       XCP        CLA          CMA          CYB          CNB          CLB
0
   -6.0    0.019    NDM       NDM     NDM      NDM        NaN          NaN          NaN      NDM          NDM          NDM 
   -4.0                                                                                                                NDM 
   -2.0                                                                                                                NDM 
    0.0                                                                                                                NDM 
    2.0                                                                                                                NDM 
    4.0                                                                                                                NDM 
    6.0                                                                                                                NDM 
    8.0                                                                                                                NDM 
   10.0                                                                                                                NDM 
   12.0                                                                                                                NDM 
   14.0                                                                                                                NDM 
   16.0                                                                                                                NDM 
0                                    ALPHA     Q/QINF    EPSLON  D(EPSLON)/D(ALPHA)
0
                                     -6.0      0.995      0.000        0.599
                                     -4.0                                  
                                     -2.0                                  
                                      0.0                                  
                                      2.0                                  
                                      4.0                                  
                                      6.0                                  
                                      8.0                                  
                                     10.0                                  
                                     12.0                                  
                                     14.0                                  
                                     16.0                                  
0*** NDM PRINTED WHEN NO DATCOM METHODS EXIST
1                             AUTOMATED STABILITY AND CONTROL METHODS PER APRIL 1976 VERSION OF DATCOM
                                             CONFIGURATION AUXILIARY AND PARTIAL OUTPUT
                                        WING-BODY-VERTICAL TAIL-HORIZONTAL TAIL CONFIGURATION
                                                 B738 M072 ELEVATOR FULL AIRCRAFT
 -----------------------  FLIGHT CONDITIONS  ------------------------           --------------  REFERENCE DIMENSIONS  ------------
  MACH    ALTITUDE   VELOCITY    PRESSURE    TEMPERATURE     REYNOLDS             REF.      REFERENCE LENGTH   MOMENT REF. CENTER
 NUMBER                                                       NUMBER              AREA       LONG.     LAT.     HORIZ      VERT
              M        M/SEC      N/ M**2       DEG K         1/ M                M**2         M         M         M         M
0 0.720   10668.00     213.54   2.3909E+04     218.924     5.6395E+06           124.583      3.958    34.315    17.000     0.000


                                                       BASIC BODY PROPERTIES

            WETTED AREA      XCG     ZCG     BASE AREA     ZERO LIFT DRAG   BASE DRAG   FRICTION DRAG   PRESSURE DRAG
             0.3942E+03    17.00    0.00       3.5622        0.8032E-02    0.1772E-02    0.5750E-02      0.5098E-03


                                         XCG RELATIVE TO THEORETICAL LEADING EDGE MAC=  -0.60


                                                       BASIC PLANFORM PROPERTIES

                                    TAPER     ASPECT   QUARTER CHORD             QUARTER CHORD              ZERO LIFT    FRICTION
                         AREA       RATIO      RATIO       SWEEP        MAC        X(MAC)       Y(MAC)        DRAG     COEFFICIENT
0      WING
   TOTAL THEORITICAL
+                     0.2280E+03    0.159    0.5164E+01    25.020    0.678E+01    0.193E+02    0.797E+01                       
       TOTAL EXPOSED
+                     0.1989E+03    0.164    0.4695E+01    25.020    0.664E+01    0.198E+02    0.900E+01    0.863E-02    0.236E-02
0  HORIZONTAL TAIL
   TOTAL THEORITICAL
+                     0.3278E+02    0.203    0.6281E+01    30.000    0.262E+01    0.364E+02    0.280E+01                       
       TOTAL EXPOSED
+                     0.2002E+02    0.256    0.5611E+01    30.000    0.211E+01    0.371E+02    0.400E+01    0.104E-02    0.282E-02
0   VERTICAL TAIL
   TOTAL THEORITICAL
+                     0.2644E+02    0.271    0.1941E+01    35.000    0.410E+01    0.356E+02    0.522E+01                       
       TOTAL EXPOSED
+                     0.2218E+02    0.294    0.1847E+01    35.000    0.381E+01    0.359E+02    0.338E+01      NA           NA  
0*** NA PRINTED WHEN METHOD NOT APPLICABLE
1                             AUTOMATED STABILITY AND CONTROL METHODS PER APRIL 1976 VERSION OF DATCOM
                                             CONFIGURATION AUXILIARY AND PARTIAL OUTPUT
                                        WING-BODY-VERTICAL TAIL-HORIZONTAL TAIL CONFIGURATION
                                                 B738 M072 ELEVATOR FULL AIRCRAFT
 -----------------------  FLIGHT CONDITIONS  ------------------------           --------------  REFERENCE DIMENSIONS  ------------
  MACH    ALTITUDE   VELOCITY    PRESSURE    TEMPERATURE     REYNOLDS             REF.      REFERENCE LENGTH   MOMENT REF. CENTER
 NUMBER                                                       NUMBER              AREA       LONG.     LAT.     HORIZ      VERT
              M        M/SEC      N/ M**2       DEG K         1/ M                M**2         M         M         M         M
0 0.720   10668.00     213.54   2.3909E+04     218.924     5.6395E+06           124.583      3.958    34.315    17.000     0.000
0          CLA-B(W)= 1.801E-02     CLA-W(B)= 1.315E-01     K-B(W)= 1.490E-01     K-W(B)= 1.088E+00     XAC/C-B(W)= 8.728E-01
0          CLA-B(H)= 3.526E-03     CLA-H(B)= 1.560E-02     K-B(H)= 2.760E-01     K-H(B)= 1.221E+00     XAC/C-B(H)= 5.441E-01
1                             AUTOMATED STABILITY AND CONTROL METHODS PER APRIL 1976 VERSION OF DATCOM
                                             CONFIGURATION AUXILIARY AND PARTIAL OUTPUT
                                        WING-BODY-VERTICAL TAIL-HORIZONTAL TAIL CONFIGURATION
                                                 B738 M072 ELEVATOR FULL AIRCRAFT
 -----------------------  FLIGHT CONDITIONS  ------------------------           --------------  REFERENCE DIMENSIONS  ------------
  MACH    ALTITUDE   VELOCITY    PRESSURE    TEMPERATURE     REYNOLDS             REF.      REFERENCE LENGTH   MOMENT REF. CENTER
 NUMBER                                                       NUMBER              AREA       LONG.     LAT.     HORIZ      VERT
              M        M/SEC      N/ M**2       DEG K         1/ M                M**2         M         M         M         M
0 0.720   10668.00     213.54   2.3909E+04     218.924     5.6395E+06           124.583      3.958    34.315    17.000     0.000


                                                      *** WING DATA FAIRING ***
                                       CDL/CL**2 = 0.2206E+00     CLB/CL = 0.5381E-02
            FORCE BREAK MACH NUMBER (ZERO SWEEP) = 0.8130E+00     FORCE BREAK MACH NUMBER (WITH SWEEP) = 0.8391E+00
                      MACH(A) = 0.909     CLA(A) = 0.4679E-01     MACH(B) = 0.979     CLA(B) = 0.1014E+00
                                                (CLB/CL)M=0.6 = 0.5572E-02     (CLB/CL)M=1.4 = 0.1000E-29

                                                  LIFT-CURVE-SLOPE INTERPOLATION TABLE
                                                      MACH               CL-ALPHA
                                                     0.720               0.1209E+00
                                                     0.839               0.1193E+00
                                                     0.909               0.4679E-01
                                                     0.979               0.1014E+00
                                                     1.400               0.9447E-01


                                                   *** WING-BODY DATA FAIRING ***
            CLB/CL =        NaN     (CLB/CL)MFB =-0.1286E-02     (CLB/CL)M=1.4 = 0.1000E-29     (CNA)M=1.4 =        NaN




                                                   *** HORIZONTAL TAIL DATA FAIRING ***
                                       CDL/CL**2 = 0.3107E+00     CLB/CL = 0.9830E-03
            FORCE BREAK MACH NUMBER (ZERO SWEEP) = 0.8039E+00     FORCE BREAK MACH NUMBER (WITH SWEEP) = 0.8351E+00
                      MACH(A) = 0.905     CLA(A) = 0.4538E-02     MACH(B) = 0.975     CLA(B) = 0.1085E-01
                                                (CLB/CL)M=0.6 = 0.1010E-02     (CLB/CL)M=1.4 = 0.1000E-29

                                                  LIFT-CURVE-SLOPE INTERPOLATION TABLE
                                                      MACH               CL-ALPHA
                                                     0.720               0.1278E-01
                                                     0.835               0.1276E-01
                                                     0.905               0.4538E-02
                                                     0.975               0.1085E-01
                                                     1.400               0.9189E-02


                                              *** HORIZONTAL TAIL-BODY DATA FAIRING ***
            CLB/CL =        NaN     (CLB/CL)MFB = 0.3744E-02     (CLB/CL)M=1.4 = 0.1000E-29     (CNA)M=1.4 =        NaN




                                           *** BODY-WING-HORIZONTAL TAIL DATA FAIRING ***
                                                DRAG DIVERGENCE MACH NUMBER = 0.829
                                                      MACH                 CDO
                                                     0.600               0.1806E-01
                                                     0.700               0.1844E-01
                                                     1.100                 Infinity
                                                     1.400                 Infinity
1
1                            AUTOMATED STABILITY AND CONTROL METHODS PER APRIL 1976 VERSION OF DATCOM
                                         CHARACTERISTICS OF HIGH LIFT AND CONTROL DEVICES
                                            TAIL PLAIN TRAILING-EDGE FLAP CONFIGURATION
                                                 B738 M072 ELEVATOR FULL AIRCRAFT
 -----------------------  FLIGHT CONDITIONS  ------------------------           --------------  REFERENCE DIMENSIONS  ------------
  MACH    ALTITUDE   VELOCITY    PRESSURE    TEMPERATURE     REYNOLDS             REF.      REFERENCE LENGTH   MOMENT REF. CENTER
 NUMBER                                                       NUMBER              AREA       LONG.     LAT.     HORIZ      VERT
              M        M/SEC      N/ M**2       DEG K         1/ M                M**2         M         M         M         M
0 0.720   10668.00     213.54   1.0429E+01     709.312     5.2392E+05           124.583      3.958    34.315    17.000     0.000
0            ---------INCREMENTS DUE TO DEFLECTION---------              ---DERIVATIVES (PER DEGREE)---
0     DELTA     D(CL)     D(CM)    D(CL MAX)    D(CD MIN)                (CLA)D     (CH)A       (CH)D


      -25.0    -0.085      NDM       NDM          NDM                    NDM         NDM         NDM 
      -20.0    -0.081      NDM       NDM          NDM                    NDM                     NDM 
      -10.0    -0.051      NDM       NDM          NDM                    NDM                     NDM 
       -5.0    -0.026      NDM       NDM          NDM                    NDM                     NDM 
        0.0     0.000      NDM       NDM          NDM                    NDM                     NDM 
        5.0     0.026      NDM       NDM          NDM                    NDM                     NDM 
       10.0     0.051      NDM       NDM          NDM                    NDM                     NDM 
       15.0     0.074      NDM       NDM          NDM                    NDM                     NDM 
       25.0     0.085      NDM       NDM          NDM                    NDM                     NDM 
0***NDM PRINTED WHEN NO DATCOM METHODS EXIST
1                               AUTOMATED STABILITY AND CONTROL METHODS PER APRIL 1976 VERSION OF DATCOM
                                         CHARACTERISTICS AT ANGLE OF ATTACK AND IN SIDESLIP
                                        WING-BODY-VERTICAL TAIL-HORIZONTAL TAIL CONFIGURATION
                                                 B738 M072 ELEVATOR FULL AIRCRAFT
 
 -----------------------  FLIGHT CONDITIONS  ------------------------           --------------  REFERENCE DIMENSIONS  ------------
  MACH    ALTITUDE   VELOCITY    PRESSURE    TEMPERATURE     REYNOLDS             REF.      REFERENCE LENGTH   MOMENT REF. CENTER
 NUMBER                                                       NUMBER              AREA       LONG.     LAT.     HORIZ      VERT
              M        M/SEC      N/ M**2       DEG K         1/ M                M**2         M         M         M         M
0 0.720   11887.20     212.43   1.9746E+04     216.650     4.7230E+06           124.583      3.958    34.315    17.000     0.000
0                                                               -------------------DERIVATIVE (PER RADIAN)-------------------
0 ALPHA     CD       CL       CM       CN       CA       XCP        CLA          CMA          CYB          CNB          CLB
0
   -6.0    0.019    NDM       NDM     NDM      NDM        NaN          NaN          NaN      NDM          NDM          NDM 
   -4.0                                                                                                                NDM 
   -2.0                                                                                                                NDM 
    0.0                                                                                                                NDM 
    2.0                                                                                                                NDM 
    4.0                                                                                                                NDM 
    6.0                                                                                                                NDM 
    8.0                                                                                                                NDM 
   10.0                                                                                                                NDM 
   12.0                                                                                                                NDM 
   14.0                                                                                                                NDM 
   16.0                                                                                                                NDM 
0                                    ALPHA     Q/QINF    EPSLON  D(EPSLON)/D(ALPHA)
0
                                     -6.0      0.988      0.000        0.599
                                     -4.0                                  
                                     -2.0                                  
                                      0.0                                  
                                      2.0                                  
                                      4.0                                  
                                      6.0                                  
                                      8.0                                  
                                     10.0                                  
                                     12.0                                  
                                     14.0                                  
                                     16.0                                  
0*** NDM PRINTED WHEN NO DATCOM METHODS EXIST
1                             AUTOMATED STABILITY AND CONTROL METHODS PER APRIL 1976 VERSION OF DATCOM
                                             CONFIGURATION AUXILIARY AND PARTIAL OUTPUT
                                        WING-BODY-VERTICAL TAIL-HORIZONTAL TAIL CONFIGURATION
                                                 B738 M072 ELEVATOR FULL AIRCRAFT
 -----------------------  FLIGHT CONDITIONS  ------------------------           --------------  REFERENCE DIMENSIONS  ------------
  MACH    ALTITUDE   VELOCITY    PRESSURE    TEMPERATURE     REYNOLDS             REF.      REFERENCE LENGTH   MOMENT REF. CENTER
 NUMBER                                                       NUMBER              AREA       LONG.     LAT.     HORIZ      VERT
              M        M/SEC      N/ M**2       DEG K         1/ M                M**2         M         M         M         M
0 0.720   11887.20     212.43   1.9746E+04     216.650     4.7230E+06           124.583      3.958    34.315    17.000     0.000


                                                       BASIC BODY PROPERTIES

            WETTED AREA      XCG     ZCG     BASE AREA     ZERO LIFT DRAG   BASE DRAG   FRICTION DRAG   PRESSURE DRAG
             0.3942E+03    17.00    0.00       3.5622        0.8174E-02    0.1749E-02    0.5901E-02      0.5233E-03


                                         XCG RELATIVE TO THEORETICAL LEADING EDGE MAC=  -0.60


                                                       BASIC PLANFORM PROPERTIES

                                    TAPER     ASPECT   QUARTER CHORD             QUARTER CHORD              ZERO LIFT    FRICTION
                         AREA       RATIO      RATIO       SWEEP        MAC        X(MAC)       Y(MAC)        DRAG     COEFFICIENT
0      WING
   TOTAL THEORITICAL
+                     0.2280E+03    0.159    0.5164E+01    25.020    0.678E+01    0.193E+02    0.797E+01                       
       TOTAL EXPOSED
+                     0.1989E+03    0.164    0.4695E+01    25.020    0.664E+01    0.198E+02    0.900E+01    0.886E-02    0.243E-02
0  HORIZONTAL TAIL
   TOTAL THEORITICAL
+                     0.3278E+02    0.203    0.6281E+01    30.000    0.262E+01    0.364E+02    0.280E+01                       
       TOTAL EXPOSED
+                     0.2002E+02    0.256    0.5611E+01    30.000    0.211E+01    0.371E+02    0.400E+01    0.107E-02    0.290E-02
0   VERTICAL TAIL
   TOTAL THEORITICAL
+                     0.2644E+02    0.271    0.1941E+01    35.000    0.410E+01    0.356E+02    0.522E+01                       
       TOTAL EXPOSED
+                     0.2218E+02    0.294    0.1847E+01    35.000    0.381E+01    0.359E+02    0.338E+01      NA           NA  
0*** NA PRINTED WHEN METHOD NOT APPLICABLE
1                             AUTOMATED STABILITY AND CONTROL METHODS PER APRIL 1976 VERSION OF DATCOM
                                             CONFIGURATION AUXILIARY AND PARTIAL OUTPUT
                                        WING-BODY-VERTICAL TAIL-HORIZONTAL TAIL CONFIGURATION
                                                 B738 M072 ELEVATOR FULL AIRCRAFT
 -----------------------  FLIGHT CONDITIONS  ------------------------           --------------  REFERENCE DIMENSIONS  ------------
  MACH    ALTITUDE   VELOCITY    PRESSURE    TEMPERATURE     REYNOLDS             REF.      REFERENCE LENGTH   MOMENT REF. CENTER
 NUMBER                                                       NUMBER              AREA       LONG.     LAT.     HORIZ      VERT
              M        M/SEC      N/ M**2       DEG K         1/ M                M**2         M         M         M         M
0 0.720   11887.20     212.43   1.9746E+04     216.650     4.7230E+06           124.583      3.958    34.315    17.000     0.000
0          CLA-B(W)= 1.801E-02     CLA-W(B)= 1.315E-01     K-B(W)= 1.490E-01     K-W(B)= 1.088E+00     XAC/C-B(W)= 8.728E-01
0          CLA-B(H)= 3.526E-03     CLA-H(B)= 1.560E-02     K-B(H)= 2.760E-01     K-H(B)= 1.221E+00     XAC/C-B(H)= 5.441E-01
1                             AUTOMATED STABILITY AND CONTROL METHODS PER APRIL 1976 VERSION OF DATCOM
                                             CONFIGURATION AUXILIARY AND PARTIAL OUTPUT
                                        WING-BODY-VERTICAL TAIL-HORIZONTAL TAIL CONFIGURATION
                                                 B738 M072 ELEVATOR FULL AIRCRAFT
 -----------------------  FLIGHT CONDITIONS  ------------------------           --------------  REFERENCE DIMENSIONS  ------------
  MACH    ALTITUDE   VELOCITY    PRESSURE    TEMPERATURE     REYNOLDS             REF.      REFERENCE LENGTH   MOMENT REF. CENTER
 NUMBER                                                       NUMBER              AREA       LONG.     LAT.     HORIZ      VERT
              M        M/SEC      N/ M**2       DEG K         1/ M                M**2         M         M         M         M
0 0.720   11887.20     212.43   1.9746E+04     216.650     4.7230E+06           124.583      3.958    34.315    17.000     0.000


                                                      *** WING DATA FAIRING ***
                                       CDL/CL**2 = 0.2206E+00     CLB/CL = 0.5381E-02
            FORCE BREAK MACH NUMBER (ZERO SWEEP) = 0.8130E+00     FORCE BREAK MACH NUMBER (WITH SWEEP) = 0.8391E+00
                      MACH(A) = 0.909     CLA(A) = 0.4679E-01     MACH(B) = 0.979     CLA(B) = 0.1014E+00
                                                (CLB/CL)M=0.6 = 0.5572E-02     (CLB/CL)M=1.4 = 0.1000E-29

                                                  LIFT-CURVE-SLOPE INTERPOLATION TABLE
                                                      MACH               CL-ALPHA
                                                     0.720               0.1209E+00
                                                     0.839               0.1193E+00
                                                     0.909               0.4679E-01
                                                     0.979               0.1014E+00
                                                     1.400               0.9447E-01


                                                   *** WING-BODY DATA FAIRING ***
            CLB/CL =        NaN     (CLB/CL)MFB =-0.1286E-02     (CLB/CL)M=1.4 = 0.1000E-29     (CNA)M=1.4 =        NaN




                                                   *** HORIZONTAL TAIL DATA FAIRING ***
                                       CDL/CL**2 = 0.3107E+00     CLB/CL = 0.9830E-03
            FORCE BREAK MACH NUMBER (ZERO SWEEP) = 0.8039E+00     FORCE BREAK MACH NUMBER (WITH SWEEP) = 0.8351E+00
                      MACH(A) = 0.905     CLA(A) = 0.4538E-02     MACH(B) = 0.975     CLA(B) = 0.1085E-01
                                                (CLB/CL)M=0.6 = 0.1010E-02     (CLB/CL)M=1.4 = 0.1000E-29

                                                  LIFT-CURVE-SLOPE INTERPOLATION TABLE
                                                      MACH               CL-ALPHA
                                                     0.720               0.1278E-01
                                                     0.835               0.1276E-01
                                                     0.905               0.4538E-02
                                                     0.975               0.1085E-01
                                                     1.400               0.9189E-02


                                              *** HORIZONTAL TAIL-BODY DATA FAIRING ***
            CLB/CL =        NaN     (CLB/CL)MFB = 0.3744E-02     (CLB/CL)M=1.4 = 0.1000E-29     (CNA)M=1.4 =        NaN




                                           *** BODY-WING-HORIZONTAL TAIL DATA FAIRING ***
                                                DRAG DIVERGENCE MACH NUMBER = 0.829
                                                      MACH                 CDO
                                                     0.600               0.1806E-01
                                                     0.700               0.1844E-01
                                                     1.100                 Infinity
                                                     1.400                 Infinity
1
1                            AUTOMATED STABILITY AND CONTROL METHODS PER APRIL 1976 VERSION OF DATCOM
                                         CHARACTERISTICS OF HIGH LIFT AND CONTROL DEVICES
                                            TAIL PLAIN TRAILING-EDGE FLAP CONFIGURATION
                                                 B738 M072 ELEVATOR FULL AIRCRAFT
 -----------------------  FLIGHT CONDITIONS  ------------------------           --------------  REFERENCE DIMENSIONS  ------------
  MACH    ALTITUDE   VELOCITY    PRESSURE    TEMPERATURE     REYNOLDS             REF.      REFERENCE LENGTH   MOMENT REF. CENTER
 NUMBER                                                       NUMBER              AREA       LONG.     LAT.     HORIZ      VERT
              M        M/SEC      N/ M**2       DEG K         1/ M                M**2         M         M         M         M
0 0.720   11887.20     212.43   8.6131E+00     701.946     4.3878E+05           124.583      3.958    34.315    17.000     0.000
0            ---------INCREMENTS DUE TO DEFLECTION---------              ---DERIVATIVES (PER DEGREE)---
0     DELTA     D(CL)     D(CM)    D(CL MAX)    D(CD MIN)                (CLA)D     (CH)A       (CH)D


      -25.0    -0.085      NDM       NDM          NDM                    NDM         NDM         NDM 
      -20.0    -0.081      NDM       NDM          NDM                    NDM                     NDM 
      -10.0    -0.051      NDM       NDM          NDM                    NDM                     NDM 
       -5.0    -0.025      NDM       NDM          NDM                    NDM                     NDM 
        0.0     0.000      NDM       NDM          NDM                    NDM                     NDM 
        5.0     0.025      NDM       NDM          NDM                    NDM                     NDM 
       10.0     0.051      NDM       NDM          NDM                    NDM                     NDM 
       15.0     0.074      NDM       NDM          NDM                    NDM                     NDM 
       25.0     0.085      NDM       NDM          NDM                    NDM                     NDM 
0***NDM PRINTED WHEN NO DATCOM METHODS EXIST
1                               AUTOMATED STABILITY AND CONTROL METHODS PER APRIL 1976 VERSION OF DATCOM
                                         CHARACTERISTICS AT ANGLE OF ATTACK AND IN SIDESLIP
                                        WING-BODY-VERTICAL TAIL-HORIZONTAL TAIL CONFIGURATION
                                                 B738 M072 ELEVATOR FULL AIRCRAFT
 
 -----------------------  FLIGHT CONDITIONS  ------------------------           --------------  REFERENCE DIMENSIONS  ------------
  MACH    ALTITUDE   VELOCITY    PRESSURE    TEMPERATURE     REYNOLDS             REF.      REFERENCE LENGTH   MOMENT REF. CENTER
 NUMBER                                                       NUMBER              AREA       LONG.     LAT.     HORIZ      VERT
              M        M/SEC      N/ M**2       DEG K         1/ M                M**2         M         M         M         M
0 0.720   12496.80     212.43   1.7943E+04     216.650     4.2917E+06           124.583      3.958    34.315    17.000     0.000
0                                                               -------------------DERIVATIVE (PER RADIAN)-------------------
0 ALPHA     CD       CL       CM       CN       CA       XCP        CLA          CMA          CYB          CNB          CLB
0
   -6.0    0.019    NDM       NDM     NDM      NDM        NaN          NaN          NaN      NDM          NDM          NDM 
   -4.0                                                                                                                NDM 
   -2.0                                                                                                                NDM 
    0.0                                                                                                                NDM 
    2.0                                                                                                                NDM 
    4.0                                                                                                                NDM 
    6.0                                                                                                                NDM 
    8.0                                                                                                                NDM 
   10.0                                                                                                                NDM 
   12.0                                                                                                                NDM 
   14.0                                                                                                                NDM 
   16.0                                                                                                                NDM 
0                                    ALPHA     Q/QINF    EPSLON  D(EPSLON)/D(ALPHA)
0
                                     -6.0      0.984      0.000        0.599
                                     -4.0                                  
                                     -2.0                                  
                                      0.0                                  
                                      2.0                                  
                                      4.0                                  
                                      6.0                                  
                                      8.0                                  
                                     10.0                                  
                                     12.0                                  
                                     14.0                                  
                                     16.0                                  
0*** NDM PRINTED WHEN NO DATCOM METHODS EXIST
1                             AUTOMATED STABILITY AND CONTROL METHODS PER APRIL 1976 VERSION OF DATCOM
                                             CONFIGURATION AUXILIARY AND PARTIAL OUTPUT
                                        WING-BODY-VERTICAL TAIL-HORIZONTAL TAIL CONFIGURATION
                                                 B738 M072 ELEVATOR FULL AIRCRAFT
 -----------------------  FLIGHT CONDITIONS  ------------------------           --------------  REFERENCE DIMENSIONS  ------------
  MACH    ALTITUDE   VELOCITY    PRESSURE    TEMPERATURE     REYNOLDS             REF.      REFERENCE LENGTH   MOMENT REF. CENTER
 NUMBER                                                       NUMBER              AREA       LONG.     LAT.     HORIZ      VERT
              M        M/SEC      N/ M**2       DEG K         1/ M                M**2         M         M         M         M
0 0.720   12496.80     212.43   1.7943E+04     216.650     4.2917E+06           124.583      3.958    34.315    17.000     0.000


                                                       BASIC BODY PROPERTIES

            WETTED AREA      XCG     ZCG     BASE AREA     ZERO LIFT DRAG   BASE DRAG   FRICTION DRAG   PRESSURE DRAG
             0.3942E+03    17.00    0.00       3.5622        0.8253E-02    0.1737E-02    0.5985E-02      0.5307E-03


                                         XCG RELATIVE TO THEORETICAL LEADING EDGE MAC=  -0.60


                                                       BASIC PLANFORM PROPERTIES

                                    TAPER     ASPECT   QUARTER CHORD             QUARTER CHORD              ZERO LIFT    FRICTION
                         AREA       RATIO      RATIO       SWEEP        MAC        X(MAC)       Y(MAC)        DRAG     COEFFICIENT
0      WING
   TOTAL THEORITICAL
+                     0.2280E+03    0.159    0.5164E+01    25.020    0.678E+01    0.193E+02    0.797E+01                       
       TOTAL EXPOSED
+                     0.1989E+03    0.164    0.4695E+01    25.020    0.664E+01    0.198E+02    0.900E+01    0.899E-02    0.246E-02
0  HORIZONTAL TAIL
   TOTAL THEORITICAL
+                     0.3278E+02    0.203    0.6281E+01    30.000    0.262E+01    0.364E+02    0.280E+01                       
       TOTAL EXPOSED
+                     0.2002E+02    0.256    0.5611E+01    30.000    0.211E+01    0.371E+02    0.400E+01    0.108E-02    0.294E-02
0   VERTICAL TAIL
   TOTAL THEORITICAL
+                     0.2644E+02    0.271    0.1941E+01    35.000    0.410E+01    0.356E+02    0.522E+01                       
       TOTAL EXPOSED
+                     0.2218E+02    0.294    0.1847E+01    35.000    0.381E+01    0.359E+02    0.338E+01      NA           NA  
0*** NA PRINTED WHEN METHOD NOT APPLICABLE
1                             AUTOMATED STABILITY AND CONTROL METHODS PER APRIL 1976 VERSION OF DATCOM
                                             CONFIGURATION AUXILIARY AND PARTIAL OUTPUT
                                        WING-BODY-VERTICAL TAIL-HORIZONTAL TAIL CONFIGURATION
                                                 B738 M072 ELEVATOR FULL AIRCRAFT
 -----------------------  FLIGHT CONDITIONS  ------------------------           --------------  REFERENCE DIMENSIONS  ------------
  MACH    ALTITUDE   VELOCITY    PRESSURE    TEMPERATURE     REYNOLDS             REF.      REFERENCE LENGTH   MOMENT REF. CENTER
 NUMBER                                                       NUMBER              AREA       LONG.     LAT.     HORIZ      VERT
              M        M/SEC      N/ M**2       DEG K         1/ M                M**2         M         M         M         M
0 0.720   12496.80     212.43   1.7943E+04     216.650     4.2917E+06           124.583      3.958    34.315    17.000     0.000
0          CLA-B(W)= 1.801E-02     CLA-W(B)= 1.315E-01     K-B(W)= 1.490E-01     K-W(B)= 1.088E+00     XAC/C-B(W)= 8.728E-01
0          CLA-B(H)= 3.526E-03     CLA-H(B)= 1.560E-02     K-B(H)= 2.760E-01     K-H(B)= 1.221E+00     XAC/C-B(H)= 5.441E-01
1                             AUTOMATED STABILITY AND CONTROL METHODS PER APRIL 1976 VERSION OF DATCOM
                                             CONFIGURATION AUXILIARY AND PARTIAL OUTPUT
                                        WING-BODY-VERTICAL TAIL-HORIZONTAL TAIL CONFIGURATION
                                                 B738 M072 ELEVATOR FULL AIRCRAFT
 -----------------------  FLIGHT CONDITIONS  ------------------------           --------------  REFERENCE DIMENSIONS  ------------
  MACH    ALTITUDE   VELOCITY    PRESSURE    TEMPERATURE     REYNOLDS             REF.      REFERENCE LENGTH   MOMENT REF. CENTER
 NUMBER                                                       NUMBER              AREA       LONG.     LAT.     HORIZ      VERT
              M        M/SEC      N/ M**2       DEG K         1/ M                M**2         M         M         M         M
0 0.720   12496.80     212.43   1.7943E+04     216.650     4.2917E+06           124.583      3.958    34.315    17.000     0.000


                                                      *** WING DATA FAIRING ***
                                       CDL/CL**2 = 0.2206E+00     CLB/CL = 0.5381E-02
            FORCE BREAK MACH NUMBER (ZERO SWEEP) = 0.8130E+00     FORCE BREAK MACH NUMBER (WITH SWEEP) = 0.8391E+00
                      MACH(A) = 0.909     CLA(A) = 0.4679E-01     MACH(B) = 0.979     CLA(B) = 0.1014E+00
                                                (CLB/CL)M=0.6 = 0.5572E-02     (CLB/CL)M=1.4 = 0.1000E-29

                                                  LIFT-CURVE-SLOPE INTERPOLATION TABLE
                                                      MACH               CL-ALPHA
                                                     0.720               0.1209E+00
                                                     0.839               0.1193E+00
                                                     0.909               0.4679E-01
                                                     0.979               0.1014E+00
                                                     1.400               0.9447E-01


                                                   *** WING-BODY DATA FAIRING ***
            CLB/CL =        NaN     (CLB/CL)MFB =-0.1286E-02     (CLB/CL)M=1.4 = 0.1000E-29     (CNA)M=1.4 =        NaN




                                                   *** HORIZONTAL TAIL DATA FAIRING ***
                                       CDL/CL**2 = 0.3107E+00     CLB/CL = 0.9830E-03
            FORCE BREAK MACH NUMBER (ZERO SWEEP) = 0.8039E+00     FORCE BREAK MACH NUMBER (WITH SWEEP) = 0.8351E+00
                      MACH(A) = 0.905     CLA(A) = 0.4538E-02     MACH(B) = 0.975     CLA(B) = 0.1085E-01
                                                (CLB/CL)M=0.6 = 0.1010E-02     (CLB/CL)M=1.4 = 0.1000E-29

                                                  LIFT-CURVE-SLOPE INTERPOLATION TABLE
                                                      MACH               CL-ALPHA
                                                     0.720               0.1278E-01
                                                     0.835               0.1276E-01
                                                     0.905               0.4538E-02
                                                     0.975               0.1085E-01
                                                     1.400               0.9189E-02


                                              *** HORIZONTAL TAIL-BODY DATA FAIRING ***
            CLB/CL =        NaN     (CLB/CL)MFB = 0.3744E-02     (CLB/CL)M=1.4 = 0.1000E-29     (CNA)M=1.4 =        NaN




                                           *** BODY-WING-HORIZONTAL TAIL DATA FAIRING ***
                                                DRAG DIVERGENCE MACH NUMBER = 0.829
                                                      MACH                 CDO
                                                     0.600               0.1806E-01
                                                     0.700               0.1844E-01
                                                     1.100                 Infinity
                                                     1.400                 Infinity
1
1                            AUTOMATED STABILITY AND CONTROL METHODS PER APRIL 1976 VERSION OF DATCOM
                                         CHARACTERISTICS OF HIGH LIFT AND CONTROL DEVICES
                                            TAIL PLAIN TRAILING-EDGE FLAP CONFIGURATION
                                                 B738 M072 ELEVATOR FULL AIRCRAFT
 -----------------------  FLIGHT CONDITIONS  ------------------------           --------------  REFERENCE DIMENSIONS  ------------
  MACH    ALTITUDE   VELOCITY    PRESSURE    TEMPERATURE     REYNOLDS             REF.      REFERENCE LENGTH   MOMENT REF. CENTER
 NUMBER                                                       NUMBER              AREA       LONG.     LAT.     HORIZ      VERT
              M        M/SEC      N/ M**2       DEG K         1/ M                M**2         M         M         M         M
0 0.720   12496.80     212.43   7.8266E+00     701.946     3.9871E+05           124.583      3.958    34.315    17.000     0.000
0            ---------INCREMENTS DUE TO DEFLECTION---------              ---DERIVATIVES (PER DEGREE)---
0     DELTA     D(CL)     D(CM)    D(CL MAX)    D(CD MIN)                (CLA)D     (CH)A       (CH)D


      -25.0    -0.084      NDM       NDM          NDM                    NDM         NDM         NDM 
      -20.0    -0.080      NDM       NDM          NDM                    NDM                     NDM 
      -10.0    -0.051      NDM       NDM          NDM                    NDM                     NDM 
       -5.0    -0.025      NDM       NDM          NDM                    NDM                     NDM 
        0.0     0.000      NDM       NDM          NDM                    NDM                     NDM 
        5.0     0.025      NDM       NDM          NDM                    NDM                     NDM 
       10.0     0.051      NDM       NDM          NDM                    NDM                     NDM 
       15.0     0.074      NDM       NDM          NDM                    NDM                     NDM 
       25.0     0.084      NDM       NDM          NDM                    NDM                     NDM 
0***NDM PRINTED WHEN NO DATCOM METHODS EXIST
 Return to main program from M57O71
1          THE FOLLOWING IS A LIST OF ALL INPUT CARDS FOR THIS CASE.
0
 CASEID B738 M072 AILERON FULL AIRCRAFT                                          
 DIM M                                                                           
 DERIV RAD                                                                       
  $FLTCON                                                                        
   LOOP=3.0,                                                                     
   NMACH=1.0,                                                                    
   MACH(1)=0.72,                                                                 
   NALT=10.0,                                                                    
   ALT(1)=0.0,1524.0,3048.0,4572.0,6096.0,                                       
   ALT(6)=7620.0,9144.0,10668.0,11887.2,12496.8,                                 
   NALPHA=12.0,                                                                  
   ALSCHD(1)=-6.0,-4.0,-2.0,0.0,2.0,4.0,                                         
   ALSCHD(7)=6.0,8.0,10.0,12.0,14.0,16.0$                                        
  $OPTINS                                                                        
   SREF=124.583,CBARR=3.9576,BLREF=34.3154$                                      
  $SYNTHS                                                                        
   XCG=17.000,ZCG=0.000,XW=13.610,ZW=-1.270,ALIW=1.000,                          
   XH=33.800,ZH=1.890,ALIH=0.000,XV=32.130,ZV=2.320,                             
   SCALE=1.000,VERTUP=.TRUE.$                                                    
  $BODY                                                                          
   NX=15.0,BNOSE=2.0,BTAIL=2.0,BLA=20.0,                                         
   X(1)=0.0000,0.4206,1.4722,2.1031,2.7341,                                      
   X(6)=4.2062,8.4125,16.8250,27.2796,30.4495,                                   
   X(11)=31.4858,33.5890,35.6921,37.7952,38.0086,                                
   ZU(1)=0.2103,0.6309,1.0516,1.3350,1.7892,                                     
   ZU(6)=2.1031,2.5237,2.5237,2.5237,2.5237,                                     
   ZU(11)=2.5237,2.4201,2.3134,2.2860,2.1031,                                    
   ZL(1)=-0.1067,-0.5273,-1.0516,-1.1582,-1.2619,                                
   ZL(6)=-1.3686,-1.4722,-1.4722,-1.4722,-1.0516,                                
   ZL(11)=-0.8412,-0.2469,0.3170,1.2619,1.8928,                                  
   S(1)=0.0511,0.7646,2.6840,4.1165,6.0443,                                      
   S(6)=8.6056,11.8739,11.8739,11.8739,10.0437,                                  
   S(11)=8.8890,5.2843,2.6375,0.3382,0.0102$                                     
  $WGPLNF                                                                        
   CHRDR=7.8770,CHRDBP=5.7117,CHRDTP=1.2510,                                     
   SSPN=17.1577,SSPNE=15.2800,SSPNOP=0.7750,                                     
   SAVSI=25.020,SAVSO=25.020,CHSTAT=0.250,TWISTA=0.000,                          
   DHDADI=6.000,DHDADO=6.000,TYPE=1.000$                                         
 NACA-W-6-64A412                                                                 
  $VTPLNF                                                                        
   CHRDR=5.8074,CHRDTP=1.5748,SSPN=7.1628,SSPNE=6.4000,                          
   SAVSI=35.000,CHSTAT=0.250,TWISTA=0.000,TYPE=1.000$                            
 NACA-V-4-0012                                                                   
  $HTPLNF                                                                        
   CHRDR=3.7980,CHRDTP=0.7710,SSPN=7.1750,SSPNE=5.3000,                          
   SAVSI=30.000,CHSTAT=0.250,TWISTA=0.000,DHDADI=7.000,                          
   TYPE=1.000$                                                                   
 NACA-H-4-0012                                                                   
  $ASYFLP                                                                        
   STYPE=4.0,                                                                    
   NDELTA=9.0,                                                                   
   DELTAL(1)=-20.0,-15.0,-10.0,-5.0,0.0,                                         
   DELTAL(6)=5.0,10.0,15.0,20.0,                                                 
   DELTAR(1)=20.0,15.0,10.0,5.0,0.0,                                             
   DELTAR(6)=-5.0,-10.0,-15.0,-20.0,                                             
   SPANFI=12.0104,                                                               
   SPANFO=16.5227,                                                               
   CHRDFI=0.4300,                                                                
   CHRDFO=0.2200$                                                                
 NEXT CASE                                                                       
0 INPUT DIMENSIONS ARE IN M , SCALE FACTOR IS 1.0000

 Return to main program from M01O01
1                             AUTOMATED STABILITY AND CONTROL METHODS PER APRIL 1976 VERSION OF DATCOM   
                                                        WING SECTION DEFINITION
0                                 IDEAL ANGLE OF ATTACK =   0.00000 DEG.

                              ZERO LIFT ANGLE OF ATTACK =  -3.09312 DEG.

                                 IDEAL LIFT COEFFICIENT =   0.40000

                  ZERO LIFT PITCHING MOMENT COEFFICIENT =  -0.08720

                             MACH ZERO LIFT-CURVE-SLOPE =   0.09654 /DEG.

                                    LEADING EDGE RADIUS =   0.00993 FRACTION CHORD

                              MAXIMUM AIRFOIL THICKNESS =   0.12000 FRACTION CHORD

                                                DELTA-Y =   2.46808 PERCENT CHORD


0                         MACH= 0.7200 LIFT-CURVE-SLOPE =   0.13034 /DEG.      XAC =   0.27651
1                             AUTOMATED STABILITY AND CONTROL METHODS PER APRIL 1976 VERSION OF DATCOM   
                                                   HORIZONTAL TAIL SECTION DEFINITION
0                                 IDEAL ANGLE OF ATTACK =   0.00000 DEG.

                              ZERO LIFT ANGLE OF ATTACK =   0.00000 DEG.

                                 IDEAL LIFT COEFFICIENT =   0.00000

                  ZERO LIFT PITCHING MOMENT COEFFICIENT =   0.00000

                             MACH ZERO LIFT-CURVE-SLOPE =   0.09596 /DEG.

                                    LEADING EDGE RADIUS =   0.01587 FRACTION CHORD

                              MAXIMUM AIRFOIL THICKNESS =   0.12000 FRACTION CHORD

                                                DELTA-Y =   3.16898 PERCENT CHORD


0                         MACH= 0.7200 LIFT-CURVE-SLOPE =   0.13190 /DEG.      XAC =   0.26399
1                             AUTOMATED STABILITY AND CONTROL METHODS PER APRIL 1976 VERSION OF DATCOM   
                                                    VERTICAL TAIL SECTION DEFINITION
0                                 IDEAL ANGLE OF ATTACK =   0.00000 DEG.

                              ZERO LIFT ANGLE OF ATTACK =   0.00000 DEG.

                                 IDEAL LIFT COEFFICIENT =   0.00000

                  ZERO LIFT PITCHING MOMENT COEFFICIENT =   0.00000

                             MACH ZERO LIFT-CURVE-SLOPE =   0.09596 /DEG.

                                    LEADING EDGE RADIUS =   0.01587 FRACTION CHORD

                              MAXIMUM AIRFOIL THICKNESS =   0.12000 FRACTION CHORD

                                                DELTA-Y =   3.16898 PERCENT CHORD


0                         MACH= 0.7200 LIFT-CURVE-SLOPE =   0.13190 /DEG.      XAC =   0.26399
 Return to main program from M50O62
 Return to main program from M02O02
 Return to main program from M51O63
   ********************************************************************************************************************************
   ********************************************************************************************************************************
   ********************************************************************************************************************************
   ********************************************************************************************************************************
   ********************************************************************************************************************************







        LATERAL STABILITY DERIVATIVES ARE DELETED BECAUSE ALL OR PART OF THE HORIZONTAL TAIL EXPOSED ROOT CHORD LIES OFF OF THE

        FUSELAGE. FOR THIS CASE THE NAMELIST HTPLNF PARAMETERS SHB, SEXT, AND RLPH MUST BE INPUT BY THE USER.







   ********************************************************************************************************************************
   ********************************************************************************************************************************
   ********************************************************************************************************************************
   ********************************************************************************************************************************
   ********************************************************************************************************************************
   ********************************************************************************************************************************
   ********************************************************************************************************************************
   ********************************************************************************************************************************
   ********************************************************************************************************************************
   ********************************************************************************************************************************







        LATERAL STABILITY DERIVATIVES ARE DELETED BECAUSE ALL OR PART OF THE HORIZONTAL TAIL EXPOSED ROOT CHORD LIES OFF OF THE

        FUSELAGE. FOR THIS CASE THE NAMELIST HTPLNF PARAMETERS SHB, SEXT, AND RLPH MUST BE INPUT BY THE USER.







   ********************************************************************************************************************************
   ********************************************************************************************************************************
   ********************************************************************************************************************************
   ********************************************************************************************************************************
   ********************************************************************************************************************************
1                               AUTOMATED STABILITY AND CONTROL METHODS PER APRIL 1976 VERSION OF DATCOM
                                         CHARACTERISTICS AT ANGLE OF ATTACK AND IN SIDESLIP
                                        WING-BODY-VERTICAL TAIL-HORIZONTAL TAIL CONFIGURATION
                                                  B738 M072 AILERON FULL AIRCRAFT
 
 -----------------------  FLIGHT CONDITIONS  ------------------------           --------------  REFERENCE DIMENSIONS  ------------
  MACH    ALTITUDE   VELOCITY    PRESSURE    TEMPERATURE     REYNOLDS             REF.      REFERENCE LENGTH   MOMENT REF. CENTER
 NUMBER                                                       NUMBER              AREA       LONG.     LAT.     HORIZ      VERT
              M        M/SEC      N/ M**2       DEG K         1/ M                M**2         M         M         M         M
0 0.720       0.00     244.98   1.0133E+05     288.150     1.6697E+07           124.583      3.958    34.315    17.000     0.000
0                                                               -------------------DERIVATIVE (PER RADIAN)-------------------
0 ALPHA     CD       CL       CM       CN       CA       XCP        CLA          CMA          CYB          CNB          CLB
0
   -6.0    0.019    NDM       NDM     NDM      NDM        NaN          NaN          NaN      NDM          NDM          NDM 
   -4.0                                                                                                                NDM 
   -2.0                                                                                                                NDM 
    0.0                                                                                                                NDM 
    2.0                                                                                                                NDM 
    4.0                                                                                                                NDM 
    6.0                                                                                                                NDM 
    8.0                                                                                                                NDM 
   10.0                                                                                                                NDM 
   12.0                                                                                                                NDM 
   14.0                                                                                                                NDM 
   16.0                                                                                                                NDM 
0                                    ALPHA     Q/QINF    EPSLON  D(EPSLON)/D(ALPHA)
0
                                     -6.0      0.978      0.000        0.599
                                     -4.0                                  
                                     -2.0                                  
                                      0.0                                  
                                      2.0                                  
                                      4.0                                  
                                      6.0                                  
                                      8.0                                  
                                     10.0                                  
                                     12.0                                  
                                     14.0                                  
                                     16.0                                  
0*** NDM PRINTED WHEN NO DATCOM METHODS EXIST
1                             AUTOMATED STABILITY AND CONTROL METHODS PER APRIL 1976 VERSION OF DATCOM
                                             CONFIGURATION AUXILIARY AND PARTIAL OUTPUT
                                        WING-BODY-VERTICAL TAIL-HORIZONTAL TAIL CONFIGURATION
                                                  B738 M072 AILERON FULL AIRCRAFT
 -----------------------  FLIGHT CONDITIONS  ------------------------           --------------  REFERENCE DIMENSIONS  ------------
  MACH    ALTITUDE   VELOCITY    PRESSURE    TEMPERATURE     REYNOLDS             REF.      REFERENCE LENGTH   MOMENT REF. CENTER
 NUMBER                                                       NUMBER              AREA       LONG.     LAT.     HORIZ      VERT
              M        M/SEC      N/ M**2       DEG K         1/ M                M**2         M         M         M         M
0 0.720       0.00     244.98   1.0133E+05     288.150     1.6697E+07           124.583      3.958    34.315    17.000     0.000


                                                       BASIC BODY PROPERTIES

            WETTED AREA      XCG     ZCG     BASE AREA     ZERO LIFT DRAG   BASE DRAG   FRICTION DRAG   PRESSURE DRAG
             0.3942E+03    17.00    0.00       3.5622        0.7324E-02    0.1905E-02    0.4978E-02      0.4414E-03


                                         XCG RELATIVE TO THEORETICAL LEADING EDGE MAC=  -0.60


                                                       BASIC PLANFORM PROPERTIES

                                    TAPER     ASPECT   QUARTER CHORD             QUARTER CHORD              ZERO LIFT    FRICTION
                         AREA       RATIO      RATIO       SWEEP        MAC        X(MAC)       Y(MAC)        DRAG     COEFFICIENT
0      WING
   TOTAL THEORITICAL
+                     0.2280E+03    0.159    0.5164E+01    25.020    0.678E+01    0.193E+02    0.797E+01                       
       TOTAL EXPOSED
+                     0.1989E+03    0.164    0.4695E+01    25.020    0.664E+01    0.198E+02    0.900E+01    0.732E-02    0.200E-02
0  HORIZONTAL TAIL
   TOTAL THEORITICAL
+                     0.3278E+02    0.203    0.6281E+01    30.000    0.262E+01    0.364E+02    0.280E+01                       
       TOTAL EXPOSED
+                     0.2002E+02    0.256    0.5611E+01    30.000    0.211E+01    0.371E+02    0.400E+01    0.876E-03    0.238E-02
0   VERTICAL TAIL
   TOTAL THEORITICAL
+                     0.2644E+02    0.271    0.1941E+01    35.000    0.410E+01    0.356E+02    0.522E+01                       
       TOTAL EXPOSED
+                     0.2218E+02    0.294    0.1847E+01    35.000    0.381E+01    0.359E+02    0.338E+01      NA           NA  
0*** NA PRINTED WHEN METHOD NOT APPLICABLE
1                             AUTOMATED STABILITY AND CONTROL METHODS PER APRIL 1976 VERSION OF DATCOM
                                             CONFIGURATION AUXILIARY AND PARTIAL OUTPUT
                                        WING-BODY-VERTICAL TAIL-HORIZONTAL TAIL CONFIGURATION
                                                  B738 M072 AILERON FULL AIRCRAFT
 -----------------------  FLIGHT CONDITIONS  ------------------------           --------------  REFERENCE DIMENSIONS  ------------
  MACH    ALTITUDE   VELOCITY    PRESSURE    TEMPERATURE     REYNOLDS             REF.      REFERENCE LENGTH   MOMENT REF. CENTER
 NUMBER                                                       NUMBER              AREA       LONG.     LAT.     HORIZ      VERT
              M        M/SEC      N/ M**2       DEG K         1/ M                M**2         M         M         M         M
0 0.720       0.00     244.98   1.0133E+05     288.150     1.6697E+07           124.583      3.958    34.315    17.000     0.000
0          CLA-B(W)= 1.801E-02     CLA-W(B)= 1.315E-01     K-B(W)= 1.490E-01     K-W(B)= 1.088E+00     XAC/C-B(W)= 8.728E-01
0          CLA-B(H)= 3.526E-03     CLA-H(B)= 1.560E-02     K-B(H)= 2.760E-01     K-H(B)= 1.221E+00     XAC/C-B(H)= 5.441E-01
1                             AUTOMATED STABILITY AND CONTROL METHODS PER APRIL 1976 VERSION OF DATCOM
                                             CONFIGURATION AUXILIARY AND PARTIAL OUTPUT
                                        WING-BODY-VERTICAL TAIL-HORIZONTAL TAIL CONFIGURATION
                                                  B738 M072 AILERON FULL AIRCRAFT
 -----------------------  FLIGHT CONDITIONS  ------------------------           --------------  REFERENCE DIMENSIONS  ------------
  MACH    ALTITUDE   VELOCITY    PRESSURE    TEMPERATURE     REYNOLDS             REF.      REFERENCE LENGTH   MOMENT REF. CENTER
 NUMBER                                                       NUMBER              AREA       LONG.     LAT.     HORIZ      VERT
              M        M/SEC      N/ M**2       DEG K         1/ M                M**2         M         M         M         M
0 0.720       0.00     244.98   1.0133E+05     288.150     1.6697E+07           124.583      3.958    34.315    17.000     0.000


                                                      *** WING DATA FAIRING ***
                                       CDL/CL**2 = 0.2206E+00     CLB/CL = 0.5381E-02
            FORCE BREAK MACH NUMBER (ZERO SWEEP) = 0.8130E+00     FORCE BREAK MACH NUMBER (WITH SWEEP) = 0.8391E+00
                      MACH(A) = 0.909     CLA(A) = 0.4679E-01     MACH(B) = 0.979     CLA(B) = 0.1014E+00
                                                (CLB/CL)M=0.6 = 0.5572E-02     (CLB/CL)M=1.4 = 0.1000E-29

                                                  LIFT-CURVE-SLOPE INTERPOLATION TABLE
                                                      MACH               CL-ALPHA
                                                     0.720               0.1209E+00
                                                     0.839               0.1193E+00
                                                     0.909               0.4679E-01
                                                     0.979               0.1014E+00
                                                     1.400               0.9447E-01


                                                   *** WING-BODY DATA FAIRING ***
            CLB/CL =        NaN     (CLB/CL)MFB =-0.1286E-02     (CLB/CL)M=1.4 = 0.1000E-29     (CNA)M=1.4 =        NaN




                                                   *** HORIZONTAL TAIL DATA FAIRING ***
                                       CDL/CL**2 = 0.3107E+00     CLB/CL = 0.9830E-03
            FORCE BREAK MACH NUMBER (ZERO SWEEP) = 0.8039E+00     FORCE BREAK MACH NUMBER (WITH SWEEP) = 0.8351E+00
                      MACH(A) = 0.905     CLA(A) = 0.4538E-02     MACH(B) = 0.975     CLA(B) = 0.1085E-01
                                                (CLB/CL)M=0.6 = 0.1010E-02     (CLB/CL)M=1.4 = 0.1000E-29

                                                  LIFT-CURVE-SLOPE INTERPOLATION TABLE
                                                      MACH               CL-ALPHA
                                                     0.720               0.1278E-01
                                                     0.835               0.1276E-01
                                                     0.905               0.4538E-02
                                                     0.975               0.1085E-01
                                                     1.400               0.9189E-02


                                              *** HORIZONTAL TAIL-BODY DATA FAIRING ***
            CLB/CL =        NaN     (CLB/CL)MFB = 0.3744E-02     (CLB/CL)M=1.4 = 0.1000E-29     (CNA)M=1.4 =        NaN




                                           *** BODY-WING-HORIZONTAL TAIL DATA FAIRING ***
                                                DRAG DIVERGENCE MACH NUMBER = 0.829
                                                      MACH                 CDO
                                                     0.600               0.1806E-01
                                                     0.700               0.1844E-01
                                                     1.100                 Infinity
                                                     1.400                 Infinity
1
1                            AUTOMATED STABILITY AND CONTROL METHODS PER APRIL 1976 VERSION OF DATCOM
                                         CHARACTERISTICS OF HIGH LIFT AND CONTROL DEVICES
                                            WING PLAIN TRAILING-EDGE FLAP CONFIGURATION
                                                  B738 M072 AILERON FULL AIRCRAFT
 -----------------------  FLIGHT CONDITIONS  ------------------------           --------------  REFERENCE DIMENSIONS  ------------
  MACH    ALTITUDE   VELOCITY    PRESSURE    TEMPERATURE     REYNOLDS             REF.      REFERENCE LENGTH   MOMENT REF. CENTER
 NUMBER                                                       NUMBER              AREA       LONG.     LAT.     HORIZ      VERT
              M        M/SEC      N/ M**2       DEG K         1/ M                M**2         M         M         M         M
0 0.720       0.00     244.98   4.4198E+01     933.606     1.5512E+06           124.583      3.958    34.315    17.000     0.000
0                           ----------YAWING MOMENT COEFFICIENT,CN,DUE TO CONTROL DEFLECTION----------
0(DELTAL-DELTAR)=-40.0       -30.0       -20.0       -10.0         0.0        10.0        20.0        30.0        40.0
0ALPHA
0
  -6.0        -2.958E-03  -2.414E-03  -1.643E-03  -8.217E-04   0.000E+00   8.217E-04   1.643E-03   2.414E-03   2.958E-03
  -4.0        -1.972E-03  -1.610E-03  -1.096E-03  -5.478E-04   0.000E+00   5.478E-04   1.096E-03   1.610E-03   1.972E-03
  -2.0        -9.860E-04  -8.048E-04  -5.478E-04  -2.739E-04   0.000E+00   2.739E-04   5.478E-04   8.048E-04   9.860E-04
   0.0         0.000E+00   0.000E+00   0.000E+00   0.000E+00   0.000E+00   0.000E+00   0.000E+00   0.000E+00   0.000E+00
   2.0         9.860E-04   8.048E-04   5.478E-04   2.739E-04   0.000E+00  -2.739E-04  -5.478E-04  -8.048E-04  -9.860E-04
   4.0         1.972E-03   1.610E-03   1.096E-03   5.478E-04   0.000E+00  -5.478E-04  -1.096E-03  -1.610E-03  -1.972E-03
   6.0         2.958E-03   2.414E-03   1.643E-03   8.217E-04   0.000E+00  -8.217E-04  -1.643E-03  -2.414E-03  -2.958E-03
   8.0         3.944E-03   3.219E-03   2.191E-03   1.096E-03   0.000E+00  -1.096E-03  -2.191E-03  -3.219E-03  -3.944E-03
  10.0         4.930E-03   4.024E-03   2.739E-03   1.369E-03   0.000E+00  -1.369E-03  -2.739E-03  -4.024E-03  -4.930E-03
  12.0         5.916E-03   4.829E-03   3.287E-03   1.643E-03   0.000E+00  -1.643E-03  -3.287E-03  -4.829E-03  -5.916E-03
  14.0         6.902E-03   5.634E-03   3.834E-03   1.917E-03   0.000E+00  -1.917E-03  -3.834E-03  -5.634E-03  -6.902E-03
  16.0         7.888E-03   6.438E-03   4.382E-03   2.191E-03   0.000E+00  -2.191E-03  -4.382E-03  -6.438E-03  -7.888E-03
0
0                                            DELTAL          DELTAR          (CL)ROLL
0
                                             -20.0            20.0           -2.2777E-02
                                             -15.0            15.0           -1.8592E-02
                                             -10.0            10.0           -1.2654E-02
                                              -5.0             5.0           -6.3269E-03
                                               0.0             0.0            0.0000E+00
                                               5.0            -5.0            6.3269E-03
                                              10.0           -10.0            1.2654E-02
                                              15.0           -15.0            1.8592E-02
                                              20.0           -20.0            2.2777E-02
1                               AUTOMATED STABILITY AND CONTROL METHODS PER APRIL 1976 VERSION OF DATCOM
                                         CHARACTERISTICS AT ANGLE OF ATTACK AND IN SIDESLIP
                                        WING-BODY-VERTICAL TAIL-HORIZONTAL TAIL CONFIGURATION
                                                  B738 M072 AILERON FULL AIRCRAFT
 
 -----------------------  FLIGHT CONDITIONS  ------------------------           --------------  REFERENCE DIMENSIONS  ------------
  MACH    ALTITUDE   VELOCITY    PRESSURE    TEMPERATURE     REYNOLDS             REF.      REFERENCE LENGTH   MOMENT REF. CENTER
 NUMBER                                                       NUMBER              AREA       LONG.     LAT.     HORIZ      VERT
              M        M/SEC      N/ M**2       DEG K         1/ M                M**2         M         M         M         M
0 0.720    1524.00     240.74   8.4311E+04     278.246     1.4529E+07           124.583      3.958    34.315    17.000     0.000
0                                                               -------------------DERIVATIVE (PER RADIAN)-------------------
0 ALPHA     CD       CL       CM       CN       CA       XCP        CLA          CMA          CYB          CNB          CLB
0
   -6.0    0.019    NDM       NDM     NDM      NDM        NaN          NaN          NaN      NDM          NDM          NDM 
   -4.0                                                                                                                NDM 
   -2.0                                                                                                                NDM 
    0.0                                                                                                                NDM 
    2.0                                                                                                                NDM 
    4.0                                                                                                                NDM 
    6.0                                                                                                                NDM 
    8.0                                                                                                                NDM 
   10.0                                                                                                                NDM 
   12.0                                                                                                                NDM 
   14.0                                                                                                                NDM 
   16.0                                                                                                                NDM 
0                                    ALPHA     Q/QINF    EPSLON  D(EPSLON)/D(ALPHA)
0
                                     -6.0      0.985      0.000        0.599
                                     -4.0                                  
                                     -2.0                                  
                                      0.0                                  
                                      2.0                                  
                                      4.0                                  
                                      6.0                                  
                                      8.0                                  
                                     10.0                                  
                                     12.0                                  
                                     14.0                                  
                                     16.0                                  
0*** NDM PRINTED WHEN NO DATCOM METHODS EXIST
1                             AUTOMATED STABILITY AND CONTROL METHODS PER APRIL 1976 VERSION OF DATCOM
                                             CONFIGURATION AUXILIARY AND PARTIAL OUTPUT
                                        WING-BODY-VERTICAL TAIL-HORIZONTAL TAIL CONFIGURATION
                                                  B738 M072 AILERON FULL AIRCRAFT
 -----------------------  FLIGHT CONDITIONS  ------------------------           --------------  REFERENCE DIMENSIONS  ------------
  MACH    ALTITUDE   VELOCITY    PRESSURE    TEMPERATURE     REYNOLDS             REF.      REFERENCE LENGTH   MOMENT REF. CENTER
 NUMBER                                                       NUMBER              AREA       LONG.     LAT.     HORIZ      VERT
              M        M/SEC      N/ M**2       DEG K         1/ M                M**2         M         M         M         M
0 0.720    1524.00     240.74   8.4311E+04     278.246     1.4529E+07           124.583      3.958    34.315    17.000     0.000


                                                       BASIC BODY PROPERTIES

            WETTED AREA      XCG     ZCG     BASE AREA     ZERO LIFT DRAG   BASE DRAG   FRICTION DRAG   PRESSURE DRAG
             0.3942E+03    17.00    0.00       3.5622        0.7396E-02    0.1889E-02    0.5058E-02      0.4485E-03


                                         XCG RELATIVE TO THEORETICAL LEADING EDGE MAC=  -0.60


                                                       BASIC PLANFORM PROPERTIES

                                    TAPER     ASPECT   QUARTER CHORD             QUARTER CHORD              ZERO LIFT    FRICTION
                         AREA       RATIO      RATIO       SWEEP        MAC        X(MAC)       Y(MAC)        DRAG     COEFFICIENT
0      WING
   TOTAL THEORITICAL
+                     0.2280E+03    0.159    0.5164E+01    25.020    0.678E+01    0.193E+02    0.797E+01                       
       TOTAL EXPOSED
+                     0.1989E+03    0.164    0.4695E+01    25.020    0.664E+01    0.198E+02    0.900E+01    0.747E-02    0.205E-02
0  HORIZONTAL TAIL
   TOTAL THEORITICAL
+                     0.3278E+02    0.203    0.6281E+01    30.000    0.262E+01    0.364E+02    0.280E+01                       
       TOTAL EXPOSED
+                     0.2002E+02    0.256    0.5611E+01    30.000    0.211E+01    0.371E+02    0.400E+01    0.895E-03    0.243E-02
0   VERTICAL TAIL
   TOTAL THEORITICAL
+                     0.2644E+02    0.271    0.1941E+01    35.000    0.410E+01    0.356E+02    0.522E+01                       
       TOTAL EXPOSED
+                     0.2218E+02    0.294    0.1847E+01    35.000    0.381E+01    0.359E+02    0.338E+01      NA           NA  
0*** NA PRINTED WHEN METHOD NOT APPLICABLE
1                             AUTOMATED STABILITY AND CONTROL METHODS PER APRIL 1976 VERSION OF DATCOM
                                             CONFIGURATION AUXILIARY AND PARTIAL OUTPUT
                                        WING-BODY-VERTICAL TAIL-HORIZONTAL TAIL CONFIGURATION
                                                  B738 M072 AILERON FULL AIRCRAFT
 -----------------------  FLIGHT CONDITIONS  ------------------------           --------------  REFERENCE DIMENSIONS  ------------
  MACH    ALTITUDE   VELOCITY    PRESSURE    TEMPERATURE     REYNOLDS             REF.      REFERENCE LENGTH   MOMENT REF. CENTER
 NUMBER                                                       NUMBER              AREA       LONG.     LAT.     HORIZ      VERT
              M        M/SEC      N/ M**2       DEG K         1/ M                M**2         M         M         M         M
0 0.720    1524.00     240.74   8.4311E+04     278.246     1.4529E+07           124.583      3.958    34.315    17.000     0.000
0          CLA-B(W)= 1.801E-02     CLA-W(B)= 1.315E-01     K-B(W)= 1.490E-01     K-W(B)= 1.088E+00     XAC/C-B(W)= 8.728E-01
0          CLA-B(H)= 3.526E-03     CLA-H(B)= 1.560E-02     K-B(H)= 2.760E-01     K-H(B)= 1.221E+00     XAC/C-B(H)= 5.441E-01
1                             AUTOMATED STABILITY AND CONTROL METHODS PER APRIL 1976 VERSION OF DATCOM
                                             CONFIGURATION AUXILIARY AND PARTIAL OUTPUT
                                        WING-BODY-VERTICAL TAIL-HORIZONTAL TAIL CONFIGURATION
                                                  B738 M072 AILERON FULL AIRCRAFT
 -----------------------  FLIGHT CONDITIONS  ------------------------           --------------  REFERENCE DIMENSIONS  ------------
  MACH    ALTITUDE   VELOCITY    PRESSURE    TEMPERATURE     REYNOLDS             REF.      REFERENCE LENGTH   MOMENT REF. CENTER
 NUMBER                                                       NUMBER              AREA       LONG.     LAT.     HORIZ      VERT
              M        M/SEC      N/ M**2       DEG K         1/ M                M**2         M         M         M         M
0 0.720    1524.00     240.74   8.4311E+04     278.246     1.4529E+07           124.583      3.958    34.315    17.000     0.000


                                                      *** WING DATA FAIRING ***
                                       CDL/CL**2 = 0.2206E+00     CLB/CL = 0.5381E-02
            FORCE BREAK MACH NUMBER (ZERO SWEEP) = 0.8130E+00     FORCE BREAK MACH NUMBER (WITH SWEEP) = 0.8391E+00
                      MACH(A) = 0.909     CLA(A) = 0.4679E-01     MACH(B) = 0.979     CLA(B) = 0.1014E+00
                                                (CLB/CL)M=0.6 = 0.5572E-02     (CLB/CL)M=1.4 = 0.1000E-29

                                                  LIFT-CURVE-SLOPE INTERPOLATION TABLE
                                                      MACH               CL-ALPHA
                                                     0.720               0.1209E+00
                                                     0.839               0.1193E+00
                                                     0.909               0.4679E-01
                                                     0.979               0.1014E+00
                                                     1.400               0.9447E-01


                                                   *** WING-BODY DATA FAIRING ***
            CLB/CL =        NaN     (CLB/CL)MFB =-0.1286E-02     (CLB/CL)M=1.4 = 0.1000E-29     (CNA)M=1.4 =        NaN




                                                   *** HORIZONTAL TAIL DATA FAIRING ***
                                       CDL/CL**2 = 0.3107E+00     CLB/CL = 0.9830E-03
            FORCE BREAK MACH NUMBER (ZERO SWEEP) = 0.8039E+00     FORCE BREAK MACH NUMBER (WITH SWEEP) = 0.8351E+00
                      MACH(A) = 0.905     CLA(A) = 0.4538E-02     MACH(B) = 0.975     CLA(B) = 0.1085E-01
                                                (CLB/CL)M=0.6 = 0.1010E-02     (CLB/CL)M=1.4 = 0.1000E-29

                                                  LIFT-CURVE-SLOPE INTERPOLATION TABLE
                                                      MACH               CL-ALPHA
                                                     0.720               0.1278E-01
                                                     0.835               0.1276E-01
                                                     0.905               0.4538E-02
                                                     0.975               0.1085E-01
                                                     1.400               0.9189E-02


                                              *** HORIZONTAL TAIL-BODY DATA FAIRING ***
            CLB/CL =        NaN     (CLB/CL)MFB = 0.3744E-02     (CLB/CL)M=1.4 = 0.1000E-29     (CNA)M=1.4 =        NaN




                                           *** BODY-WING-HORIZONTAL TAIL DATA FAIRING ***
                                                DRAG DIVERGENCE MACH NUMBER = 0.829
                                                      MACH                 CDO
                                                     0.600               0.1806E-01
                                                     0.700               0.1844E-01
                                                     1.100                 Infinity
                                                     1.400                 Infinity
1
1                            AUTOMATED STABILITY AND CONTROL METHODS PER APRIL 1976 VERSION OF DATCOM
                                         CHARACTERISTICS OF HIGH LIFT AND CONTROL DEVICES
                                            WING PLAIN TRAILING-EDGE FLAP CONFIGURATION
                                                  B738 M072 AILERON FULL AIRCRAFT
 -----------------------  FLIGHT CONDITIONS  ------------------------           --------------  REFERENCE DIMENSIONS  ------------
  MACH    ALTITUDE   VELOCITY    PRESSURE    TEMPERATURE     REYNOLDS             REF.      REFERENCE LENGTH   MOMENT REF. CENTER
 NUMBER                                                       NUMBER              AREA       LONG.     LAT.     HORIZ      VERT
              M        M/SEC      N/ M**2       DEG K         1/ M                M**2         M         M         M         M
0 0.720    1524.00     240.74   3.6776E+01     901.518     1.3498E+06           124.583      3.958    34.315    17.000     0.000
0                           ----------YAWING MOMENT COEFFICIENT,CN,DUE TO CONTROL DEFLECTION----------
0(DELTAL-DELTAR)=-40.0       -30.0       -20.0       -10.0         0.0        10.0        20.0        30.0        40.0
0ALPHA
0
  -6.0        -2.950E-03  -2.408E-03  -1.639E-03  -8.194E-04   0.000E+00   8.194E-04   1.639E-03   2.408E-03   2.950E-03
  -4.0        -1.967E-03  -1.605E-03  -1.093E-03  -5.463E-04   0.000E+00   5.463E-04   1.093E-03   1.605E-03   1.967E-03
  -2.0        -9.833E-04  -8.026E-04  -5.463E-04  -2.731E-04   0.000E+00   2.731E-04   5.463E-04   8.026E-04   9.833E-04
   0.0         0.000E+00   0.000E+00   0.000E+00   0.000E+00   0.000E+00   0.000E+00   0.000E+00   0.000E+00   0.000E+00
   2.0         9.833E-04   8.026E-04   5.463E-04   2.731E-04   0.000E+00  -2.731E-04  -5.463E-04  -8.026E-04  -9.833E-04
   4.0         1.967E-03   1.605E-03   1.093E-03   5.463E-04   0.000E+00  -5.463E-04  -1.093E-03  -1.605E-03  -1.967E-03
   6.0         2.950E-03   2.408E-03   1.639E-03   8.194E-04   0.000E+00  -8.194E-04  -1.639E-03  -2.408E-03  -2.950E-03
   8.0         3.933E-03   3.210E-03   2.185E-03   1.093E-03   0.000E+00  -1.093E-03  -2.185E-03  -3.210E-03  -3.933E-03
  10.0         4.917E-03   4.013E-03   2.731E-03   1.366E-03   0.000E+00  -1.366E-03  -2.731E-03  -4.013E-03  -4.917E-03
  12.0         5.900E-03   4.816E-03   3.278E-03   1.639E-03   0.000E+00  -1.639E-03  -3.278E-03  -4.816E-03  -5.900E-03
  14.0         6.883E-03   5.618E-03   3.824E-03   1.912E-03   0.000E+00  -1.912E-03  -3.824E-03  -5.618E-03  -6.883E-03
  16.0         7.866E-03   6.421E-03   4.370E-03   2.185E-03   0.000E+00  -2.185E-03  -4.370E-03  -6.421E-03  -7.866E-03
0
0                                            DELTAL          DELTAR          (CL)ROLL
0
                                             -20.0            20.0           -2.2715E-02
                                             -15.0            15.0           -1.8541E-02
                                             -10.0            10.0           -1.2619E-02
                                              -5.0             5.0           -6.3097E-03
                                               0.0             0.0            0.0000E+00
                                               5.0            -5.0            6.3097E-03
                                              10.0           -10.0            1.2619E-02
                                              15.0           -15.0            1.8541E-02
                                              20.0           -20.0            2.2715E-02
1                               AUTOMATED STABILITY AND CONTROL METHODS PER APRIL 1976 VERSION OF DATCOM
                                         CHARACTERISTICS AT ANGLE OF ATTACK AND IN SIDESLIP
                                        WING-BODY-VERTICAL TAIL-HORIZONTAL TAIL CONFIGURATION
                                                  B738 M072 AILERON FULL AIRCRAFT
 
 -----------------------  FLIGHT CONDITIONS  ------------------------           --------------  REFERENCE DIMENSIONS  ------------
  MACH    ALTITUDE   VELOCITY    PRESSURE    TEMPERATURE     REYNOLDS             REF.      REFERENCE LENGTH   MOMENT REF. CENTER
 NUMBER                                                       NUMBER              AREA       LONG.     LAT.     HORIZ      VERT
              M        M/SEC      N/ M**2       DEG K         1/ M                M**2         M         M         M         M
0 0.720    3048.00     236.42   6.9695E+04     268.347     1.2584E+07           124.583      3.958    34.315    17.000     0.000
0                                                               -------------------DERIVATIVE (PER RADIAN)-------------------
0 ALPHA     CD       CL       CM       CN       CA       XCP        CLA          CMA          CYB          CNB          CLB
0
   -6.0    0.019    NDM       NDM     NDM      NDM        NaN          NaN          NaN      NDM          NDM          NDM 
   -4.0                                                                                                                NDM 
   -2.0                                                                                                                NDM 
    0.0                                                                                                                NDM 
    2.0                                                                                                                NDM 
    4.0                                                                                                                NDM 
    6.0                                                                                                                NDM 
    8.0                                                                                                                NDM 
   10.0                                                                                                                NDM 
   12.0                                                                                                                NDM 
   14.0                                                                                                                NDM 
   16.0                                                                                                                NDM 
0                                    ALPHA     Q/QINF    EPSLON  D(EPSLON)/D(ALPHA)
0
                                     -6.0      0.991      0.000        0.599
                                     -4.0                                  
                                     -2.0                                  
                                      0.0                                  
                                      2.0                                  
                                      4.0                                  
                                      6.0                                  
                                      8.0                                  
                                     10.0                                  
                                     12.0                                  
                                     14.0                                  
                                     16.0                                  
0*** NDM PRINTED WHEN NO DATCOM METHODS EXIST
1                             AUTOMATED STABILITY AND CONTROL METHODS PER APRIL 1976 VERSION OF DATCOM
                                             CONFIGURATION AUXILIARY AND PARTIAL OUTPUT
                                        WING-BODY-VERTICAL TAIL-HORIZONTAL TAIL CONFIGURATION
                                                  B738 M072 AILERON FULL AIRCRAFT
 -----------------------  FLIGHT CONDITIONS  ------------------------           --------------  REFERENCE DIMENSIONS  ------------
  MACH    ALTITUDE   VELOCITY    PRESSURE    TEMPERATURE     REYNOLDS             REF.      REFERENCE LENGTH   MOMENT REF. CENTER
 NUMBER                                                       NUMBER              AREA       LONG.     LAT.     HORIZ      VERT
              M        M/SEC      N/ M**2       DEG K         1/ M                M**2         M         M         M         M
0 0.720    3048.00     236.42   6.9695E+04     268.347     1.2584E+07           124.583      3.958    34.315    17.000     0.000


                                                       BASIC BODY PROPERTIES

            WETTED AREA      XCG     ZCG     BASE AREA     ZERO LIFT DRAG   BASE DRAG   FRICTION DRAG   PRESSURE DRAG
             0.3942E+03    17.00    0.00       3.5622        0.7477E-02    0.1873E-02    0.5148E-02      0.4565E-03


                                         XCG RELATIVE TO THEORETICAL LEADING EDGE MAC=  -0.60


                                                       BASIC PLANFORM PROPERTIES

                                    TAPER     ASPECT   QUARTER CHORD             QUARTER CHORD              ZERO LIFT    FRICTION
                         AREA       RATIO      RATIO       SWEEP        MAC        X(MAC)       Y(MAC)        DRAG     COEFFICIENT
0      WING
   TOTAL THEORITICAL
+                     0.2280E+03    0.159    0.5164E+01    25.020    0.678E+01    0.193E+02    0.797E+01                       
       TOTAL EXPOSED
+                     0.1989E+03    0.164    0.4695E+01    25.020    0.664E+01    0.198E+02    0.900E+01    0.764E-02    0.209E-02
0  HORIZONTAL TAIL
   TOTAL THEORITICAL
+                     0.3278E+02    0.203    0.6281E+01    30.000    0.262E+01    0.364E+02    0.280E+01                       
       TOTAL EXPOSED
+                     0.2002E+02    0.256    0.5611E+01    30.000    0.211E+01    0.371E+02    0.400E+01    0.915E-03    0.249E-02
0   VERTICAL TAIL
   TOTAL THEORITICAL
+                     0.2644E+02    0.271    0.1941E+01    35.000    0.410E+01    0.356E+02    0.522E+01                       
       TOTAL EXPOSED
+                     0.2218E+02    0.294    0.1847E+01    35.000    0.381E+01    0.359E+02    0.338E+01      NA           NA  
0*** NA PRINTED WHEN METHOD NOT APPLICABLE
1                             AUTOMATED STABILITY AND CONTROL METHODS PER APRIL 1976 VERSION OF DATCOM
                                             CONFIGURATION AUXILIARY AND PARTIAL OUTPUT
                                        WING-BODY-VERTICAL TAIL-HORIZONTAL TAIL CONFIGURATION
                                                  B738 M072 AILERON FULL AIRCRAFT
 -----------------------  FLIGHT CONDITIONS  ------------------------           --------------  REFERENCE DIMENSIONS  ------------
  MACH    ALTITUDE   VELOCITY    PRESSURE    TEMPERATURE     REYNOLDS             REF.      REFERENCE LENGTH   MOMENT REF. CENTER
 NUMBER                                                       NUMBER              AREA       LONG.     LAT.     HORIZ      VERT
              M        M/SEC      N/ M**2       DEG K         1/ M                M**2         M         M         M         M
0 0.720    3048.00     236.42   6.9695E+04     268.347     1.2584E+07           124.583      3.958    34.315    17.000     0.000
0          CLA-B(W)= 1.801E-02     CLA-W(B)= 1.315E-01     K-B(W)= 1.490E-01     K-W(B)= 1.088E+00     XAC/C-B(W)= 8.728E-01
0          CLA-B(H)= 3.526E-03     CLA-H(B)= 1.560E-02     K-B(H)= 2.760E-01     K-H(B)= 1.221E+00     XAC/C-B(H)= 5.441E-01
1                             AUTOMATED STABILITY AND CONTROL METHODS PER APRIL 1976 VERSION OF DATCOM
                                             CONFIGURATION AUXILIARY AND PARTIAL OUTPUT
                                        WING-BODY-VERTICAL TAIL-HORIZONTAL TAIL CONFIGURATION
                                                  B738 M072 AILERON FULL AIRCRAFT
 -----------------------  FLIGHT CONDITIONS  ------------------------           --------------  REFERENCE DIMENSIONS  ------------
  MACH    ALTITUDE   VELOCITY    PRESSURE    TEMPERATURE     REYNOLDS             REF.      REFERENCE LENGTH   MOMENT REF. CENTER
 NUMBER                                                       NUMBER              AREA       LONG.     LAT.     HORIZ      VERT
              M        M/SEC      N/ M**2       DEG K         1/ M                M**2         M         M         M         M
0 0.720    3048.00     236.42   6.9695E+04     268.347     1.2584E+07           124.583      3.958    34.315    17.000     0.000


                                                      *** WING DATA FAIRING ***
                                       CDL/CL**2 = 0.2206E+00     CLB/CL = 0.5381E-02
            FORCE BREAK MACH NUMBER (ZERO SWEEP) = 0.8130E+00     FORCE BREAK MACH NUMBER (WITH SWEEP) = 0.8391E+00
                      MACH(A) = 0.909     CLA(A) = 0.4679E-01     MACH(B) = 0.979     CLA(B) = 0.1014E+00
                                                (CLB/CL)M=0.6 = 0.5572E-02     (CLB/CL)M=1.4 = 0.1000E-29

                                                  LIFT-CURVE-SLOPE INTERPOLATION TABLE
                                                      MACH               CL-ALPHA
                                                     0.720               0.1209E+00
                                                     0.839               0.1193E+00
                                                     0.909               0.4679E-01
                                                     0.979               0.1014E+00
                                                     1.400               0.9447E-01


                                                   *** WING-BODY DATA FAIRING ***
            CLB/CL =        NaN     (CLB/CL)MFB =-0.1286E-02     (CLB/CL)M=1.4 = 0.1000E-29     (CNA)M=1.4 =        NaN




                                                   *** HORIZONTAL TAIL DATA FAIRING ***
                                       CDL/CL**2 = 0.3107E+00     CLB/CL = 0.9830E-03
            FORCE BREAK MACH NUMBER (ZERO SWEEP) = 0.8039E+00     FORCE BREAK MACH NUMBER (WITH SWEEP) = 0.8351E+00
                      MACH(A) = 0.905     CLA(A) = 0.4538E-02     MACH(B) = 0.975     CLA(B) = 0.1085E-01
                                                (CLB/CL)M=0.6 = 0.1010E-02     (CLB/CL)M=1.4 = 0.1000E-29

                                                  LIFT-CURVE-SLOPE INTERPOLATION TABLE
                                                      MACH               CL-ALPHA
                                                     0.720               0.1278E-01
                                                     0.835               0.1276E-01
                                                     0.905               0.4538E-02
                                                     0.975               0.1085E-01
                                                     1.400               0.9189E-02


                                              *** HORIZONTAL TAIL-BODY DATA FAIRING ***
            CLB/CL =        NaN     (CLB/CL)MFB = 0.3744E-02     (CLB/CL)M=1.4 = 0.1000E-29     (CNA)M=1.4 =        NaN




                                           *** BODY-WING-HORIZONTAL TAIL DATA FAIRING ***
                                                DRAG DIVERGENCE MACH NUMBER = 0.829
                                                      MACH                 CDO
                                                     0.600               0.1806E-01
                                                     0.700               0.1844E-01
                                                     1.100                 Infinity
                                                     1.400                 Infinity
1
1                            AUTOMATED STABILITY AND CONTROL METHODS PER APRIL 1976 VERSION OF DATCOM
                                         CHARACTERISTICS OF HIGH LIFT AND CONTROL DEVICES
                                            WING PLAIN TRAILING-EDGE FLAP CONFIGURATION
                                                  B738 M072 AILERON FULL AIRCRAFT
 -----------------------  FLIGHT CONDITIONS  ------------------------           --------------  REFERENCE DIMENSIONS  ------------
  MACH    ALTITUDE   VELOCITY    PRESSURE    TEMPERATURE     REYNOLDS             REF.      REFERENCE LENGTH   MOMENT REF. CENTER
 NUMBER                                                       NUMBER              AREA       LONG.     LAT.     HORIZ      VERT
              M        M/SEC      N/ M**2       DEG K         1/ M                M**2         M         M         M         M
0 0.720    3048.00     236.42   3.0401E+01     869.445     1.1691E+06           124.583      3.958    34.315    17.000     0.000
0                           ----------YAWING MOMENT COEFFICIENT,CN,DUE TO CONTROL DEFLECTION----------
0(DELTAL-DELTAR)=-40.0       -30.0       -20.0       -10.0         0.0        10.0        20.0        30.0        40.0
0ALPHA
0
  -6.0        -2.948E-03  -2.406E-03  -1.638E-03  -8.188E-04   0.000E+00   8.188E-04   1.638E-03   2.406E-03   2.948E-03
  -4.0        -1.965E-03  -1.604E-03  -1.092E-03  -5.458E-04   0.000E+00   5.458E-04   1.092E-03   1.604E-03   1.965E-03
  -2.0        -9.825E-04  -8.020E-04  -5.458E-04  -2.729E-04   0.000E+00   2.729E-04   5.458E-04   8.020E-04   9.825E-04
   0.0         0.000E+00   0.000E+00   0.000E+00   0.000E+00   0.000E+00   0.000E+00   0.000E+00   0.000E+00   0.000E+00
   2.0         9.825E-04   8.020E-04   5.458E-04   2.729E-04   0.000E+00  -2.729E-04  -5.458E-04  -8.020E-04  -9.825E-04
   4.0         1.965E-03   1.604E-03   1.092E-03   5.458E-04   0.000E+00  -5.458E-04  -1.092E-03  -1.604E-03  -1.965E-03
   6.0         2.948E-03   2.406E-03   1.638E-03   8.188E-04   0.000E+00  -8.188E-04  -1.638E-03  -2.406E-03  -2.948E-03
   8.0         3.930E-03   3.208E-03   2.183E-03   1.092E-03   0.000E+00  -1.092E-03  -2.183E-03  -3.208E-03  -3.930E-03
  10.0         4.913E-03   4.010E-03   2.729E-03   1.365E-03   0.000E+00  -1.365E-03  -2.729E-03  -4.010E-03  -4.913E-03
  12.0         5.895E-03   4.812E-03   3.275E-03   1.638E-03   0.000E+00  -1.638E-03  -3.275E-03  -4.812E-03  -5.895E-03
  14.0         6.878E-03   5.614E-03   3.821E-03   1.910E-03   0.000E+00  -1.910E-03  -3.821E-03  -5.614E-03  -6.878E-03
  16.0         7.860E-03   6.416E-03   4.367E-03   2.183E-03   0.000E+00  -2.183E-03  -4.367E-03  -6.416E-03  -7.860E-03
0
0                                            DELTAL          DELTAR          (CL)ROLL
0
                                             -20.0            20.0           -2.2697E-02
                                             -15.0            15.0           -1.8526E-02
                                             -10.0            10.0           -1.2609E-02
                                              -5.0             5.0           -6.3047E-03
                                               0.0             0.0            0.0000E+00
                                               5.0            -5.0            6.3047E-03
                                              10.0           -10.0            1.2609E-02
                                              15.0           -15.0            1.8526E-02
                                              20.0           -20.0            2.2697E-02
1                               AUTOMATED STABILITY AND CONTROL METHODS PER APRIL 1976 VERSION OF DATCOM
                                         CHARACTERISTICS AT ANGLE OF ATTACK AND IN SIDESLIP
                                        WING-BODY-VERTICAL TAIL-HORIZONTAL TAIL CONFIGURATION
                                                  B738 M072 AILERON FULL AIRCRAFT
 
 -----------------------  FLIGHT CONDITIONS  ------------------------           --------------  REFERENCE DIMENSIONS  ------------
  MACH    ALTITUDE   VELOCITY    PRESSURE    TEMPERATURE     REYNOLDS             REF.      REFERENCE LENGTH   MOMENT REF. CENTER
 NUMBER                                                       NUMBER              AREA       LONG.     LAT.     HORIZ      VERT
              M        M/SEC      N/ M**2       DEG K         1/ M                M**2         M         M         M         M
0 0.720    4572.00     232.02   5.7207E+04     258.453     1.0844E+07           124.583      3.958    34.315    17.000     0.000
0                                                               -------------------DERIVATIVE (PER RADIAN)-------------------
0 ALPHA     CD       CL       CM       CN       CA       XCP        CLA          CMA          CYB          CNB          CLB
0
   -6.0    0.019    NDM       NDM     NDM      NDM        NaN          NaN          NaN      NDM          NDM          NDM 
   -4.0                                                                                                                NDM 
   -2.0                                                                                                                NDM 
    0.0                                                                                                                NDM 
    2.0                                                                                                                NDM 
    4.0                                                                                                                NDM 
    6.0                                                                                                                NDM 
    8.0                                                                                                                NDM 
   10.0                                                                                                                NDM 
   12.0                                                                                                                NDM 
   14.0                                                                                                                NDM 
   16.0                                                                                                                NDM 
0                                    ALPHA     Q/QINF    EPSLON  D(EPSLON)/D(ALPHA)
0
                                     -6.0      0.996      0.000        0.599
                                     -4.0                                  
                                     -2.0                                  
                                      0.0                                  
                                      2.0                                  
                                      4.0                                  
                                      6.0                                  
                                      8.0                                  
                                     10.0                                  
                                     12.0                                  
                                     14.0                                  
                                     16.0                                  
0*** NDM PRINTED WHEN NO DATCOM METHODS EXIST
1                             AUTOMATED STABILITY AND CONTROL METHODS PER APRIL 1976 VERSION OF DATCOM
                                             CONFIGURATION AUXILIARY AND PARTIAL OUTPUT
                                        WING-BODY-VERTICAL TAIL-HORIZONTAL TAIL CONFIGURATION
                                                  B738 M072 AILERON FULL AIRCRAFT
 -----------------------  FLIGHT CONDITIONS  ------------------------           --------------  REFERENCE DIMENSIONS  ------------
  MACH    ALTITUDE   VELOCITY    PRESSURE    TEMPERATURE     REYNOLDS             REF.      REFERENCE LENGTH   MOMENT REF. CENTER
 NUMBER                                                       NUMBER              AREA       LONG.     LAT.     HORIZ      VERT
              M        M/SEC      N/ M**2       DEG K         1/ M                M**2         M         M         M         M
0 0.720    4572.00     232.02   5.7207E+04     258.453     1.0844E+07           124.583      3.958    34.315    17.000     0.000


                                                       BASIC BODY PROPERTIES

            WETTED AREA      XCG     ZCG     BASE AREA     ZERO LIFT DRAG   BASE DRAG   FRICTION DRAG   PRESSURE DRAG
             0.3942E+03    17.00    0.00       3.5622        0.7568E-02    0.1855E-02    0.5248E-02      0.4653E-03


                                         XCG RELATIVE TO THEORETICAL LEADING EDGE MAC=  -0.60


                                                       BASIC PLANFORM PROPERTIES

                                    TAPER     ASPECT   QUARTER CHORD             QUARTER CHORD              ZERO LIFT    FRICTION
                         AREA       RATIO      RATIO       SWEEP        MAC        X(MAC)       Y(MAC)        DRAG     COEFFICIENT
0      WING
   TOTAL THEORITICAL
+                     0.2280E+03    0.159    0.5164E+01    25.020    0.678E+01    0.193E+02    0.797E+01                       
       TOTAL EXPOSED
+                     0.1989E+03    0.164    0.4695E+01    25.020    0.664E+01    0.198E+02    0.900E+01    0.781E-02    0.214E-02
0  HORIZONTAL TAIL
   TOTAL THEORITICAL
+                     0.3278E+02    0.203    0.6281E+01    30.000    0.262E+01    0.364E+02    0.280E+01                       
       TOTAL EXPOSED
+                     0.2002E+02    0.256    0.5611E+01    30.000    0.211E+01    0.371E+02    0.400E+01    0.936E-03    0.255E-02
0   VERTICAL TAIL
   TOTAL THEORITICAL
+                     0.2644E+02    0.271    0.1941E+01    35.000    0.410E+01    0.356E+02    0.522E+01                       
       TOTAL EXPOSED
+                     0.2218E+02    0.294    0.1847E+01    35.000    0.381E+01    0.359E+02    0.338E+01      NA           NA  
0*** NA PRINTED WHEN METHOD NOT APPLICABLE
1                             AUTOMATED STABILITY AND CONTROL METHODS PER APRIL 1976 VERSION OF DATCOM
                                             CONFIGURATION AUXILIARY AND PARTIAL OUTPUT
                                        WING-BODY-VERTICAL TAIL-HORIZONTAL TAIL CONFIGURATION
                                                  B738 M072 AILERON FULL AIRCRAFT
 -----------------------  FLIGHT CONDITIONS  ------------------------           --------------  REFERENCE DIMENSIONS  ------------
  MACH    ALTITUDE   VELOCITY    PRESSURE    TEMPERATURE     REYNOLDS             REF.      REFERENCE LENGTH   MOMENT REF. CENTER
 NUMBER                                                       NUMBER              AREA       LONG.     LAT.     HORIZ      VERT
              M        M/SEC      N/ M**2       DEG K         1/ M                M**2         M         M         M         M
0 0.720    4572.00     232.02   5.7207E+04     258.453     1.0844E+07           124.583      3.958    34.315    17.000     0.000
0          CLA-B(W)= 1.801E-02     CLA-W(B)= 1.315E-01     K-B(W)= 1.490E-01     K-W(B)= 1.088E+00     XAC/C-B(W)= 8.728E-01
0          CLA-B(H)= 3.526E-03     CLA-H(B)= 1.560E-02     K-B(H)= 2.760E-01     K-H(B)= 1.221E+00     XAC/C-B(H)= 5.441E-01
1                             AUTOMATED STABILITY AND CONTROL METHODS PER APRIL 1976 VERSION OF DATCOM
                                             CONFIGURATION AUXILIARY AND PARTIAL OUTPUT
                                        WING-BODY-VERTICAL TAIL-HORIZONTAL TAIL CONFIGURATION
                                                  B738 M072 AILERON FULL AIRCRAFT
 -----------------------  FLIGHT CONDITIONS  ------------------------           --------------  REFERENCE DIMENSIONS  ------------
  MACH    ALTITUDE   VELOCITY    PRESSURE    TEMPERATURE     REYNOLDS             REF.      REFERENCE LENGTH   MOMENT REF. CENTER
 NUMBER                                                       NUMBER              AREA       LONG.     LAT.     HORIZ      VERT
              M        M/SEC      N/ M**2       DEG K         1/ M                M**2         M         M         M         M
0 0.720    4572.00     232.02   5.7207E+04     258.453     1.0844E+07           124.583      3.958    34.315    17.000     0.000


                                                      *** WING DATA FAIRING ***
                                       CDL/CL**2 = 0.2206E+00     CLB/CL = 0.5381E-02
            FORCE BREAK MACH NUMBER (ZERO SWEEP) = 0.8130E+00     FORCE BREAK MACH NUMBER (WITH SWEEP) = 0.8391E+00
                      MACH(A) = 0.909     CLA(A) = 0.4679E-01     MACH(B) = 0.979     CLA(B) = 0.1014E+00
                                                (CLB/CL)M=0.6 = 0.5572E-02     (CLB/CL)M=1.4 = 0.1000E-29

                                                  LIFT-CURVE-SLOPE INTERPOLATION TABLE
                                                      MACH               CL-ALPHA
                                                     0.720               0.1209E+00
                                                     0.839               0.1193E+00
                                                     0.909               0.4679E-01
                                                     0.979               0.1014E+00
                                                     1.400               0.9447E-01


                                                   *** WING-BODY DATA FAIRING ***
            CLB/CL =        NaN     (CLB/CL)MFB =-0.1286E-02     (CLB/CL)M=1.4 = 0.1000E-29     (CNA)M=1.4 =        NaN




                                                   *** HORIZONTAL TAIL DATA FAIRING ***
                                       CDL/CL**2 = 0.3107E+00     CLB/CL = 0.9830E-03
            FORCE BREAK MACH NUMBER (ZERO SWEEP) = 0.8039E+00     FORCE BREAK MACH NUMBER (WITH SWEEP) = 0.8351E+00
                      MACH(A) = 0.905     CLA(A) = 0.4538E-02     MACH(B) = 0.975     CLA(B) = 0.1085E-01
                                                (CLB/CL)M=0.6 = 0.1010E-02     (CLB/CL)M=1.4 = 0.1000E-29

                                                  LIFT-CURVE-SLOPE INTERPOLATION TABLE
                                                      MACH               CL-ALPHA
                                                     0.720               0.1278E-01
                                                     0.835               0.1276E-01
                                                     0.905               0.4538E-02
                                                     0.975               0.1085E-01
                                                     1.400               0.9189E-02


                                              *** HORIZONTAL TAIL-BODY DATA FAIRING ***
            CLB/CL =        NaN     (CLB/CL)MFB = 0.3744E-02     (CLB/CL)M=1.4 = 0.1000E-29     (CNA)M=1.4 =        NaN




                                           *** BODY-WING-HORIZONTAL TAIL DATA FAIRING ***
                                                DRAG DIVERGENCE MACH NUMBER = 0.829
                                                      MACH                 CDO
                                                     0.600               0.1806E-01
                                                     0.700               0.1844E-01
                                                     1.100                 Infinity
                                                     1.400                 Infinity
1
1                            AUTOMATED STABILITY AND CONTROL METHODS PER APRIL 1976 VERSION OF DATCOM
                                         CHARACTERISTICS OF HIGH LIFT AND CONTROL DEVICES
                                            WING PLAIN TRAILING-EDGE FLAP CONFIGURATION
                                                  B738 M072 AILERON FULL AIRCRAFT
 -----------------------  FLIGHT CONDITIONS  ------------------------           --------------  REFERENCE DIMENSIONS  ------------
  MACH    ALTITUDE   VELOCITY    PRESSURE    TEMPERATURE     REYNOLDS             REF.      REFERENCE LENGTH   MOMENT REF. CENTER
 NUMBER                                                       NUMBER              AREA       LONG.     LAT.     HORIZ      VERT
              M        M/SEC      N/ M**2       DEG K         1/ M                M**2         M         M         M         M
0 0.720    4572.00     232.02   2.4954E+01     837.388     1.0074E+06           124.583      3.958    34.315    17.000     0.000
0                           ----------YAWING MOMENT COEFFICIENT,CN,DUE TO CONTROL DEFLECTION----------
0(DELTAL-DELTAR)=-40.0       -30.0       -20.0       -10.0         0.0        10.0        20.0        30.0        40.0
0ALPHA
0
  -6.0        -2.945E-03  -2.404E-03  -1.636E-03  -8.181E-04   0.000E+00   8.181E-04   1.636E-03   2.404E-03   2.945E-03
  -4.0        -1.963E-03  -1.603E-03  -1.091E-03  -5.454E-04   0.000E+00   5.454E-04   1.091E-03   1.603E-03   1.963E-03
  -2.0        -9.817E-04  -8.013E-04  -5.454E-04  -2.727E-04   0.000E+00   2.727E-04   5.454E-04   8.013E-04   9.817E-04
   0.0         0.000E+00   0.000E+00   0.000E+00   0.000E+00   0.000E+00   0.000E+00   0.000E+00   0.000E+00   0.000E+00
   2.0         9.817E-04   8.013E-04   5.454E-04   2.727E-04   0.000E+00  -2.727E-04  -5.454E-04  -8.013E-04  -9.817E-04
   4.0         1.963E-03   1.603E-03   1.091E-03   5.454E-04   0.000E+00  -5.454E-04  -1.091E-03  -1.603E-03  -1.963E-03
   6.0         2.945E-03   2.404E-03   1.636E-03   8.181E-04   0.000E+00  -8.181E-04  -1.636E-03  -2.404E-03  -2.945E-03
   8.0         3.927E-03   3.205E-03   2.182E-03   1.091E-03   0.000E+00  -1.091E-03  -2.182E-03  -3.205E-03  -3.927E-03
  10.0         4.909E-03   4.007E-03   2.727E-03   1.364E-03   0.000E+00  -1.364E-03  -2.727E-03  -4.007E-03  -4.909E-03
  12.0         5.890E-03   4.808E-03   3.272E-03   1.636E-03   0.000E+00  -1.636E-03  -3.272E-03  -4.808E-03  -5.890E-03
  14.0         6.872E-03   5.609E-03   3.818E-03   1.909E-03   0.000E+00  -1.909E-03  -3.818E-03  -5.609E-03  -6.872E-03
  16.0         7.854E-03   6.411E-03   4.363E-03   2.182E-03   0.000E+00  -2.182E-03  -4.363E-03  -6.411E-03  -7.854E-03
0
0                                            DELTAL          DELTAR          (CL)ROLL
0
                                             -20.0            20.0           -2.2678E-02
                                             -15.0            15.0           -1.8511E-02
                                             -10.0            10.0           -1.2599E-02
                                              -5.0             5.0           -6.2995E-03
                                               0.0             0.0            0.0000E+00
                                               5.0            -5.0            6.2995E-03
                                              10.0           -10.0            1.2599E-02
                                              15.0           -15.0            1.8511E-02
                                              20.0           -20.0            2.2678E-02
1                               AUTOMATED STABILITY AND CONTROL METHODS PER APRIL 1976 VERSION OF DATCOM
                                         CHARACTERISTICS AT ANGLE OF ATTACK AND IN SIDESLIP
                                        WING-BODY-VERTICAL TAIL-HORIZONTAL TAIL CONFIGURATION
                                                  B738 M072 AILERON FULL AIRCRAFT
 
 -----------------------  FLIGHT CONDITIONS  ------------------------           --------------  REFERENCE DIMENSIONS  ------------
  MACH    ALTITUDE   VELOCITY    PRESSURE    TEMPERATURE     REYNOLDS             REF.      REFERENCE LENGTH   MOMENT REF. CENTER
 NUMBER                                                       NUMBER              AREA       LONG.     LAT.     HORIZ      VERT
              M        M/SEC      N/ M**2       DEG K         1/ M                M**2         M         M         M         M
0 0.720    6096.00     227.53   4.6600E+04     248.564     9.2944E+06           124.583      3.958    34.315    17.000     0.000
0                                                               -------------------DERIVATIVE (PER RADIAN)-------------------
0 ALPHA     CD       CL       CM       CN       CA       XCP        CLA          CMA          CYB          CNB          CLB
0
   -6.0    0.019    NDM       NDM     NDM      NDM        NaN          NaN          NaN      NDM          NDM          NDM 
   -4.0                                                                                                                NDM 
   -2.0                                                                                                                NDM 
    0.0                                                                                                                NDM 
    2.0                                                                                                                NDM 
    4.0                                                                                                                NDM 
    6.0                                                                                                                NDM 
    8.0                                                                                                                NDM 
   10.0                                                                                                                NDM 
   12.0                                                                                                                NDM 
   14.0                                                                                                                NDM 
   16.0                                                                                                                NDM 
0                                    ALPHA     Q/QINF    EPSLON  D(EPSLON)/D(ALPHA)
0
                                     -6.0      0.999      0.000        0.599
                                     -4.0                                  
                                     -2.0                                  
                                      0.0                                  
                                      2.0                                  
                                      4.0                                  
                                      6.0                                  
                                      8.0                                  
                                     10.0                                  
                                     12.0                                  
                                     14.0                                  
                                     16.0                                  
0*** NDM PRINTED WHEN NO DATCOM METHODS EXIST
1                             AUTOMATED STABILITY AND CONTROL METHODS PER APRIL 1976 VERSION OF DATCOM
                                             CONFIGURATION AUXILIARY AND PARTIAL OUTPUT
                                        WING-BODY-VERTICAL TAIL-HORIZONTAL TAIL CONFIGURATION
                                                  B738 M072 AILERON FULL AIRCRAFT
 -----------------------  FLIGHT CONDITIONS  ------------------------           --------------  REFERENCE DIMENSIONS  ------------
  MACH    ALTITUDE   VELOCITY    PRESSURE    TEMPERATURE     REYNOLDS             REF.      REFERENCE LENGTH   MOMENT REF. CENTER
 NUMBER                                                       NUMBER              AREA       LONG.     LAT.     HORIZ      VERT
              M        M/SEC      N/ M**2       DEG K         1/ M                M**2         M         M         M         M
0 0.720    6096.00     227.53   4.6600E+04     248.564     9.2944E+06           124.583      3.958    34.315    17.000     0.000


                                                       BASIC BODY PROPERTIES

            WETTED AREA      XCG     ZCG     BASE AREA     ZERO LIFT DRAG   BASE DRAG   FRICTION DRAG   PRESSURE DRAG
             0.3942E+03    17.00    0.00       3.5622        0.7668E-02    0.1836E-02    0.5357E-02      0.4750E-03


                                         XCG RELATIVE TO THEORETICAL LEADING EDGE MAC=  -0.60


                                                       BASIC PLANFORM PROPERTIES

                                    TAPER     ASPECT   QUARTER CHORD             QUARTER CHORD              ZERO LIFT    FRICTION
                         AREA       RATIO      RATIO       SWEEP        MAC        X(MAC)       Y(MAC)        DRAG     COEFFICIENT
0      WING
   TOTAL THEORITICAL
+                     0.2280E+03    0.159    0.5164E+01    25.020    0.678E+01    0.193E+02    0.797E+01                       
       TOTAL EXPOSED
+                     0.1989E+03    0.164    0.4695E+01    25.020    0.664E+01    0.198E+02    0.900E+01    0.800E-02    0.219E-02
0  HORIZONTAL TAIL
   TOTAL THEORITICAL
+                     0.3278E+02    0.203    0.6281E+01    30.000    0.262E+01    0.364E+02    0.280E+01                       
       TOTAL EXPOSED
+                     0.2002E+02    0.256    0.5611E+01    30.000    0.211E+01    0.371E+02    0.400E+01    0.959E-03    0.261E-02
0   VERTICAL TAIL
   TOTAL THEORITICAL
+                     0.2644E+02    0.271    0.1941E+01    35.000    0.410E+01    0.356E+02    0.522E+01                       
       TOTAL EXPOSED
+                     0.2218E+02    0.294    0.1847E+01    35.000    0.381E+01    0.359E+02    0.338E+01      NA           NA  
0*** NA PRINTED WHEN METHOD NOT APPLICABLE
1                             AUTOMATED STABILITY AND CONTROL METHODS PER APRIL 1976 VERSION OF DATCOM
                                             CONFIGURATION AUXILIARY AND PARTIAL OUTPUT
                                        WING-BODY-VERTICAL TAIL-HORIZONTAL TAIL CONFIGURATION
                                                  B738 M072 AILERON FULL AIRCRAFT
 -----------------------  FLIGHT CONDITIONS  ------------------------           --------------  REFERENCE DIMENSIONS  ------------
  MACH    ALTITUDE   VELOCITY    PRESSURE    TEMPERATURE     REYNOLDS             REF.      REFERENCE LENGTH   MOMENT REF. CENTER
 NUMBER                                                       NUMBER              AREA       LONG.     LAT.     HORIZ      VERT
              M        M/SEC      N/ M**2       DEG K         1/ M                M**2         M         M         M         M
0 0.720    6096.00     227.53   4.6600E+04     248.564     9.2944E+06           124.583      3.958    34.315    17.000     0.000
0          CLA-B(W)= 1.801E-02     CLA-W(B)= 1.315E-01     K-B(W)= 1.490E-01     K-W(B)= 1.088E+00     XAC/C-B(W)= 8.728E-01
0          CLA-B(H)= 3.526E-03     CLA-H(B)= 1.560E-02     K-B(H)= 2.760E-01     K-H(B)= 1.221E+00     XAC/C-B(H)= 5.441E-01
1                             AUTOMATED STABILITY AND CONTROL METHODS PER APRIL 1976 VERSION OF DATCOM
                                             CONFIGURATION AUXILIARY AND PARTIAL OUTPUT
                                        WING-BODY-VERTICAL TAIL-HORIZONTAL TAIL CONFIGURATION
                                                  B738 M072 AILERON FULL AIRCRAFT
 -----------------------  FLIGHT CONDITIONS  ------------------------           --------------  REFERENCE DIMENSIONS  ------------
  MACH    ALTITUDE   VELOCITY    PRESSURE    TEMPERATURE     REYNOLDS             REF.      REFERENCE LENGTH   MOMENT REF. CENTER
 NUMBER                                                       NUMBER              AREA       LONG.     LAT.     HORIZ      VERT
              M        M/SEC      N/ M**2       DEG K         1/ M                M**2         M         M         M         M
0 0.720    6096.00     227.53   4.6600E+04     248.564     9.2944E+06           124.583      3.958    34.315    17.000     0.000


                                                      *** WING DATA FAIRING ***
                                       CDL/CL**2 = 0.2206E+00     CLB/CL = 0.5381E-02
            FORCE BREAK MACH NUMBER (ZERO SWEEP) = 0.8130E+00     FORCE BREAK MACH NUMBER (WITH SWEEP) = 0.8391E+00
                      MACH(A) = 0.909     CLA(A) = 0.4679E-01     MACH(B) = 0.979     CLA(B) = 0.1014E+00
                                                (CLB/CL)M=0.6 = 0.5572E-02     (CLB/CL)M=1.4 = 0.1000E-29

                                                  LIFT-CURVE-SLOPE INTERPOLATION TABLE
                                                      MACH               CL-ALPHA
                                                     0.720               0.1209E+00
                                                     0.839               0.1193E+00
                                                     0.909               0.4679E-01
                                                     0.979               0.1014E+00
                                                     1.400               0.9447E-01


                                                   *** WING-BODY DATA FAIRING ***
            CLB/CL =        NaN     (CLB/CL)MFB =-0.1286E-02     (CLB/CL)M=1.4 = 0.1000E-29     (CNA)M=1.4 =        NaN




                                                   *** HORIZONTAL TAIL DATA FAIRING ***
                                       CDL/CL**2 = 0.3107E+00     CLB/CL = 0.9830E-03
            FORCE BREAK MACH NUMBER (ZERO SWEEP) = 0.8039E+00     FORCE BREAK MACH NUMBER (WITH SWEEP) = 0.8351E+00
                      MACH(A) = 0.905     CLA(A) = 0.4538E-02     MACH(B) = 0.975     CLA(B) = 0.1085E-01
                                                (CLB/CL)M=0.6 = 0.1010E-02     (CLB/CL)M=1.4 = 0.1000E-29

                                                  LIFT-CURVE-SLOPE INTERPOLATION TABLE
                                                      MACH               CL-ALPHA
                                                     0.720               0.1278E-01
                                                     0.835               0.1276E-01
                                                     0.905               0.4538E-02
                                                     0.975               0.1085E-01
                                                     1.400               0.9189E-02


                                              *** HORIZONTAL TAIL-BODY DATA FAIRING ***
            CLB/CL =        NaN     (CLB/CL)MFB = 0.3744E-02     (CLB/CL)M=1.4 = 0.1000E-29     (CNA)M=1.4 =        NaN




                                           *** BODY-WING-HORIZONTAL TAIL DATA FAIRING ***
                                                DRAG DIVERGENCE MACH NUMBER = 0.829
                                                      MACH                 CDO
                                                     0.600               0.1806E-01
                                                     0.700               0.1844E-01
                                                     1.100                 Infinity
                                                     1.400                 Infinity
1
1                            AUTOMATED STABILITY AND CONTROL METHODS PER APRIL 1976 VERSION OF DATCOM
                                         CHARACTERISTICS OF HIGH LIFT AND CONTROL DEVICES
                                            WING PLAIN TRAILING-EDGE FLAP CONFIGURATION
                                                  B738 M072 AILERON FULL AIRCRAFT
 -----------------------  FLIGHT CONDITIONS  ------------------------           --------------  REFERENCE DIMENSIONS  ------------
  MACH    ALTITUDE   VELOCITY    PRESSURE    TEMPERATURE     REYNOLDS             REF.      REFERENCE LENGTH   MOMENT REF. CENTER
 NUMBER                                                       NUMBER              AREA       LONG.     LAT.     HORIZ      VERT
              M        M/SEC      N/ M**2       DEG K         1/ M                M**2         M         M         M         M
0 0.720    6096.00     227.53   2.0327E+01     805.346     8.6347E+05           124.583      3.958    34.315    17.000     0.000
0                           ----------YAWING MOMENT COEFFICIENT,CN,DUE TO CONTROL DEFLECTION----------
0(DELTAL-DELTAR)=-40.0       -30.0       -20.0       -10.0         0.0        10.0        20.0        30.0        40.0
0ALPHA
0
  -6.0        -2.943E-03  -2.402E-03  -1.635E-03  -8.174E-04   0.000E+00   8.174E-04   1.635E-03   2.402E-03   2.943E-03
  -4.0        -1.962E-03  -1.601E-03  -1.090E-03  -5.449E-04   0.000E+00   5.449E-04   1.090E-03   1.601E-03   1.962E-03
  -2.0        -9.809E-04  -8.006E-04  -5.449E-04  -2.725E-04   0.000E+00   2.725E-04   5.449E-04   8.006E-04   9.809E-04
   0.0         0.000E+00   0.000E+00   0.000E+00   0.000E+00   0.000E+00   0.000E+00   0.000E+00   0.000E+00   0.000E+00
   2.0         9.809E-04   8.006E-04   5.449E-04   2.725E-04   0.000E+00  -2.725E-04  -5.449E-04  -8.006E-04  -9.809E-04
   4.0         1.962E-03   1.601E-03   1.090E-03   5.449E-04   0.000E+00  -5.449E-04  -1.090E-03  -1.601E-03  -1.962E-03
   6.0         2.943E-03   2.402E-03   1.635E-03   8.174E-04   0.000E+00  -8.174E-04  -1.635E-03  -2.402E-03  -2.943E-03
   8.0         3.924E-03   3.203E-03   2.180E-03   1.090E-03   0.000E+00  -1.090E-03  -2.180E-03  -3.203E-03  -3.924E-03
  10.0         4.904E-03   4.003E-03   2.725E-03   1.362E-03   0.000E+00  -1.362E-03  -2.725E-03  -4.003E-03  -4.904E-03
  12.0         5.885E-03   4.804E-03   3.270E-03   1.635E-03   0.000E+00  -1.635E-03  -3.270E-03  -4.804E-03  -5.885E-03
  14.0         6.866E-03   5.605E-03   3.815E-03   1.907E-03   0.000E+00  -1.907E-03  -3.815E-03  -5.605E-03  -6.866E-03
  16.0         7.847E-03   6.405E-03   4.359E-03   2.180E-03   0.000E+00  -2.180E-03  -4.359E-03  -6.405E-03  -7.847E-03
0
0                                            DELTAL          DELTAR          (CL)ROLL
0
                                             -20.0            20.0           -2.2659E-02
                                             -15.0            15.0           -1.8495E-02
                                             -10.0            10.0           -1.2588E-02
                                              -5.0             5.0           -6.2942E-03
                                               0.0             0.0            0.0000E+00
                                               5.0            -5.0            6.2942E-03
                                              10.0           -10.0            1.2588E-02
                                              15.0           -15.0            1.8495E-02
                                              20.0           -20.0            2.2659E-02
1                               AUTOMATED STABILITY AND CONTROL METHODS PER APRIL 1976 VERSION OF DATCOM
                                         CHARACTERISTICS AT ANGLE OF ATTACK AND IN SIDESLIP
                                        WING-BODY-VERTICAL TAIL-HORIZONTAL TAIL CONFIGURATION
                                                  B738 M072 AILERON FULL AIRCRAFT
 
 -----------------------  FLIGHT CONDITIONS  ------------------------           --------------  REFERENCE DIMENSIONS  ------------
  MACH    ALTITUDE   VELOCITY    PRESSURE    TEMPERATURE     REYNOLDS             REF.      REFERENCE LENGTH   MOMENT REF. CENTER
 NUMBER                                                       NUMBER              AREA       LONG.     LAT.     HORIZ      VERT
              M        M/SEC      N/ M**2       DEG K         1/ M                M**2         M         M         M         M
0 0.720    7620.00     222.96   3.7650E+04     238.679     7.9197E+06           124.583      3.958    34.315    17.000     0.000
0                                                               -------------------DERIVATIVE (PER RADIAN)-------------------
0 ALPHA     CD       CL       CM       CN       CA       XCP        CLA          CMA          CYB          CNB          CLB
0
   -6.0    0.019    NDM       NDM     NDM      NDM        NaN          NaN          NaN      NDM          NDM          NDM 
   -4.0                                                                                                                NDM 
   -2.0                                                                                                                NDM 
    0.0                                                                                                                NDM 
    2.0                                                                                                                NDM 
    4.0                                                                                                                NDM 
    6.0                                                                                                                NDM 
    8.0                                                                                                                NDM 
   10.0                                                                                                                NDM 
   12.0                                                                                                                NDM 
   14.0                                                                                                                NDM 
   16.0                                                                                                                NDM 
0                                    ALPHA     Q/QINF    EPSLON  D(EPSLON)/D(ALPHA)
0
                                     -6.0      1.000      0.000        0.599
                                     -4.0                                  
                                     -2.0                                  
                                      0.0                                  
                                      2.0                                  
                                      4.0                                  
                                      6.0                                  
                                      8.0                                  
                                     10.0                                  
                                     12.0                                  
                                     14.0                                  
                                     16.0                                  
0*** NDM PRINTED WHEN NO DATCOM METHODS EXIST
1                             AUTOMATED STABILITY AND CONTROL METHODS PER APRIL 1976 VERSION OF DATCOM
                                             CONFIGURATION AUXILIARY AND PARTIAL OUTPUT
                                        WING-BODY-VERTICAL TAIL-HORIZONTAL TAIL CONFIGURATION
                                                  B738 M072 AILERON FULL AIRCRAFT
 -----------------------  FLIGHT CONDITIONS  ------------------------           --------------  REFERENCE DIMENSIONS  ------------
  MACH    ALTITUDE   VELOCITY    PRESSURE    TEMPERATURE     REYNOLDS             REF.      REFERENCE LENGTH   MOMENT REF. CENTER
 NUMBER                                                       NUMBER              AREA       LONG.     LAT.     HORIZ      VERT
              M        M/SEC      N/ M**2       DEG K         1/ M                M**2         M         M         M         M
0 0.720    7620.00     222.96   3.7650E+04     238.679     7.9197E+06           124.583      3.958    34.315    17.000     0.000


                                                       BASIC BODY PROPERTIES

            WETTED AREA      XCG     ZCG     BASE AREA     ZERO LIFT DRAG   BASE DRAG   FRICTION DRAG   PRESSURE DRAG
             0.3942E+03    17.00    0.00       3.5622        0.7778E-02    0.1816E-02    0.5477E-02      0.4856E-03


                                         XCG RELATIVE TO THEORETICAL LEADING EDGE MAC=  -0.60


                                                       BASIC PLANFORM PROPERTIES

                                    TAPER     ASPECT   QUARTER CHORD             QUARTER CHORD              ZERO LIFT    FRICTION
                         AREA       RATIO      RATIO       SWEEP        MAC        X(MAC)       Y(MAC)        DRAG     COEFFICIENT
0      WING
   TOTAL THEORITICAL
+                     0.2280E+03    0.159    0.5164E+01    25.020    0.678E+01    0.193E+02    0.797E+01                       
       TOTAL EXPOSED
+                     0.1989E+03    0.164    0.4695E+01    25.020    0.664E+01    0.198E+02    0.900E+01    0.819E-02    0.224E-02
0  HORIZONTAL TAIL
   TOTAL THEORITICAL
+                     0.3278E+02    0.203    0.6281E+01    30.000    0.262E+01    0.364E+02    0.280E+01                       
       TOTAL EXPOSED
+                     0.2002E+02    0.256    0.5611E+01    30.000    0.211E+01    0.371E+02    0.400E+01    0.983E-03    0.267E-02
0   VERTICAL TAIL
   TOTAL THEORITICAL
+                     0.2644E+02    0.271    0.1941E+01    35.000    0.410E+01    0.356E+02    0.522E+01                       
       TOTAL EXPOSED
+                     0.2218E+02    0.294    0.1847E+01    35.000    0.381E+01    0.359E+02    0.338E+01      NA           NA  
0*** NA PRINTED WHEN METHOD NOT APPLICABLE
1                             AUTOMATED STABILITY AND CONTROL METHODS PER APRIL 1976 VERSION OF DATCOM
                                             CONFIGURATION AUXILIARY AND PARTIAL OUTPUT
                                        WING-BODY-VERTICAL TAIL-HORIZONTAL TAIL CONFIGURATION
                                                  B738 M072 AILERON FULL AIRCRAFT
 -----------------------  FLIGHT CONDITIONS  ------------------------           --------------  REFERENCE DIMENSIONS  ------------
  MACH    ALTITUDE   VELOCITY    PRESSURE    TEMPERATURE     REYNOLDS             REF.      REFERENCE LENGTH   MOMENT REF. CENTER
 NUMBER                                                       NUMBER              AREA       LONG.     LAT.     HORIZ      VERT
              M        M/SEC      N/ M**2       DEG K         1/ M                M**2         M         M         M         M
0 0.720    7620.00     222.96   3.7650E+04     238.679     7.9197E+06           124.583      3.958    34.315    17.000     0.000
0          CLA-B(W)= 1.801E-02     CLA-W(B)= 1.315E-01     K-B(W)= 1.490E-01     K-W(B)= 1.088E+00     XAC/C-B(W)= 8.728E-01
0          CLA-B(H)= 3.526E-03     CLA-H(B)= 1.560E-02     K-B(H)= 2.760E-01     K-H(B)= 1.221E+00     XAC/C-B(H)= 5.441E-01
1                             AUTOMATED STABILITY AND CONTROL METHODS PER APRIL 1976 VERSION OF DATCOM
                                             CONFIGURATION AUXILIARY AND PARTIAL OUTPUT
                                        WING-BODY-VERTICAL TAIL-HORIZONTAL TAIL CONFIGURATION
                                                  B738 M072 AILERON FULL AIRCRAFT
 -----------------------  FLIGHT CONDITIONS  ------------------------           --------------  REFERENCE DIMENSIONS  ------------
  MACH    ALTITUDE   VELOCITY    PRESSURE    TEMPERATURE     REYNOLDS             REF.      REFERENCE LENGTH   MOMENT REF. CENTER
 NUMBER                                                       NUMBER              AREA       LONG.     LAT.     HORIZ      VERT
              M        M/SEC      N/ M**2       DEG K         1/ M                M**2         M         M         M         M
0 0.720    7620.00     222.96   3.7650E+04     238.679     7.9197E+06           124.583      3.958    34.315    17.000     0.000


                                                      *** WING DATA FAIRING ***
                                       CDL/CL**2 = 0.2206E+00     CLB/CL = 0.5381E-02
            FORCE BREAK MACH NUMBER (ZERO SWEEP) = 0.8130E+00     FORCE BREAK MACH NUMBER (WITH SWEEP) = 0.8391E+00
                      MACH(A) = 0.909     CLA(A) = 0.4679E-01     MACH(B) = 0.979     CLA(B) = 0.1014E+00
                                                (CLB/CL)M=0.6 = 0.5572E-02     (CLB/CL)M=1.4 = 0.1000E-29

                                                  LIFT-CURVE-SLOPE INTERPOLATION TABLE
                                                      MACH               CL-ALPHA
                                                     0.720               0.1209E+00
                                                     0.839               0.1193E+00
                                                     0.909               0.4679E-01
                                                     0.979               0.1014E+00
                                                     1.400               0.9447E-01


                                                   *** WING-BODY DATA FAIRING ***
            CLB/CL =        NaN     (CLB/CL)MFB =-0.1286E-02     (CLB/CL)M=1.4 = 0.1000E-29     (CNA)M=1.4 =        NaN




                                                   *** HORIZONTAL TAIL DATA FAIRING ***
                                       CDL/CL**2 = 0.3107E+00     CLB/CL = 0.9830E-03
            FORCE BREAK MACH NUMBER (ZERO SWEEP) = 0.8039E+00     FORCE BREAK MACH NUMBER (WITH SWEEP) = 0.8351E+00
                      MACH(A) = 0.905     CLA(A) = 0.4538E-02     MACH(B) = 0.975     CLA(B) = 0.1085E-01
                                                (CLB/CL)M=0.6 = 0.1010E-02     (CLB/CL)M=1.4 = 0.1000E-29

                                                  LIFT-CURVE-SLOPE INTERPOLATION TABLE
                                                      MACH               CL-ALPHA
                                                     0.720               0.1278E-01
                                                     0.835               0.1276E-01
                                                     0.905               0.4538E-02
                                                     0.975               0.1085E-01
                                                     1.400               0.9189E-02


                                              *** HORIZONTAL TAIL-BODY DATA FAIRING ***
            CLB/CL =        NaN     (CLB/CL)MFB = 0.3744E-02     (CLB/CL)M=1.4 = 0.1000E-29     (CNA)M=1.4 =        NaN




                                           *** BODY-WING-HORIZONTAL TAIL DATA FAIRING ***
                                                DRAG DIVERGENCE MACH NUMBER = 0.829
                                                      MACH                 CDO
                                                     0.600               0.1806E-01
                                                     0.700               0.1844E-01
                                                     1.100                 Infinity
                                                     1.400                 Infinity
1
1                            AUTOMATED STABILITY AND CONTROL METHODS PER APRIL 1976 VERSION OF DATCOM
                                         CHARACTERISTICS OF HIGH LIFT AND CONTROL DEVICES
                                            WING PLAIN TRAILING-EDGE FLAP CONFIGURATION
                                                  B738 M072 AILERON FULL AIRCRAFT
 -----------------------  FLIGHT CONDITIONS  ------------------------           --------------  REFERENCE DIMENSIONS  ------------
  MACH    ALTITUDE   VELOCITY    PRESSURE    TEMPERATURE     REYNOLDS             REF.      REFERENCE LENGTH   MOMENT REF. CENTER
 NUMBER                                                       NUMBER              AREA       LONG.     LAT.     HORIZ      VERT
              M        M/SEC      N/ M**2       DEG K         1/ M                M**2         M         M         M         M
0 0.720    7620.00     222.96   1.6423E+01     773.320     7.3577E+05           124.583      3.958    34.315    17.000     0.000
0                           ----------YAWING MOMENT COEFFICIENT,CN,DUE TO CONTROL DEFLECTION----------
0(DELTAL-DELTAR)=-40.0       -30.0       -20.0       -10.0         0.0        10.0        20.0        30.0        40.0
0ALPHA
0
  -6.0        -2.940E-03  -2.400E-03  -1.633E-03  -8.167E-04   0.000E+00   8.167E-04   1.633E-03   2.400E-03   2.940E-03
  -4.0        -1.960E-03  -1.600E-03  -1.089E-03  -5.445E-04   0.000E+00   5.445E-04   1.089E-03   1.600E-03   1.960E-03
  -2.0        -9.800E-04  -7.999E-04  -5.445E-04  -2.722E-04   0.000E+00   2.722E-04   5.445E-04   7.999E-04   9.800E-04
   0.0         0.000E+00   0.000E+00   0.000E+00   0.000E+00   0.000E+00   0.000E+00   0.000E+00   0.000E+00   0.000E+00
   2.0         9.800E-04   7.999E-04   5.445E-04   2.722E-04   0.000E+00  -2.722E-04  -5.445E-04  -7.999E-04  -9.800E-04
   4.0         1.960E-03   1.600E-03   1.089E-03   5.445E-04   0.000E+00  -5.445E-04  -1.089E-03  -1.600E-03  -1.960E-03
   6.0         2.940E-03   2.400E-03   1.633E-03   8.167E-04   0.000E+00  -8.167E-04  -1.633E-03  -2.400E-03  -2.940E-03
   8.0         3.920E-03   3.200E-03   2.178E-03   1.089E-03   0.000E+00  -1.089E-03  -2.178E-03  -3.200E-03  -3.920E-03
  10.0         4.900E-03   4.000E-03   2.722E-03   1.361E-03   0.000E+00  -1.361E-03  -2.722E-03  -4.000E-03  -4.900E-03
  12.0         5.880E-03   4.800E-03   3.267E-03   1.633E-03   0.000E+00  -1.633E-03  -3.267E-03  -4.800E-03  -5.880E-03
  14.0         6.860E-03   5.600E-03   3.811E-03   1.906E-03   0.000E+00  -1.906E-03  -3.811E-03  -5.600E-03  -6.860E-03
  16.0         7.840E-03   6.400E-03   4.356E-03   2.178E-03   0.000E+00  -2.178E-03  -4.356E-03  -6.400E-03  -7.840E-03
0
0                                            DELTAL          DELTAR          (CL)ROLL
0
                                             -20.0            20.0           -2.2639E-02
                                             -15.0            15.0           -1.8479E-02
                                             -10.0            10.0           -1.2577E-02
                                              -5.0             5.0           -6.2886E-03
                                               0.0             0.0            0.0000E+00
                                               5.0            -5.0            6.2886E-03
                                              10.0           -10.0            1.2577E-02
                                              15.0           -15.0            1.8479E-02
                                              20.0           -20.0            2.2639E-02
1                               AUTOMATED STABILITY AND CONTROL METHODS PER APRIL 1976 VERSION OF DATCOM
                                         CHARACTERISTICS AT ANGLE OF ATTACK AND IN SIDESLIP
                                        WING-BODY-VERTICAL TAIL-HORIZONTAL TAIL CONFIGURATION
                                                  B738 M072 AILERON FULL AIRCRAFT
 
 -----------------------  FLIGHT CONDITIONS  ------------------------           --------------  REFERENCE DIMENSIONS  ------------
  MACH    ALTITUDE   VELOCITY    PRESSURE    TEMPERATURE     REYNOLDS             REF.      REFERENCE LENGTH   MOMENT REF. CENTER
 NUMBER                                                       NUMBER              AREA       LONG.     LAT.     HORIZ      VERT
              M        M/SEC      N/ M**2       DEG K         1/ M                M**2         M         M         M         M
0 0.720    9144.00     218.30   3.0148E+04     228.799     6.7059E+06           124.583      3.958    34.315    17.000     0.000
0                                                               -------------------DERIVATIVE (PER RADIAN)-------------------
0 ALPHA     CD       CL       CM       CN       CA       XCP        CLA          CMA          CYB          CNB          CLB
0
   -6.0    0.019    NDM       NDM     NDM      NDM        NaN          NaN          NaN      NDM          NDM          NDM 
   -4.0                                                                                                                NDM 
   -2.0                                                                                                                NDM 
    0.0                                                                                                                NDM 
    2.0                                                                                                                NDM 
    4.0                                                                                                                NDM 
    6.0                                                                                                                NDM 
    8.0                                                                                                                NDM 
   10.0                                                                                                                NDM 
   12.0                                                                                                                NDM 
   14.0                                                                                                                NDM 
   16.0                                                                                                                NDM 
0                                    ALPHA     Q/QINF    EPSLON  D(EPSLON)/D(ALPHA)
0
                                     -6.0      0.999      0.000        0.599
                                     -4.0                                  
                                     -2.0                                  
                                      0.0                                  
                                      2.0                                  
                                      4.0                                  
                                      6.0                                  
                                      8.0                                  
                                     10.0                                  
                                     12.0                                  
                                     14.0                                  
                                     16.0                                  
0*** NDM PRINTED WHEN NO DATCOM METHODS EXIST
1                             AUTOMATED STABILITY AND CONTROL METHODS PER APRIL 1976 VERSION OF DATCOM
                                             CONFIGURATION AUXILIARY AND PARTIAL OUTPUT
                                        WING-BODY-VERTICAL TAIL-HORIZONTAL TAIL CONFIGURATION
                                                  B738 M072 AILERON FULL AIRCRAFT
 -----------------------  FLIGHT CONDITIONS  ------------------------           --------------  REFERENCE DIMENSIONS  ------------
  MACH    ALTITUDE   VELOCITY    PRESSURE    TEMPERATURE     REYNOLDS             REF.      REFERENCE LENGTH   MOMENT REF. CENTER
 NUMBER                                                       NUMBER              AREA       LONG.     LAT.     HORIZ      VERT
              M        M/SEC      N/ M**2       DEG K         1/ M                M**2         M         M         M         M
0 0.720    9144.00     218.30   3.0148E+04     228.799     6.7059E+06           124.583      3.958    34.315    17.000     0.000


                                                       BASIC BODY PROPERTIES

            WETTED AREA      XCG     ZCG     BASE AREA     ZERO LIFT DRAG   BASE DRAG   FRICTION DRAG   PRESSURE DRAG
             0.3942E+03    17.00    0.00       3.5622        0.7899E-02    0.1795E-02    0.5607E-02      0.4972E-03


                                         XCG RELATIVE TO THEORETICAL LEADING EDGE MAC=  -0.60


                                                       BASIC PLANFORM PROPERTIES

                                    TAPER     ASPECT   QUARTER CHORD             QUARTER CHORD              ZERO LIFT    FRICTION
                         AREA       RATIO      RATIO       SWEEP        MAC        X(MAC)       Y(MAC)        DRAG     COEFFICIENT
0      WING
   TOTAL THEORITICAL
+                     0.2280E+03    0.159    0.5164E+01    25.020    0.678E+01    0.193E+02    0.797E+01                       
       TOTAL EXPOSED
+                     0.1989E+03    0.164    0.4695E+01    25.020    0.664E+01    0.198E+02    0.900E+01    0.840E-02    0.230E-02
0  HORIZONTAL TAIL
   TOTAL THEORITICAL
+                     0.3278E+02    0.203    0.6281E+01    30.000    0.262E+01    0.364E+02    0.280E+01                       
       TOTAL EXPOSED
+                     0.2002E+02    0.256    0.5611E+01    30.000    0.211E+01    0.371E+02    0.400E+01    0.101E-02    0.274E-02
0   VERTICAL TAIL
   TOTAL THEORITICAL
+                     0.2644E+02    0.271    0.1941E+01    35.000    0.410E+01    0.356E+02    0.522E+01                       
       TOTAL EXPOSED
+                     0.2218E+02    0.294    0.1847E+01    35.000    0.381E+01    0.359E+02    0.338E+01      NA           NA  
0*** NA PRINTED WHEN METHOD NOT APPLICABLE
1                             AUTOMATED STABILITY AND CONTROL METHODS PER APRIL 1976 VERSION OF DATCOM
                                             CONFIGURATION AUXILIARY AND PARTIAL OUTPUT
                                        WING-BODY-VERTICAL TAIL-HORIZONTAL TAIL CONFIGURATION
                                                  B738 M072 AILERON FULL AIRCRAFT
 -----------------------  FLIGHT CONDITIONS  ------------------------           --------------  REFERENCE DIMENSIONS  ------------
  MACH    ALTITUDE   VELOCITY    PRESSURE    TEMPERATURE     REYNOLDS             REF.      REFERENCE LENGTH   MOMENT REF. CENTER
 NUMBER                                                       NUMBER              AREA       LONG.     LAT.     HORIZ      VERT
              M        M/SEC      N/ M**2       DEG K         1/ M                M**2         M         M         M         M
0 0.720    9144.00     218.30   3.0148E+04     228.799     6.7059E+06           124.583      3.958    34.315    17.000     0.000
0          CLA-B(W)= 1.801E-02     CLA-W(B)= 1.315E-01     K-B(W)= 1.490E-01     K-W(B)= 1.088E+00     XAC/C-B(W)= 8.728E-01
0          CLA-B(H)= 3.526E-03     CLA-H(B)= 1.560E-02     K-B(H)= 2.760E-01     K-H(B)= 1.221E+00     XAC/C-B(H)= 5.441E-01
1                             AUTOMATED STABILITY AND CONTROL METHODS PER APRIL 1976 VERSION OF DATCOM
                                             CONFIGURATION AUXILIARY AND PARTIAL OUTPUT
                                        WING-BODY-VERTICAL TAIL-HORIZONTAL TAIL CONFIGURATION
                                                  B738 M072 AILERON FULL AIRCRAFT
 -----------------------  FLIGHT CONDITIONS  ------------------------           --------------  REFERENCE DIMENSIONS  ------------
  MACH    ALTITUDE   VELOCITY    PRESSURE    TEMPERATURE     REYNOLDS             REF.      REFERENCE LENGTH   MOMENT REF. CENTER
 NUMBER                                                       NUMBER              AREA       LONG.     LAT.     HORIZ      VERT
              M        M/SEC      N/ M**2       DEG K         1/ M                M**2         M         M         M         M
0 0.720    9144.00     218.30   3.0148E+04     228.799     6.7059E+06           124.583      3.958    34.315    17.000     0.000


                                                      *** WING DATA FAIRING ***
                                       CDL/CL**2 = 0.2206E+00     CLB/CL = 0.5381E-02
            FORCE BREAK MACH NUMBER (ZERO SWEEP) = 0.8130E+00     FORCE BREAK MACH NUMBER (WITH SWEEP) = 0.8391E+00
                      MACH(A) = 0.909     CLA(A) = 0.4679E-01     MACH(B) = 0.979     CLA(B) = 0.1014E+00
                                                (CLB/CL)M=0.6 = 0.5572E-02     (CLB/CL)M=1.4 = 0.1000E-29

                                                  LIFT-CURVE-SLOPE INTERPOLATION TABLE
                                                      MACH               CL-ALPHA
                                                     0.720               0.1209E+00
                                                     0.839               0.1193E+00
                                                     0.909               0.4679E-01
                                                     0.979               0.1014E+00
                                                     1.400               0.9447E-01


                                                   *** WING-BODY DATA FAIRING ***
            CLB/CL =        NaN     (CLB/CL)MFB =-0.1286E-02     (CLB/CL)M=1.4 = 0.1000E-29     (CNA)M=1.4 =        NaN




                                                   *** HORIZONTAL TAIL DATA FAIRING ***
                                       CDL/CL**2 = 0.3107E+00     CLB/CL = 0.9830E-03
            FORCE BREAK MACH NUMBER (ZERO SWEEP) = 0.8039E+00     FORCE BREAK MACH NUMBER (WITH SWEEP) = 0.8351E+00
                      MACH(A) = 0.905     CLA(A) = 0.4538E-02     MACH(B) = 0.975     CLA(B) = 0.1085E-01
                                                (CLB/CL)M=0.6 = 0.1010E-02     (CLB/CL)M=1.4 = 0.1000E-29

                                                  LIFT-CURVE-SLOPE INTERPOLATION TABLE
                                                      MACH               CL-ALPHA
                                                     0.720               0.1278E-01
                                                     0.835               0.1276E-01
                                                     0.905               0.4538E-02
                                                     0.975               0.1085E-01
                                                     1.400               0.9189E-02


                                              *** HORIZONTAL TAIL-BODY DATA FAIRING ***
            CLB/CL =        NaN     (CLB/CL)MFB = 0.3744E-02     (CLB/CL)M=1.4 = 0.1000E-29     (CNA)M=1.4 =        NaN




                                           *** BODY-WING-HORIZONTAL TAIL DATA FAIRING ***
                                                DRAG DIVERGENCE MACH NUMBER = 0.829
                                                      MACH                 CDO
                                                     0.600               0.1806E-01
                                                     0.700               0.1844E-01
                                                     1.100                 Infinity
                                                     1.400                 Infinity
1
1                            AUTOMATED STABILITY AND CONTROL METHODS PER APRIL 1976 VERSION OF DATCOM
                                         CHARACTERISTICS OF HIGH LIFT AND CONTROL DEVICES
                                            WING PLAIN TRAILING-EDGE FLAP CONFIGURATION
                                                  B738 M072 AILERON FULL AIRCRAFT
 -----------------------  FLIGHT CONDITIONS  ------------------------           --------------  REFERENCE DIMENSIONS  ------------
  MACH    ALTITUDE   VELOCITY    PRESSURE    TEMPERATURE     REYNOLDS             REF.      REFERENCE LENGTH   MOMENT REF. CENTER
 NUMBER                                                       NUMBER              AREA       LONG.     LAT.     HORIZ      VERT
              M        M/SEC      N/ M**2       DEG K         1/ M                M**2         M         M         M         M
0 0.720    9144.00     218.30   1.3151E+01     741.308     6.2300E+05           124.583      3.958    34.315    17.000     0.000
0                           ----------YAWING MOMENT COEFFICIENT,CN,DUE TO CONTROL DEFLECTION----------
0(DELTAL-DELTAR)=-40.0       -30.0       -20.0       -10.0         0.0        10.0        20.0        30.0        40.0
0ALPHA
0
  -6.0        -2.937E-03  -2.398E-03  -1.632E-03  -8.159E-04   0.000E+00   8.159E-04   1.632E-03   2.398E-03   2.937E-03
  -4.0        -1.958E-03  -1.598E-03  -1.088E-03  -5.440E-04   0.000E+00   5.440E-04   1.088E-03   1.598E-03   1.958E-03
  -2.0        -9.791E-04  -7.992E-04  -5.440E-04  -2.720E-04   0.000E+00   2.720E-04   5.440E-04   7.992E-04   9.791E-04
   0.0         0.000E+00   0.000E+00   0.000E+00   0.000E+00   0.000E+00   0.000E+00   0.000E+00   0.000E+00   0.000E+00
   2.0         9.791E-04   7.992E-04   5.440E-04   2.720E-04   0.000E+00  -2.720E-04  -5.440E-04  -7.992E-04  -9.791E-04
   4.0         1.958E-03   1.598E-03   1.088E-03   5.440E-04   0.000E+00  -5.440E-04  -1.088E-03  -1.598E-03  -1.958E-03
   6.0         2.937E-03   2.398E-03   1.632E-03   8.159E-04   0.000E+00  -8.159E-04  -1.632E-03  -2.398E-03  -2.937E-03
   8.0         3.916E-03   3.197E-03   2.176E-03   1.088E-03   0.000E+00  -1.088E-03  -2.176E-03  -3.197E-03  -3.916E-03
  10.0         4.896E-03   3.996E-03   2.720E-03   1.360E-03   0.000E+00  -1.360E-03  -2.720E-03  -3.996E-03  -4.896E-03
  12.0         5.875E-03   4.795E-03   3.264E-03   1.632E-03   0.000E+00  -1.632E-03  -3.264E-03  -4.795E-03  -5.875E-03
  14.0         6.854E-03   5.594E-03   3.808E-03   1.904E-03   0.000E+00  -1.904E-03  -3.808E-03  -5.594E-03  -6.854E-03
  16.0         7.833E-03   6.394E-03   4.352E-03   2.176E-03   0.000E+00  -2.176E-03  -4.352E-03  -6.394E-03  -7.833E-03
0
0                                            DELTAL          DELTAR          (CL)ROLL
0
                                             -20.0            20.0           -2.2618E-02
                                             -15.0            15.0           -1.8462E-02
                                             -10.0            10.0           -1.2566E-02
                                              -5.0             5.0           -6.2829E-03
                                               0.0             0.0            0.0000E+00
                                               5.0            -5.0            6.2829E-03
                                              10.0           -10.0            1.2566E-02
                                              15.0           -15.0            1.8462E-02
                                              20.0           -20.0            2.2618E-02
1                               AUTOMATED STABILITY AND CONTROL METHODS PER APRIL 1976 VERSION OF DATCOM
                                         CHARACTERISTICS AT ANGLE OF ATTACK AND IN SIDESLIP
                                        WING-BODY-VERTICAL TAIL-HORIZONTAL TAIL CONFIGURATION
                                                  B738 M072 AILERON FULL AIRCRAFT
 
 -----------------------  FLIGHT CONDITIONS  ------------------------           --------------  REFERENCE DIMENSIONS  ------------
  MACH    ALTITUDE   VELOCITY    PRESSURE    TEMPERATURE     REYNOLDS             REF.      REFERENCE LENGTH   MOMENT REF. CENTER
 NUMBER                                                       NUMBER              AREA       LONG.     LAT.     HORIZ      VERT
              M        M/SEC      N/ M**2       DEG K         1/ M                M**2         M         M         M         M
0 0.720   10668.00     213.54   2.3909E+04     218.924     5.6395E+06           124.583      3.958    34.315    17.000     0.000
0                                                               -------------------DERIVATIVE (PER RADIAN)-------------------
0 ALPHA     CD       CL       CM       CN       CA       XCP        CLA          CMA          CYB          CNB          CLB
0
   -6.0    0.019    NDM       NDM     NDM      NDM        NaN          NaN          NaN      NDM          NDM          NDM 
   -4.0                                                                                                                NDM 
   -2.0                                                                                                                NDM 
    0.0                                                                                                                NDM 
    2.0                                                                                                                NDM 
    4.0                                                                                                                NDM 
    6.0                                                                                                                NDM 
    8.0                                                                                                                NDM 
   10.0                                                                                                                NDM 
   12.0                                                                                                                NDM 
   14.0                                                                                                                NDM 
   16.0                                                                                                                NDM 
0                                    ALPHA     Q/QINF    EPSLON  D(EPSLON)/D(ALPHA)
0
                                     -6.0      0.995      0.000        0.599
                                     -4.0                                  
                                     -2.0                                  
                                      0.0                                  
                                      2.0                                  
                                      4.0                                  
                                      6.0                                  
                                      8.0                                  
                                     10.0                                  
                                     12.0                                  
                                     14.0                                  
                                     16.0                                  
0*** NDM PRINTED WHEN NO DATCOM METHODS EXIST
1                             AUTOMATED STABILITY AND CONTROL METHODS PER APRIL 1976 VERSION OF DATCOM
                                             CONFIGURATION AUXILIARY AND PARTIAL OUTPUT
                                        WING-BODY-VERTICAL TAIL-HORIZONTAL TAIL CONFIGURATION
                                                  B738 M072 AILERON FULL AIRCRAFT
 -----------------------  FLIGHT CONDITIONS  ------------------------           --------------  REFERENCE DIMENSIONS  ------------
  MACH    ALTITUDE   VELOCITY    PRESSURE    TEMPERATURE     REYNOLDS             REF.      REFERENCE LENGTH   MOMENT REF. CENTER
 NUMBER                                                       NUMBER              AREA       LONG.     LAT.     HORIZ      VERT
              M        M/SEC      N/ M**2       DEG K         1/ M                M**2         M         M         M         M
0 0.720   10668.00     213.54   2.3909E+04     218.924     5.6395E+06           124.583      3.958    34.315    17.000     0.000


                                                       BASIC BODY PROPERTIES

            WETTED AREA      XCG     ZCG     BASE AREA     ZERO LIFT DRAG   BASE DRAG   FRICTION DRAG   PRESSURE DRAG
             0.3942E+03    17.00    0.00       3.5622        0.8032E-02    0.1772E-02    0.5750E-02      0.5098E-03


                                         XCG RELATIVE TO THEORETICAL LEADING EDGE MAC=  -0.60


                                                       BASIC PLANFORM PROPERTIES

                                    TAPER     ASPECT   QUARTER CHORD             QUARTER CHORD              ZERO LIFT    FRICTION
                         AREA       RATIO      RATIO       SWEEP        MAC        X(MAC)       Y(MAC)        DRAG     COEFFICIENT
0      WING
   TOTAL THEORITICAL
+                     0.2280E+03    0.159    0.5164E+01    25.020    0.678E+01    0.193E+02    0.797E+01                       
       TOTAL EXPOSED
+                     0.1989E+03    0.164    0.4695E+01    25.020    0.664E+01    0.198E+02    0.900E+01    0.863E-02    0.236E-02
0  HORIZONTAL TAIL
   TOTAL THEORITICAL
+                     0.3278E+02    0.203    0.6281E+01    30.000    0.262E+01    0.364E+02    0.280E+01                       
       TOTAL EXPOSED
+                     0.2002E+02    0.256    0.5611E+01    30.000    0.211E+01    0.371E+02    0.400E+01    0.104E-02    0.282E-02
0   VERTICAL TAIL
   TOTAL THEORITICAL
+                     0.2644E+02    0.271    0.1941E+01    35.000    0.410E+01    0.356E+02    0.522E+01                       
       TOTAL EXPOSED
+                     0.2218E+02    0.294    0.1847E+01    35.000    0.381E+01    0.359E+02    0.338E+01      NA           NA  
0*** NA PRINTED WHEN METHOD NOT APPLICABLE
1                             AUTOMATED STABILITY AND CONTROL METHODS PER APRIL 1976 VERSION OF DATCOM
                                             CONFIGURATION AUXILIARY AND PARTIAL OUTPUT
                                        WING-BODY-VERTICAL TAIL-HORIZONTAL TAIL CONFIGURATION
                                                  B738 M072 AILERON FULL AIRCRAFT
 -----------------------  FLIGHT CONDITIONS  ------------------------           --------------  REFERENCE DIMENSIONS  ------------
  MACH    ALTITUDE   VELOCITY    PRESSURE    TEMPERATURE     REYNOLDS             REF.      REFERENCE LENGTH   MOMENT REF. CENTER
 NUMBER                                                       NUMBER              AREA       LONG.     LAT.     HORIZ      VERT
              M        M/SEC      N/ M**2       DEG K         1/ M                M**2         M         M         M         M
0 0.720   10668.00     213.54   2.3909E+04     218.924     5.6395E+06           124.583      3.958    34.315    17.000     0.000
0          CLA-B(W)= 1.801E-02     CLA-W(B)= 1.315E-01     K-B(W)= 1.490E-01     K-W(B)= 1.088E+00     XAC/C-B(W)= 8.728E-01
0          CLA-B(H)= 3.526E-03     CLA-H(B)= 1.560E-02     K-B(H)= 2.760E-01     K-H(B)= 1.221E+00     XAC/C-B(H)= 5.441E-01
1                             AUTOMATED STABILITY AND CONTROL METHODS PER APRIL 1976 VERSION OF DATCOM
                                             CONFIGURATION AUXILIARY AND PARTIAL OUTPUT
                                        WING-BODY-VERTICAL TAIL-HORIZONTAL TAIL CONFIGURATION
                                                  B738 M072 AILERON FULL AIRCRAFT
 -----------------------  FLIGHT CONDITIONS  ------------------------           --------------  REFERENCE DIMENSIONS  ------------
  MACH    ALTITUDE   VELOCITY    PRESSURE    TEMPERATURE     REYNOLDS             REF.      REFERENCE LENGTH   MOMENT REF. CENTER
 NUMBER                                                       NUMBER              AREA       LONG.     LAT.     HORIZ      VERT
              M        M/SEC      N/ M**2       DEG K         1/ M                M**2         M         M         M         M
0 0.720   10668.00     213.54   2.3909E+04     218.924     5.6395E+06           124.583      3.958    34.315    17.000     0.000


                                                      *** WING DATA FAIRING ***
                                       CDL/CL**2 = 0.2206E+00     CLB/CL = 0.5381E-02
            FORCE BREAK MACH NUMBER (ZERO SWEEP) = 0.8130E+00     FORCE BREAK MACH NUMBER (WITH SWEEP) = 0.8391E+00
                      MACH(A) = 0.909     CLA(A) = 0.4679E-01     MACH(B) = 0.979     CLA(B) = 0.1014E+00
                                                (CLB/CL)M=0.6 = 0.5572E-02     (CLB/CL)M=1.4 = 0.1000E-29

                                                  LIFT-CURVE-SLOPE INTERPOLATION TABLE
                                                      MACH               CL-ALPHA
                                                     0.720               0.1209E+00
                                                     0.839               0.1193E+00
                                                     0.909               0.4679E-01
                                                     0.979               0.1014E+00
                                                     1.400               0.9447E-01


                                                   *** WING-BODY DATA FAIRING ***
            CLB/CL =        NaN     (CLB/CL)MFB =-0.1286E-02     (CLB/CL)M=1.4 = 0.1000E-29     (CNA)M=1.4 =        NaN




                                                   *** HORIZONTAL TAIL DATA FAIRING ***
                                       CDL/CL**2 = 0.3107E+00     CLB/CL = 0.9830E-03
            FORCE BREAK MACH NUMBER (ZERO SWEEP) = 0.8039E+00     FORCE BREAK MACH NUMBER (WITH SWEEP) = 0.8351E+00
                      MACH(A) = 0.905     CLA(A) = 0.4538E-02     MACH(B) = 0.975     CLA(B) = 0.1085E-01
                                                (CLB/CL)M=0.6 = 0.1010E-02     (CLB/CL)M=1.4 = 0.1000E-29

                                                  LIFT-CURVE-SLOPE INTERPOLATION TABLE
                                                      MACH               CL-ALPHA
                                                     0.720               0.1278E-01
                                                     0.835               0.1276E-01
                                                     0.905               0.4538E-02
                                                     0.975               0.1085E-01
                                                     1.400               0.9189E-02


                                              *** HORIZONTAL TAIL-BODY DATA FAIRING ***
            CLB/CL =        NaN     (CLB/CL)MFB = 0.3744E-02     (CLB/CL)M=1.4 = 0.1000E-29     (CNA)M=1.4 =        NaN




                                           *** BODY-WING-HORIZONTAL TAIL DATA FAIRING ***
                                                DRAG DIVERGENCE MACH NUMBER = 0.829
                                                      MACH                 CDO
                                                     0.600               0.1806E-01
                                                     0.700               0.1844E-01
                                                     1.100                 Infinity
                                                     1.400                 Infinity
1
1                            AUTOMATED STABILITY AND CONTROL METHODS PER APRIL 1976 VERSION OF DATCOM
                                         CHARACTERISTICS OF HIGH LIFT AND CONTROL DEVICES
                                            WING PLAIN TRAILING-EDGE FLAP CONFIGURATION
                                                  B738 M072 AILERON FULL AIRCRAFT
 -----------------------  FLIGHT CONDITIONS  ------------------------           --------------  REFERENCE DIMENSIONS  ------------
  MACH    ALTITUDE   VELOCITY    PRESSURE    TEMPERATURE     REYNOLDS             REF.      REFERENCE LENGTH   MOMENT REF. CENTER
 NUMBER                                                       NUMBER              AREA       LONG.     LAT.     HORIZ      VERT
              M        M/SEC      N/ M**2       DEG K         1/ M                M**2         M         M         M         M
0 0.720   10668.00     213.54   1.0429E+01     709.312     5.2392E+05           124.583      3.958    34.315    17.000     0.000
0                           ----------YAWING MOMENT COEFFICIENT,CN,DUE TO CONTROL DEFLECTION----------
0(DELTAL-DELTAR)=-40.0       -30.0       -20.0       -10.0         0.0        10.0        20.0        30.0        40.0
0ALPHA
0
  -6.0        -2.935E-03  -2.395E-03  -1.630E-03  -8.152E-04   0.000E+00   8.152E-04   1.630E-03   2.395E-03   2.935E-03
  -4.0        -1.956E-03  -1.597E-03  -1.087E-03  -5.434E-04   0.000E+00   5.434E-04   1.087E-03   1.597E-03   1.956E-03
  -2.0        -9.782E-04  -7.984E-04  -5.434E-04  -2.717E-04   0.000E+00   2.717E-04   5.434E-04   7.984E-04   9.782E-04
   0.0         0.000E+00   0.000E+00   0.000E+00   0.000E+00   0.000E+00   0.000E+00   0.000E+00   0.000E+00   0.000E+00
   2.0         9.782E-04   7.984E-04   5.434E-04   2.717E-04   0.000E+00  -2.717E-04  -5.434E-04  -7.984E-04  -9.782E-04
   4.0         1.956E-03   1.597E-03   1.087E-03   5.434E-04   0.000E+00  -5.434E-04  -1.087E-03  -1.597E-03  -1.956E-03
   6.0         2.935E-03   2.395E-03   1.630E-03   8.152E-04   0.000E+00  -8.152E-04  -1.630E-03  -2.395E-03  -2.935E-03
   8.0         3.913E-03   3.194E-03   2.174E-03   1.087E-03   0.000E+00  -1.087E-03  -2.174E-03  -3.194E-03  -3.913E-03
  10.0         4.891E-03   3.992E-03   2.717E-03   1.359E-03   0.000E+00  -1.359E-03  -2.717E-03  -3.992E-03  -4.891E-03
  12.0         5.869E-03   4.791E-03   3.261E-03   1.630E-03   0.000E+00  -1.630E-03  -3.261E-03  -4.791E-03  -5.869E-03
  14.0         6.847E-03   5.589E-03   3.804E-03   1.902E-03   0.000E+00  -1.902E-03  -3.804E-03  -5.589E-03  -6.847E-03
  16.0         7.825E-03   6.388E-03   4.347E-03   2.174E-03   0.000E+00  -2.174E-03  -4.347E-03  -6.388E-03  -7.825E-03
0
0                                            DELTAL          DELTAR          (CL)ROLL
0
                                             -20.0            20.0           -2.2597E-02
                                             -15.0            15.0           -1.8445E-02
                                             -10.0            10.0           -1.2554E-02
                                              -5.0             5.0           -6.2768E-03
                                               0.0             0.0            0.0000E+00
                                               5.0            -5.0            6.2768E-03
                                              10.0           -10.0            1.2554E-02
                                              15.0           -15.0            1.8445E-02
                                              20.0           -20.0            2.2597E-02
1                               AUTOMATED STABILITY AND CONTROL METHODS PER APRIL 1976 VERSION OF DATCOM
                                         CHARACTERISTICS AT ANGLE OF ATTACK AND IN SIDESLIP
                                        WING-BODY-VERTICAL TAIL-HORIZONTAL TAIL CONFIGURATION
                                                  B738 M072 AILERON FULL AIRCRAFT
 
 -----------------------  FLIGHT CONDITIONS  ------------------------           --------------  REFERENCE DIMENSIONS  ------------
  MACH    ALTITUDE   VELOCITY    PRESSURE    TEMPERATURE     REYNOLDS             REF.      REFERENCE LENGTH   MOMENT REF. CENTER
 NUMBER                                                       NUMBER              AREA       LONG.     LAT.     HORIZ      VERT
              M        M/SEC      N/ M**2       DEG K         1/ M                M**2         M         M         M         M
0 0.720   11887.20     212.43   1.9746E+04     216.650     4.7230E+06           124.583      3.958    34.315    17.000     0.000
0                                                               -------------------DERIVATIVE (PER RADIAN)-------------------
0 ALPHA     CD       CL       CM       CN       CA       XCP        CLA          CMA          CYB          CNB          CLB
0
   -6.0    0.019    NDM       NDM     NDM      NDM        NaN          NaN          NaN      NDM          NDM          NDM 
   -4.0                                                                                                                NDM 
   -2.0                                                                                                                NDM 
    0.0                                                                                                                NDM 
    2.0                                                                                                                NDM 
    4.0                                                                                                                NDM 
    6.0                                                                                                                NDM 
    8.0                                                                                                                NDM 
   10.0                                                                                                                NDM 
   12.0                                                                                                                NDM 
   14.0                                                                                                                NDM 
   16.0                                                                                                                NDM 
0                                    ALPHA     Q/QINF    EPSLON  D(EPSLON)/D(ALPHA)
0
                                     -6.0      0.988      0.000        0.599
                                     -4.0                                  
                                     -2.0                                  
                                      0.0                                  
                                      2.0                                  
                                      4.0                                  
                                      6.0                                  
                                      8.0                                  
                                     10.0                                  
                                     12.0                                  
                                     14.0                                  
                                     16.0                                  
0*** NDM PRINTED WHEN NO DATCOM METHODS EXIST
1                             AUTOMATED STABILITY AND CONTROL METHODS PER APRIL 1976 VERSION OF DATCOM
                                             CONFIGURATION AUXILIARY AND PARTIAL OUTPUT
                                        WING-BODY-VERTICAL TAIL-HORIZONTAL TAIL CONFIGURATION
                                                  B738 M072 AILERON FULL AIRCRAFT
 -----------------------  FLIGHT CONDITIONS  ------------------------           --------------  REFERENCE DIMENSIONS  ------------
  MACH    ALTITUDE   VELOCITY    PRESSURE    TEMPERATURE     REYNOLDS             REF.      REFERENCE LENGTH   MOMENT REF. CENTER
 NUMBER                                                       NUMBER              AREA       LONG.     LAT.     HORIZ      VERT
              M        M/SEC      N/ M**2       DEG K         1/ M                M**2         M         M         M         M
0 0.720   11887.20     212.43   1.9746E+04     216.650     4.7230E+06           124.583      3.958    34.315    17.000     0.000


                                                       BASIC BODY PROPERTIES

            WETTED AREA      XCG     ZCG     BASE AREA     ZERO LIFT DRAG   BASE DRAG   FRICTION DRAG   PRESSURE DRAG
             0.3942E+03    17.00    0.00       3.5622        0.8174E-02    0.1749E-02    0.5901E-02      0.5233E-03


                                         XCG RELATIVE TO THEORETICAL LEADING EDGE MAC=  -0.60


                                                       BASIC PLANFORM PROPERTIES

                                    TAPER     ASPECT   QUARTER CHORD             QUARTER CHORD              ZERO LIFT    FRICTION
                         AREA       RATIO      RATIO       SWEEP        MAC        X(MAC)       Y(MAC)        DRAG     COEFFICIENT
0      WING
   TOTAL THEORITICAL
+                     0.2280E+03    0.159    0.5164E+01    25.020    0.678E+01    0.193E+02    0.797E+01                       
       TOTAL EXPOSED
+                     0.1989E+03    0.164    0.4695E+01    25.020    0.664E+01    0.198E+02    0.900E+01    0.886E-02    0.243E-02
0  HORIZONTAL TAIL
   TOTAL THEORITICAL
+                     0.3278E+02    0.203    0.6281E+01    30.000    0.262E+01    0.364E+02    0.280E+01                       
       TOTAL EXPOSED
+                     0.2002E+02    0.256    0.5611E+01    30.000    0.211E+01    0.371E+02    0.400E+01    0.107E-02    0.290E-02
0   VERTICAL TAIL
   TOTAL THEORITICAL
+                     0.2644E+02    0.271    0.1941E+01    35.000    0.410E+01    0.356E+02    0.522E+01                       
       TOTAL EXPOSED
+                     0.2218E+02    0.294    0.1847E+01    35.000    0.381E+01    0.359E+02    0.338E+01      NA           NA  
0*** NA PRINTED WHEN METHOD NOT APPLICABLE
1                             AUTOMATED STABILITY AND CONTROL METHODS PER APRIL 1976 VERSION OF DATCOM
                                             CONFIGURATION AUXILIARY AND PARTIAL OUTPUT
                                        WING-BODY-VERTICAL TAIL-HORIZONTAL TAIL CONFIGURATION
                                                  B738 M072 AILERON FULL AIRCRAFT
 -----------------------  FLIGHT CONDITIONS  ------------------------           --------------  REFERENCE DIMENSIONS  ------------
  MACH    ALTITUDE   VELOCITY    PRESSURE    TEMPERATURE     REYNOLDS             REF.      REFERENCE LENGTH   MOMENT REF. CENTER
 NUMBER                                                       NUMBER              AREA       LONG.     LAT.     HORIZ      VERT
              M        M/SEC      N/ M**2       DEG K         1/ M                M**2         M         M         M         M
0 0.720   11887.20     212.43   1.9746E+04     216.650     4.7230E+06           124.583      3.958    34.315    17.000     0.000
0          CLA-B(W)= 1.801E-02     CLA-W(B)= 1.315E-01     K-B(W)= 1.490E-01     K-W(B)= 1.088E+00     XAC/C-B(W)= 8.728E-01
0          CLA-B(H)= 3.526E-03     CLA-H(B)= 1.560E-02     K-B(H)= 2.760E-01     K-H(B)= 1.221E+00     XAC/C-B(H)= 5.441E-01
1                             AUTOMATED STABILITY AND CONTROL METHODS PER APRIL 1976 VERSION OF DATCOM
                                             CONFIGURATION AUXILIARY AND PARTIAL OUTPUT
                                        WING-BODY-VERTICAL TAIL-HORIZONTAL TAIL CONFIGURATION
                                                  B738 M072 AILERON FULL AIRCRAFT
 -----------------------  FLIGHT CONDITIONS  ------------------------           --------------  REFERENCE DIMENSIONS  ------------
  MACH    ALTITUDE   VELOCITY    PRESSURE    TEMPERATURE     REYNOLDS             REF.      REFERENCE LENGTH   MOMENT REF. CENTER
 NUMBER                                                       NUMBER              AREA       LONG.     LAT.     HORIZ      VERT
              M        M/SEC      N/ M**2       DEG K         1/ M                M**2         M         M         M         M
0 0.720   11887.20     212.43   1.9746E+04     216.650     4.7230E+06           124.583      3.958    34.315    17.000     0.000


                                                      *** WING DATA FAIRING ***
                                       CDL/CL**2 = 0.2206E+00     CLB/CL = 0.5381E-02
            FORCE BREAK MACH NUMBER (ZERO SWEEP) = 0.8130E+00     FORCE BREAK MACH NUMBER (WITH SWEEP) = 0.8391E+00
                      MACH(A) = 0.909     CLA(A) = 0.4679E-01     MACH(B) = 0.979     CLA(B) = 0.1014E+00
                                                (CLB/CL)M=0.6 = 0.5572E-02     (CLB/CL)M=1.4 = 0.1000E-29

                                                  LIFT-CURVE-SLOPE INTERPOLATION TABLE
                                                      MACH               CL-ALPHA
                                                     0.720               0.1209E+00
                                                     0.839               0.1193E+00
                                                     0.909               0.4679E-01
                                                     0.979               0.1014E+00
                                                     1.400               0.9447E-01


                                                   *** WING-BODY DATA FAIRING ***
            CLB/CL =        NaN     (CLB/CL)MFB =-0.1286E-02     (CLB/CL)M=1.4 = 0.1000E-29     (CNA)M=1.4 =        NaN




                                                   *** HORIZONTAL TAIL DATA FAIRING ***
                                       CDL/CL**2 = 0.3107E+00     CLB/CL = 0.9830E-03
            FORCE BREAK MACH NUMBER (ZERO SWEEP) = 0.8039E+00     FORCE BREAK MACH NUMBER (WITH SWEEP) = 0.8351E+00
                      MACH(A) = 0.905     CLA(A) = 0.4538E-02     MACH(B) = 0.975     CLA(B) = 0.1085E-01
                                                (CLB/CL)M=0.6 = 0.1010E-02     (CLB/CL)M=1.4 = 0.1000E-29

                                                  LIFT-CURVE-SLOPE INTERPOLATION TABLE
                                                      MACH               CL-ALPHA
                                                     0.720               0.1278E-01
                                                     0.835               0.1276E-01
                                                     0.905               0.4538E-02
                                                     0.975               0.1085E-01
                                                     1.400               0.9189E-02


                                              *** HORIZONTAL TAIL-BODY DATA FAIRING ***
            CLB/CL =        NaN     (CLB/CL)MFB = 0.3744E-02     (CLB/CL)M=1.4 = 0.1000E-29     (CNA)M=1.4 =        NaN




                                           *** BODY-WING-HORIZONTAL TAIL DATA FAIRING ***
                                                DRAG DIVERGENCE MACH NUMBER = 0.829
                                                      MACH                 CDO
                                                     0.600               0.1806E-01
                                                     0.700               0.1844E-01
                                                     1.100                 Infinity
                                                     1.400                 Infinity
1
1                            AUTOMATED STABILITY AND CONTROL METHODS PER APRIL 1976 VERSION OF DATCOM
                                         CHARACTERISTICS OF HIGH LIFT AND CONTROL DEVICES
                                            WING PLAIN TRAILING-EDGE FLAP CONFIGURATION
                                                  B738 M072 AILERON FULL AIRCRAFT
 -----------------------  FLIGHT CONDITIONS  ------------------------           --------------  REFERENCE DIMENSIONS  ------------
  MACH    ALTITUDE   VELOCITY    PRESSURE    TEMPERATURE     REYNOLDS             REF.      REFERENCE LENGTH   MOMENT REF. CENTER
 NUMBER                                                       NUMBER              AREA       LONG.     LAT.     HORIZ      VERT
              M        M/SEC      N/ M**2       DEG K         1/ M                M**2         M         M         M         M
0 0.720   11887.20     212.43   8.6131E+00     701.946     4.3878E+05           124.583      3.958    34.315    17.000     0.000
0                           ----------YAWING MOMENT COEFFICIENT,CN,DUE TO CONTROL DEFLECTION----------
0(DELTAL-DELTAR)=-40.0       -30.0       -20.0       -10.0         0.0        10.0        20.0        30.0        40.0
0ALPHA
0
  -6.0        -2.932E-03  -2.393E-03  -1.629E-03  -8.144E-04   0.000E+00   8.144E-04   1.629E-03   2.393E-03   2.932E-03
  -4.0        -1.954E-03  -1.595E-03  -1.086E-03  -5.429E-04   0.000E+00   5.429E-04   1.086E-03   1.595E-03   1.954E-03
  -2.0        -9.772E-04  -7.977E-04  -5.429E-04  -2.715E-04   0.000E+00   2.715E-04   5.429E-04   7.977E-04   9.772E-04
   0.0         0.000E+00   0.000E+00   0.000E+00   0.000E+00   0.000E+00   0.000E+00   0.000E+00   0.000E+00   0.000E+00
   2.0         9.772E-04   7.977E-04   5.429E-04   2.715E-04   0.000E+00  -2.715E-04  -5.429E-04  -7.977E-04  -9.772E-04
   4.0         1.954E-03   1.595E-03   1.086E-03   5.429E-04   0.000E+00  -5.429E-04  -1.086E-03  -1.595E-03  -1.954E-03
   6.0         2.932E-03   2.393E-03   1.629E-03   8.144E-04   0.000E+00  -8.144E-04  -1.629E-03  -2.393E-03  -2.932E-03
   8.0         3.909E-03   3.191E-03   2.172E-03   1.086E-03   0.000E+00  -1.086E-03  -2.172E-03  -3.191E-03  -3.909E-03
  10.0         4.886E-03   3.988E-03   2.715E-03   1.357E-03   0.000E+00  -1.357E-03  -2.715E-03  -3.988E-03  -4.886E-03
  12.0         5.863E-03   4.786E-03   3.257E-03   1.629E-03   0.000E+00  -1.629E-03  -3.257E-03  -4.786E-03  -5.863E-03
  14.0         6.841E-03   5.584E-03   3.800E-03   1.900E-03   0.000E+00  -1.900E-03  -3.800E-03  -5.584E-03  -6.841E-03
  16.0         7.818E-03   6.381E-03   4.343E-03   2.172E-03   0.000E+00  -2.172E-03  -4.343E-03  -6.381E-03  -7.818E-03
0
0                                            DELTAL          DELTAR          (CL)ROLL
0
                                             -20.0            20.0           -2.2574E-02
                                             -15.0            15.0           -1.8426E-02
                                             -10.0            10.0           -1.2541E-02
                                              -5.0             5.0           -6.2707E-03
                                               0.0             0.0            0.0000E+00
                                               5.0            -5.0            6.2707E-03
                                              10.0           -10.0            1.2541E-02
                                              15.0           -15.0            1.8426E-02
                                              20.0           -20.0            2.2574E-02
1                               AUTOMATED STABILITY AND CONTROL METHODS PER APRIL 1976 VERSION OF DATCOM
                                         CHARACTERISTICS AT ANGLE OF ATTACK AND IN SIDESLIP
                                        WING-BODY-VERTICAL TAIL-HORIZONTAL TAIL CONFIGURATION
                                                  B738 M072 AILERON FULL AIRCRAFT
 
 -----------------------  FLIGHT CONDITIONS  ------------------------           --------------  REFERENCE DIMENSIONS  ------------
  MACH    ALTITUDE   VELOCITY    PRESSURE    TEMPERATURE     REYNOLDS             REF.      REFERENCE LENGTH   MOMENT REF. CENTER
 NUMBER                                                       NUMBER              AREA       LONG.     LAT.     HORIZ      VERT
              M        M/SEC      N/ M**2       DEG K         1/ M                M**2         M         M         M         M
0 0.720   12496.80     212.43   1.7943E+04     216.650     4.2917E+06           124.583      3.958    34.315    17.000     0.000
0                                                               -------------------DERIVATIVE (PER RADIAN)-------------------
0 ALPHA     CD       CL       CM       CN       CA       XCP        CLA          CMA          CYB          CNB          CLB
0
   -6.0    0.019    NDM       NDM     NDM      NDM        NaN          NaN          NaN      NDM          NDM          NDM 
   -4.0                                                                                                                NDM 
   -2.0                                                                                                                NDM 
    0.0                                                                                                                NDM 
    2.0                                                                                                                NDM 
    4.0                                                                                                                NDM 
    6.0                                                                                                                NDM 
    8.0                                                                                                                NDM 
   10.0                                                                                                                NDM 
   12.0                                                                                                                NDM 
   14.0                                                                                                                NDM 
   16.0                                                                                                                NDM 
0                                    ALPHA     Q/QINF    EPSLON  D(EPSLON)/D(ALPHA)
0
                                     -6.0      0.984      0.000        0.599
                                     -4.0                                  
                                     -2.0                                  
                                      0.0                                  
                                      2.0                                  
                                      4.0                                  
                                      6.0                                  
                                      8.0                                  
                                     10.0                                  
                                     12.0                                  
                                     14.0                                  
                                     16.0                                  
0*** NDM PRINTED WHEN NO DATCOM METHODS EXIST
1                             AUTOMATED STABILITY AND CONTROL METHODS PER APRIL 1976 VERSION OF DATCOM
                                             CONFIGURATION AUXILIARY AND PARTIAL OUTPUT
                                        WING-BODY-VERTICAL TAIL-HORIZONTAL TAIL CONFIGURATION
                                                  B738 M072 AILERON FULL AIRCRAFT
 -----------------------  FLIGHT CONDITIONS  ------------------------           --------------  REFERENCE DIMENSIONS  ------------
  MACH    ALTITUDE   VELOCITY    PRESSURE    TEMPERATURE     REYNOLDS             REF.      REFERENCE LENGTH   MOMENT REF. CENTER
 NUMBER                                                       NUMBER              AREA       LONG.     LAT.     HORIZ      VERT
              M        M/SEC      N/ M**2       DEG K         1/ M                M**2         M         M         M         M
0 0.720   12496.80     212.43   1.7943E+04     216.650     4.2917E+06           124.583      3.958    34.315    17.000     0.000


                                                       BASIC BODY PROPERTIES

            WETTED AREA      XCG     ZCG     BASE AREA     ZERO LIFT DRAG   BASE DRAG   FRICTION DRAG   PRESSURE DRAG
             0.3942E+03    17.00    0.00       3.5622        0.8253E-02    0.1737E-02    0.5985E-02      0.5307E-03


                                         XCG RELATIVE TO THEORETICAL LEADING EDGE MAC=  -0.60


                                                       BASIC PLANFORM PROPERTIES

                                    TAPER     ASPECT   QUARTER CHORD             QUARTER CHORD              ZERO LIFT    FRICTION
                         AREA       RATIO      RATIO       SWEEP        MAC        X(MAC)       Y(MAC)        DRAG     COEFFICIENT
0      WING
   TOTAL THEORITICAL
+                     0.2280E+03    0.159    0.5164E+01    25.020    0.678E+01    0.193E+02    0.797E+01                       
       TOTAL EXPOSED
+                     0.1989E+03    0.164    0.4695E+01    25.020    0.664E+01    0.198E+02    0.900E+01    0.899E-02    0.246E-02
0  HORIZONTAL TAIL
   TOTAL THEORITICAL
+                     0.3278E+02    0.203    0.6281E+01    30.000    0.262E+01    0.364E+02    0.280E+01                       
       TOTAL EXPOSED
+                     0.2002E+02    0.256    0.5611E+01    30.000    0.211E+01    0.371E+02    0.400E+01    0.108E-02    0.294E-02
0   VERTICAL TAIL
   TOTAL THEORITICAL
+                     0.2644E+02    0.271    0.1941E+01    35.000    0.410E+01    0.356E+02    0.522E+01                       
       TOTAL EXPOSED
+                     0.2218E+02    0.294    0.1847E+01    35.000    0.381E+01    0.359E+02    0.338E+01      NA           NA  
0*** NA PRINTED WHEN METHOD NOT APPLICABLE
1                             AUTOMATED STABILITY AND CONTROL METHODS PER APRIL 1976 VERSION OF DATCOM
                                             CONFIGURATION AUXILIARY AND PARTIAL OUTPUT
                                        WING-BODY-VERTICAL TAIL-HORIZONTAL TAIL CONFIGURATION
                                                  B738 M072 AILERON FULL AIRCRAFT
 -----------------------  FLIGHT CONDITIONS  ------------------------           --------------  REFERENCE DIMENSIONS  ------------
  MACH    ALTITUDE   VELOCITY    PRESSURE    TEMPERATURE     REYNOLDS             REF.      REFERENCE LENGTH   MOMENT REF. CENTER
 NUMBER                                                       NUMBER              AREA       LONG.     LAT.     HORIZ      VERT
              M        M/SEC      N/ M**2       DEG K         1/ M                M**2         M         M         M         M
0 0.720   12496.80     212.43   1.7943E+04     216.650     4.2917E+06           124.583      3.958    34.315    17.000     0.000
0          CLA-B(W)= 1.801E-02     CLA-W(B)= 1.315E-01     K-B(W)= 1.490E-01     K-W(B)= 1.088E+00     XAC/C-B(W)= 8.728E-01
0          CLA-B(H)= 3.526E-03     CLA-H(B)= 1.560E-02     K-B(H)= 2.760E-01     K-H(B)= 1.221E+00     XAC/C-B(H)= 5.441E-01
1                             AUTOMATED STABILITY AND CONTROL METHODS PER APRIL 1976 VERSION OF DATCOM
                                             CONFIGURATION AUXILIARY AND PARTIAL OUTPUT
                                        WING-BODY-VERTICAL TAIL-HORIZONTAL TAIL CONFIGURATION
                                                  B738 M072 AILERON FULL AIRCRAFT
 -----------------------  FLIGHT CONDITIONS  ------------------------           --------------  REFERENCE DIMENSIONS  ------------
  MACH    ALTITUDE   VELOCITY    PRESSURE    TEMPERATURE     REYNOLDS             REF.      REFERENCE LENGTH   MOMENT REF. CENTER
 NUMBER                                                       NUMBER              AREA       LONG.     LAT.     HORIZ      VERT
              M        M/SEC      N/ M**2       DEG K         1/ M                M**2         M         M         M         M
0 0.720   12496.80     212.43   1.7943E+04     216.650     4.2917E+06           124.583      3.958    34.315    17.000     0.000


                                                      *** WING DATA FAIRING ***
                                       CDL/CL**2 = 0.2206E+00     CLB/CL = 0.5381E-02
            FORCE BREAK MACH NUMBER (ZERO SWEEP) = 0.8130E+00     FORCE BREAK MACH NUMBER (WITH SWEEP) = 0.8391E+00
                      MACH(A) = 0.909     CLA(A) = 0.4679E-01     MACH(B) = 0.979     CLA(B) = 0.1014E+00
                                                (CLB/CL)M=0.6 = 0.5572E-02     (CLB/CL)M=1.4 = 0.1000E-29

                                                  LIFT-CURVE-SLOPE INTERPOLATION TABLE
                                                      MACH               CL-ALPHA
                                                     0.720               0.1209E+00
                                                     0.839               0.1193E+00
                                                     0.909               0.4679E-01
                                                     0.979               0.1014E+00
                                                     1.400               0.9447E-01


                                                   *** WING-BODY DATA FAIRING ***
            CLB/CL =        NaN     (CLB/CL)MFB =-0.1286E-02     (CLB/CL)M=1.4 = 0.1000E-29     (CNA)M=1.4 =        NaN




                                                   *** HORIZONTAL TAIL DATA FAIRING ***
                                       CDL/CL**2 = 0.3107E+00     CLB/CL = 0.9830E-03
            FORCE BREAK MACH NUMBER (ZERO SWEEP) = 0.8039E+00     FORCE BREAK MACH NUMBER (WITH SWEEP) = 0.8351E+00
                      MACH(A) = 0.905     CLA(A) = 0.4538E-02     MACH(B) = 0.975     CLA(B) = 0.1085E-01
                                                (CLB/CL)M=0.6 = 0.1010E-02     (CLB/CL)M=1.4 = 0.1000E-29

                                                  LIFT-CURVE-SLOPE INTERPOLATION TABLE
                                                      MACH               CL-ALPHA
                                                     0.720               0.1278E-01
                                                     0.835               0.1276E-01
                                                     0.905               0.4538E-02
                                                     0.975               0.1085E-01
                                                     1.400               0.9189E-02


                                              *** HORIZONTAL TAIL-BODY DATA FAIRING ***
            CLB/CL =        NaN     (CLB/CL)MFB = 0.3744E-02     (CLB/CL)M=1.4 = 0.1000E-29     (CNA)M=1.4 =        NaN




                                           *** BODY-WING-HORIZONTAL TAIL DATA FAIRING ***
                                                DRAG DIVERGENCE MACH NUMBER = 0.829
                                                      MACH                 CDO
                                                     0.600               0.1806E-01
                                                     0.700               0.1844E-01
                                                     1.100                 Infinity
                                                     1.400                 Infinity
1
1                            AUTOMATED STABILITY AND CONTROL METHODS PER APRIL 1976 VERSION OF DATCOM
                                         CHARACTERISTICS OF HIGH LIFT AND CONTROL DEVICES
                                            WING PLAIN TRAILING-EDGE FLAP CONFIGURATION
                                                  B738 M072 AILERON FULL AIRCRAFT
 -----------------------  FLIGHT CONDITIONS  ------------------------           --------------  REFERENCE DIMENSIONS  ------------
  MACH    ALTITUDE   VELOCITY    PRESSURE    TEMPERATURE     REYNOLDS             REF.      REFERENCE LENGTH   MOMENT REF. CENTER
 NUMBER                                                       NUMBER              AREA       LONG.     LAT.     HORIZ      VERT
              M        M/SEC      N/ M**2       DEG K         1/ M                M**2         M         M         M         M
0 0.720   12496.80     212.43   7.8266E+00     701.946     3.9871E+05           124.583      3.958    34.315    17.000     0.000
0                           ----------YAWING MOMENT COEFFICIENT,CN,DUE TO CONTROL DEFLECTION----------
0(DELTAL-DELTAR)=-40.0       -30.0       -20.0       -10.0         0.0        10.0        20.0        30.0        40.0
0ALPHA
0
  -6.0        -2.930E-03  -2.392E-03  -1.628E-03  -8.139E-04   0.000E+00   8.139E-04   1.628E-03   2.392E-03   2.930E-03
  -4.0        -1.953E-03  -1.594E-03  -1.085E-03  -5.426E-04   0.000E+00   5.426E-04   1.085E-03   1.594E-03   1.953E-03
  -2.0        -9.767E-04  -7.972E-04  -5.426E-04  -2.713E-04   0.000E+00   2.713E-04   5.426E-04   7.972E-04   9.767E-04
   0.0         0.000E+00   0.000E+00   0.000E+00   0.000E+00   0.000E+00   0.000E+00   0.000E+00   0.000E+00   0.000E+00
   2.0         9.767E-04   7.972E-04   5.426E-04   2.713E-04   0.000E+00  -2.713E-04  -5.426E-04  -7.972E-04  -9.767E-04
   4.0         1.953E-03   1.594E-03   1.085E-03   5.426E-04   0.000E+00  -5.426E-04  -1.085E-03  -1.594E-03  -1.953E-03
   6.0         2.930E-03   2.392E-03   1.628E-03   8.139E-04   0.000E+00  -8.139E-04  -1.628E-03  -2.392E-03  -2.930E-03
   8.0         3.907E-03   3.189E-03   2.170E-03   1.085E-03   0.000E+00  -1.085E-03  -2.170E-03  -3.189E-03  -3.907E-03
  10.0         4.884E-03   3.986E-03   2.713E-03   1.357E-03   0.000E+00  -1.357E-03  -2.713E-03  -3.986E-03  -4.884E-03
  12.0         5.860E-03   4.783E-03   3.256E-03   1.628E-03   0.000E+00  -1.628E-03  -3.256E-03  -4.783E-03  -5.860E-03
  14.0         6.837E-03   5.581E-03   3.798E-03   1.899E-03   0.000E+00  -1.899E-03  -3.798E-03  -5.581E-03  -6.837E-03
  16.0         7.814E-03   6.378E-03   4.341E-03   2.170E-03   0.000E+00  -2.170E-03  -4.341E-03  -6.378E-03  -7.814E-03
0
0                                            DELTAL          DELTAR          (CL)ROLL
0
                                             -20.0            20.0           -2.2563E-02
                                             -15.0            15.0           -1.8417E-02
                                             -10.0            10.0           -1.2535E-02
                                              -5.0             5.0           -6.2674E-03
                                               0.0             0.0            0.0000E+00
                                               5.0            -5.0            6.2674E-03
                                              10.0           -10.0            1.2535E-02
                                              15.0           -15.0            1.8417E-02
                                              20.0           -20.0            2.2563E-02
 Return to main program from M57O71
1          THE FOLLOWING IS A LIST OF ALL INPUT CARDS FOR THIS CASE.
0
1 END OF JOB.
